volume_name,pair_id,role,kernel_normalized,kernel_raw,sha256,size_bytes,chunk,session_id
valid_1004_a_1.nii.gz,p001,softer,Br40f,"['Br40f', '3']",b058a53eff9f226dbff9725fade98fde412ac56e78a976e404e5c77e8e84f7bd,151159501,chunk_01,20260815T180544Z-f80be290
valid_1004_a_2.nii.gz,p001,sharper,Br60f,"['Br60f', '3']",dd581f82142646a4ad616cfc6f6b4a6ce8a058f029d47cff04004f1fc7bc2751,169076848,chunk_01,20260815T180544Z-f80be290
valid_100_a_1.nii.gz,p002,softer,Br40f,"['Br40f', '3']",8c15f10eb5f0a40212c55e71cfeb208f807ce791fd3cd555bee0854525c8f7f5,172856568,chunk_01,20260815T180544Z-f80be290
valid_100_a_2.nii.gz,p002,sharper,Br60f,"['Br60f', '3']",8b0a0b89486231716c29b7fd65cd9fc47ddd643f7338d8355c8d71b56f547c06,193535274,chunk_01,20260815T180544Z-f80be290
valid_1016_c_1.nii.gz,p003,softer,Br40f,"['Br40f', '3']",0822655925702630f38d8a9ed1a97ebcb8d8371a54b427c93dfdff3f79d28320,147454311,chunk_01,20260815T180544Z-f80be290
valid_1016_c_2.nii.gz,p003,sharper,Br60f,"['Br60f', '3']",c4c5f246d659a3ef030d740c3d91fda0ae9e90aeed28b086aa9696a8dbf2422e,166552308,chunk_01,20260815T180544Z-f80be290
valid_1016_d_1.nii.gz,p004,softer,Br40f,"['Br40f', '3']",932d9eebf16f10b14656b3d1ec33ddab2ae461b8b4e8f5bada3baf9c44b455c1,137270317,chunk_01,20260815T180544Z-f80be290
valid_1016_d_2.nii.gz,p004,sharper,Br60f,"['Br60f', '3']",e1bf2196554873c3b3fdd1c95f51dcde05ada86075a2ceda522887b052d06b14,155749335,chunk_01,20260815T180544Z-f80be290
valid_1016_e_1.nii.gz,p005,softer,Br40f,"['Br40f', '3']",dbae387da16be4ba7b72a9a3dad38b689434c50b7886eb4ae276d02c2182e8d0,136979026,chunk_01,20260815T180544Z-f80be290
valid_1016_e_2.nii.gz,p005,sharper,Br60f,"['Br60f', '3']",3337b4e73e57d3975998014f36b2e76dd2f2a764750e90bf97a8ef3a0d45e868,154359864,chunk_01,20260815T180544Z-f80be290
valid_1016_f_1.nii.gz,p006,softer,Br40f,"['Br40f', '3']",f8d086be5d3faf658c0e32d89654a39e091d7077d1a564ac1538bc79ab558838,138839871,chunk_01,20260815T180544Z-f80be290
valid_1016_f_2.nii.gz,p006,sharper,Br60f,"['Br60f', '3']",bb8de315d523ac3ae235b858c30ee45a565e12bb7c9eda9a5ce86eabd71e570b,157764004,chunk_01,20260815T180544Z-f80be290
valid_101_b_1.nii.gz,p007,softer,Br40f,"['Br40f', '3']",8266feab511c6138c0028122e1ad2eddf1ed935386b56363410864beafb4d91e,149037499,chunk_01,20260815T180544Z-f80be290
valid_101_b_2.nii.gz,p007,sharper,Br60f,"['Br60f', '3']",4a233e76b139b01dbe50c40cf4938889e7b54521d7e8ac2ca9d6f2b86055c3f0,169667960,chunk_01,20260815T180544Z-f80be290
valid_1021_a_1.nii.gz,p008,softer,Br40f,"['Br40f', '3']",491b92bcf0e9e9bb9f11d1e8d746bb75c1a57994ecb8ed60279b9bd44e4101d2,143338434,chunk_01,20260815T180544Z-f80be290
valid_1021_a_2.nii.gz,p008,sharper,Br60f,"['Br60f', '3']",a01c18daa6bc891b1a67ddb56489b714f85c2c7dc0f8b434bc2d27aa4d6a79b1,163293741,chunk_01,20260815T180544Z-f80be290
valid_1025_b_1.nii.gz,p009,softer,Br40f,"['Br40f', '3']",1744bf5984bd9618b14bb15db87e0cda3bbe1d8327b3e9988ccb5a08e701e014,173671734,chunk_01,20260815T180544Z-f80be290
valid_1025_b_2.nii.gz,p009,sharper,Br60f,"['Br60f', '3']",c3962120a3b6d411d1a424a36389748bdc8bba374eb411ffe4d696065861abd5,199243139,chunk_01,20260815T180544Z-f80be290
valid_1040_a_1.nii.gz,p010,softer,Br40f,"['Br40f', '3']",581734d9a7c4ab4d8781cc94ebb4d632bea2ad1aeaa4b4d5372a826033e6037b,170506271,chunk_01,20260815T180544Z-f80be290
valid_1040_a_2.nii.gz,p010,sharper,Br60f,"['Br60f', '3']",583837e1471404dfcb0fe3504f0abf40ca956427cb3e513ec910a4037874a9cb,194451448,chunk_01,20260815T180544Z-f80be290
valid_1043_a_1.nii.gz,p011,softer,Br40f,"['Br40f', '3']",1c1a35f5c7e5a0d245299d8c8eb6e07f042466912e22292ea34639c962aee67b,154448433,chunk_01,20260815T180544Z-f80be290
valid_1043_a_2.nii.gz,p011,sharper,Br60f,"['Br60f', '3']",c3cb021d8d88bc0cd3481355d6ec60171f024e2b39c7fd9b1f7d3c77b544c097,173199037,chunk_01,20260815T180544Z-f80be290
valid_1055_a_1.nii.gz,p012,softer,Br40f,"['Br40f', '3']",d1777b2d2aba17ad24c2c58fdfe293ab1b5d08071382761bda5fb787fe08ccf4,182552623,chunk_01,20260815T180544Z-f80be290
valid_1055_a_2.nii.gz,p012,sharper,Br60f,"['Br60f', '3']",9e57d94243b4a9572a205d0545bec1620a2371858f0af1fb6f080072ca042f9b,206883146,chunk_01,20260815T180544Z-f80be290
valid_1060_a_1.nii.gz,p013,softer,Br40f,"['Br40f', '3']",67721d0031729da213ffc6d7cb76f26b7c640046a45a07d93a4639d5f970ae93,155934960,chunk_01,20260815T180544Z-f80be290
valid_1060_a_2.nii.gz,p013,sharper,Br60f,"['Br60f', '3']",01e63886417c721d116484575fad1f3054f1cbc81ea7db5353f5a621f53dcfbc,176442054,chunk_01,20260815T180544Z-f80be290
valid_1062_a_1.nii.gz,p014,softer,Br40f,"['Br40f', '3']",4eebe6c82d6494a8d86955f5eddefb2ae7f317d19735d8f1efc4d994e90123e4,128151411,chunk_01,20260815T180544Z-f80be290
valid_1062_a_2.nii.gz,p014,sharper,Br60f,"['Br60f', '3']",bf8c2bd94a2e71c0949695146778491e3c2ecadc0e9babf4eb6bc82375b3590f,147148023,chunk_01,20260815T180544Z-f80be290
valid_1065_a_1.nii.gz,p015,softer,Br40f,"['Br40f', '3']",710fca0232a57f2844713d88799d14e467aaff1283bc56866bb7501a370ed68d,157712715,chunk_01,20260815T180544Z-f80be290
valid_1065_a_2.nii.gz,p015,sharper,Br60f,"['Br60f', '3']",3ca21c1f105b720e55a94d04e005e5ad3684c8e29943a8668c9e742de021808e,176722860,chunk_01,20260815T180544Z-f80be290
valid_1069_b_1.nii.gz,p016,softer,Br40f,"['Br40f', '3']",3f22543e04c45e48e7a2e3dd962eb9f9e32b16a272aa89f84caf187746296449,131165553,chunk_01,20260815T180544Z-f80be290
valid_1069_b_2.nii.gz,p016,sharper,Br60f,"['Br60f', '3']",a0abb7124f236bd0a38c4672a6c65ba88145a5800516c0db96610b353dc7fca4,148115571,chunk_01,20260815T180544Z-f80be290
valid_1070_a_1.nii.gz,p017,softer,Br40f,"['Br40f', '3']",383cfa6a7b2a102e7a6bb412b56e7bf0436ae2b8e4533bcb256a0781c9ccaaa6,137449442,chunk_01,20260815T180544Z-f80be290
valid_1070_a_2.nii.gz,p017,sharper,Br60f,"['Br60f', '3']",eb57dfbcbac6745055269321df9849e5535a1b0dcd22a09d935fe9f4164ba9d4,156485560,chunk_01,20260815T180544Z-f80be290
valid_1081_b_1.nii.gz,p018,softer,Br40f,"['Br40f', '3']",cf656a11ac0a49b51a0619676b1f2d97fd2ba9ff02ef59ca99dc5fae6ee502fa,165715608,chunk_01,20260815T180544Z-f80be290
valid_1081_b_2.nii.gz,p018,sharper,Br60f,"['Br60f', '3']",699b25cf0fde077d8f7abe4e88975d3c3c9155e5f3a73826bc28ba46ca10b9e3,188454629,chunk_01,20260815T180544Z-f80be290
valid_1082_a_1.nii.gz,p019,softer,Br40f,"['Br40f', '3']",8c198e1e95f48394846fdba13414a719e3688b5bc7c0a7afd013db0f02cf72f8,142717016,chunk_01,20260815T180544Z-f80be290
valid_1082_a_2.nii.gz,p019,sharper,Br60f,"['Br60f', '3']",29ebf73dbb3b9840ca1b6ed6c5009ac05080b0f97c1345c05f3f96472aeae44b,162410072,chunk_01,20260815T180544Z-f80be290
valid_1088_a_1.nii.gz,p020,softer,Br40f,"['Br40f', '3']",c95f5e8325e41abff4e13ac57d870316dcc17f029694e9b9e9437097cf9f67be,156111153,chunk_01,20260815T180544Z-f80be290
valid_1088_a_2.nii.gz,p020,sharper,Br60f,"['Br60f', '3']",c1e279aad7888665cdace7eac6977b80dcef55193ff7a9ae3e25a953287f3bde,177847750,chunk_01,20260815T180544Z-f80be290
valid_1091_a_1.nii.gz,p021,softer,Br40f,"['Br40f', '3']",a4b8ca5d86ff0472b93d97a641f8daa7969179f2022278ed904297ec49653e50,174068042,chunk_01,20260815T180544Z-f80be290
valid_1091_a_2.nii.gz,p021,sharper,Br60f,"['Br60f', '3']",d9abc50310c4c1a83b8796632093048718866f37b41b41234b18cab718e7f4cb,197921350,chunk_01,20260815T180544Z-f80be290
valid_1094_a_1.nii.gz,p022,softer,Br40f,"['Br40f', '3']",7c5a5c4735ab2f9326c23809184f265ad3cd4351577da027945e79a914a5a215,154387136,chunk_01,20260815T180544Z-f80be290
valid_1094_a_2.nii.gz,p022,sharper,Br60f,"['Br60f', '3']",43355b509f2064db6cfa432881cd8e2237e1b4f39c896bbf154109b7dfc4d4cc,173369559,chunk_01,20260815T180544Z-f80be290
valid_1097_b_1.nii.gz,p023,softer,Br40f,"['Br40f', '3']",859bcc6d1e2f75c5db185651d32f85d304251c8026824a85204bad995083496f,138445634,chunk_01,20260815T180544Z-f80be290
valid_1097_b_2.nii.gz,p023,sharper,Br60f,"['Br60f', '3']",c0958b966797310d8a6d3c2c67bd8a42998fd395f379c7e55f09e13f78dc57fc,156372977,chunk_01,20260815T180544Z-f80be290
valid_1100_a_1.nii.gz,p024,softer,Br40f,"['Br40f', '3']",db889b5cae5dbb657e6c7b5d2957152f2f1cbe8ce99c67029ed764292c094af3,178128651,chunk_01,20260815T180544Z-f80be290
valid_1100_a_2.nii.gz,p024,sharper,Br60f,"['Br60f', '3']",75be6a1d913063c9f795c19151a97fb0de5a6779e5150dae65e684306238d3bb,203150136,chunk_01,20260815T180544Z-f80be290
valid_1119_a_1.nii.gz,p025,softer,Br40f,"['Br40f', '3']",a0e3265eda65fd905c11ad569fbea706780c1174a1c7127e1f4f55ca35f4fb4a,144404149,chunk_01,20260815T180544Z-f80be290
valid_1119_a_2.nii.gz,p025,sharper,Br60f,"['Br60f', '3']",4af080d9a015496de0e4473cfc10d944b2c5f1e62a5e2048bcaa41348aa1899d,164500987,chunk_01,20260815T180544Z-f80be290
valid_1121_a_1.nii.gz,p026,softer,Br40f,"['Br40f', '3']",60ce4439c20e2eac632f3c64bac6e90eb19af8b6c7c18aaf7c27d19a2eb92595,141633212,chunk_02,20260815T180544Z-f80be290
valid_1121_a_2.nii.gz,p026,sharper,Br60f,"['Br60f', '3']",53dc90dacc425bf418c1123bea0129c93cdd293ca2e4575c606bb258a73c7786,161891953,chunk_02,20260815T180544Z-f80be290
valid_1123_a_1.nii.gz,p027,softer,Br40f,"['Br40f', '3']",00da011f21c9e739943fc5343e13274b5cb083587c52c53948c86d02643ff0d4,142382899,chunk_02,20260815T180544Z-f80be290
valid_1123_a_2.nii.gz,p027,sharper,Br60f,"['Br60f', '3']",2534c04ea2e94bb96dec43c152702343712231ecf206827a2220ae72094916f6,160910582,chunk_02,20260815T180544Z-f80be290
valid_1124_a_1.nii.gz,p028,softer,Br40f,"['Br40f', '3']",f1312567b0e7f850fc310de784fac057caa4f53f7c78a7c4c7bdf460a10c5144,189612974,chunk_02,20260815T180544Z-f80be290
valid_1124_a_2.nii.gz,p028,sharper,Br60f,"['Br60f', '3']",08128297cfdc17c2f5954be1b7445bc76d6380aa4496e6bb47e12b811444f4ee,214306432,chunk_02,20260815T180544Z-f80be290
valid_1131_b_1.nii.gz,p029,softer,Br40f,"['Br40f', '3']",473f6936860eeaa1cac1d763dafa35ae7cd6b018fc00be0bb909a23c65f6bebf,141565704,chunk_02,20260815T180544Z-f80be290
valid_1131_b_2.nii.gz,p029,sharper,Br60f,"['Br60f', '3']",b133e29fe7c2816979cd84d8c638d9b87409099efffaa2e40c39508cd8b8a949,159886549,chunk_02,20260815T180544Z-f80be290
valid_1132_a_1.nii.gz,p030,softer,Br40f,"['Br40f', '3']",539accf343abeea4d8c35c8a4e6d9f7a83a4bf7d1cb1ff357be7574f23f7720f,170130521,chunk_02,20260815T180544Z-f80be290
valid_1132_a_2.nii.gz,p030,sharper,Br60f,"['Br60f', '3']",ae9031b60b99f445cba239077492ee7b995c73378a6d61e244f16d2789bb810d,193364037,chunk_02,20260815T180544Z-f80be290
valid_1140_a_1.nii.gz,p031,softer,Br40f,"['Br40f', '3']",b1b89f2583185615732cc3926d9a5226f75afe8d9426c60e137b93d1137de730,146055855,chunk_02,20260815T180544Z-f80be290
valid_1140_a_2.nii.gz,p031,sharper,Br60f,"['Br60f', '3']",39ca3c95755e23b4ffa1fc8bfc305a5f82739c4b63b6d36418f493a968969813,163323269,chunk_02,20260815T180544Z-f80be290
valid_1145_a_1.nii.gz,p032,softer,Br40f,"['Br40f', '3']",9579b84eb281d32ee6f30f2d2dcafc18d31ffcd7f868d0977f2e6a974403ec37,148957734,chunk_02,20260815T180544Z-f80be290
valid_1145_a_2.nii.gz,p032,sharper,Br60f,"['Br60f', '3']",06e5a909830fe0ddb68e60a93b93827eaa2cb973080e0d7316fddb8841e7a466,169660172,chunk_02,20260815T180544Z-f80be290
valid_1148_a_1.nii.gz,p033,softer,Br40f,"['Br40f', '3']",c6d6c7cdbbf6be49d39364a28e100e1a5df32c4d780d3c502d834774a363a983,165068452,chunk_02,20260815T180544Z-f80be290
valid_1148_a_2.nii.gz,p033,sharper,Br60f,"['Br60f', '3']",b4d12878623c1327925a5ed9d1d573e77360fcc9b1112571baa37c1074f58306,187072303,chunk_02,20260815T180544Z-f80be290
valid_1151_a_1.nii.gz,p034,softer,Br40f,"['Br40f', '3']",8231a724d22719e761eb26719040deb3f3accc27d5e4789f5510a68e1cff8d43,126951814,chunk_02,20260815T180544Z-f80be290
valid_1151_a_2.nii.gz,p034,sharper,Br60f,"['Br60f', '3']",0132560d251c50d8c055bc6fbf93e5b6d30d5eb027e6bc640c998e30032d5bd0,144660686,chunk_02,20260815T180544Z-f80be290
valid_1165_a_1.nii.gz,p035,softer,Br40f,"['Br40f', '3']",4b091a3907dcac9a8a03e30ce2bd63e49d536ef903acffe1c765fe768cb8c651,150221987,chunk_02,20260815T180544Z-f80be290
valid_1165_a_2.nii.gz,p035,sharper,Br60f,"['Br60f', '3']",249edcf1b92e7143098f5c6e6c6abe549a50329c4b719ebe54a9ad319d020b66,171787964,chunk_02,20260815T180544Z-f80be290
valid_1167_a_1.nii.gz,p036,softer,Br40f,"['Br40f', '3']",5d759ec0649d418e80c6c99d86679cc2ddef086717206a6e12007260221c395f,161652351,chunk_02,20260815T180544Z-f80be290
valid_1167_a_2.nii.gz,p036,sharper,Br60f,"['Br60f', '3']",e12e5a2eb7592d0e0514109d38d6939f9d276f814e4906e20f7debaa86ff1e18,184156815,chunk_02,20260815T180544Z-f80be290
valid_1169_a_1.nii.gz,p037,softer,Br40f,"['Br40f', '3']",ae065b513abf0190eb6b2118547cc80d708613a48053a974cb7e3b6c8090e93c,119730252,chunk_02,20260815T180544Z-f80be290
valid_1169_a_2.nii.gz,p037,sharper,Br60f,"['Br60f', '3']",8ab81b0a52c22e4be56fe791ec34f896bb1c0e7a90b4660a875000462e55291d,136916635,chunk_02,20260815T180544Z-f80be290
valid_1170_c_1.nii.gz,p038,softer,Br40f,"['Br40f', '3']",fdd51e391957326160262bd8c65cef38436ffc0b325869f00f73c772066166a8,122503089,chunk_02,20260815T180544Z-f80be290
valid_1170_c_2.nii.gz,p038,sharper,Br60f,"['Br60f', '3']",9791d9a14a120fce9d729e4e10c1a994ee9f4b14bbc735f0226113d7fe6dc49f,137503161,chunk_02,20260815T180544Z-f80be290
valid_1174_a_1.nii.gz,p039,softer,Br40f,"['Br40f', '3']",632f370abefc0e8ea6cf42ba2906ed0d85e7e15ef8576941840327d9cd1f42f6,161008567,chunk_02,20260815T180544Z-f80be290
valid_1174_a_2.nii.gz,p039,sharper,Br60f,"['Br60f', '3']",a62e26e12d8e71a7829c1dbe522fd11d702f220eb98c314a109444da404fd19a,181885146,chunk_02,20260815T180544Z-f80be290
valid_1178_a_1.nii.gz,p040,softer,Br40f,"['Br40f', '3']",761a3d367e859ac549a28cd687a4e05a41e89445c08b2f18f795b79ce8acf68f,137088133,chunk_02,20260815T180544Z-f80be290
valid_1178_a_2.nii.gz,p040,sharper,Br60f,"['Br60f', '3']",9eb4f3fa1102e81373b8ab7c79e01e0ac7442cff4dc7566a767c24ed9c77a707,155896992,chunk_02,20260815T180544Z-f80be290
valid_1192_a_1.nii.gz,p041,softer,Br40f,"['Br40f', '3']",2fd08e74de26ae6f50a886acfd636feaaa776dba8765868c0f2af691f085d027,145287513,chunk_02,20260815T180544Z-f80be290
valid_1192_a_2.nii.gz,p041,sharper,Br60f,"['Br60f', '3']",57718245c060bbd01bae9808797d0c4303c99b41db8718f58cf663e391b6a233,165962922,chunk_02,20260815T180544Z-f80be290
valid_1192_b_1.nii.gz,p042,softer,Br40f,"['Br40f', '3']",30757ea49a606b322446dba50c76bfabbba04abbdd68c84e2cc8c452b2d6f335,101153661,chunk_02,20260815T180544Z-f80be290
valid_1192_b_2.nii.gz,p042,sharper,Br60f,"['Br60f', '3']",fd45e5847b31f575606505fd91f0476bd595090e0d0305a90ce2cea6df900133,116383118,chunk_02,20260815T180544Z-f80be290
valid_1196_a_1.nii.gz,p043,softer,Br40f,"['Br40f', '3']",d46e9f20089d66f39dbbd860d91f5c65934b970576ea36cbe61d48b3d2bbed63,148309559,chunk_02,20260815T180544Z-f80be290
valid_1196_a_2.nii.gz,p043,sharper,Br60f,"['Br60f', '3']",fb43465e447f45c2c2310c05c13696378ecb16bf76643a43f889beffb7b8c4cc,168446989,chunk_02,20260815T180544Z-f80be290
valid_120_a_1.nii.gz,p044,softer,Br40f,"['Br40f', '3']",a9ae8153758979b2f08e17e524f493948d7887ec7d2f7055271a517c620c8b16,159014181,chunk_02,20260815T180544Z-f80be290
valid_120_a_2.nii.gz,p044,sharper,Br60f,"['Br60f', '3']",7bcb5096c7fb3042ee293d8e7430fd35d5c5255abe7c100ec5f45fa4dd68401c,179386988,chunk_02,20260815T180544Z-f80be290
valid_1213_a_1.nii.gz,p045,softer,Br40f,"['Br40f', '3']",9353f4e3619c02dd0e0f8ce285adef70283c37298dbcac213d3d957ed4a84f2b,147188222,chunk_02,20260815T180544Z-f80be290
valid_1213_a_2.nii.gz,p045,sharper,Br60f,"['Br60f', '3']",8372e77d76d31888cdfa03c1aa51c3d5c4f9eb092c346d607cbb87bdb281323c,167718835,chunk_02,20260815T180544Z-f80be290
valid_1221_a_1.nii.gz,p046,softer,Br40f,"['Br40f', '3']",326b892b9d619fd5ff0a455cd69884f604bf8ddac76b3b53f47b7ede29ee6fe2,138346961,chunk_02,20260815T180544Z-f80be290
valid_1221_a_2.nii.gz,p046,sharper,Br60f,"['Br60f', '3']",90d31c55ae0829887b4a38dd1b7c4f41820581952180582ccd5d73663f51f6f5,157782972,chunk_02,20260815T180544Z-f80be290
valid_1229_a_1.nii.gz,p047,softer,Br40f,"['Br40f', '3']",bde49acbcb6a83cf6677ca1e4c25ab3edd653a6a3c4f07d3f0ea14170ae96e7e,168431561,chunk_02,20260815T180544Z-f80be290
valid_1229_a_2.nii.gz,p047,sharper,Br60f,"['Br60f', '3']",8a57d95c6a2ceda5a2ed5c86288853272da499e8ae4ddc31f688c5078d0846fd,190522262,chunk_02,20260815T180544Z-f80be290
valid_122_a_1.nii.gz,p048,softer,Br40f,"['Br40f', '3']",ceb277f1430cf3498e99e7cb129d409b44d9f2f3e96dd85678c216c6a3eef942,156867415,chunk_02,20260815T180544Z-f80be290
valid_122_a_2.nii.gz,p048,sharper,Br60f,"['Br60f', '3']",b7225cb05355e4314bed6e7918a4c23d4ca0a941ce1ec8bb6ce1876e9e794f5c,178527470,chunk_02,20260815T180544Z-f80be290
valid_1250_a_1.nii.gz,p049,softer,Br40f,"['Br40f', '3']",549efdd02e09ce55498f642f509c4470793dc035541e207733a1644e745a85ff,186352351,chunk_02,20260815T180544Z-f80be290
valid_1250_a_2.nii.gz,p049,sharper,Br60f,"['Br60f', '3']",fa5cb7ad8e63a7c2330aacb396aedf6212ff13fa148cb33cfee87cc4f860bd36,211900930,chunk_02,20260815T180544Z-f80be290
valid_1250_b_1.nii.gz,p050,softer,Br40f,"['Br40f', '3']",2f4763df03fdde2bc2e3d6e3c7820e783a7d1fd639143e4251a848a0fa185341,192481937,chunk_02,20260815T180544Z-f80be290
valid_1250_b_2.nii.gz,p050,sharper,Br60f,"['Br60f', '3']",bfff78ac754441836cf9f15c23425f9d721463c678d3c582ad59b4b30ff412a6,217772269,chunk_02,20260815T180544Z-f80be290
valid_1253_a_1.nii.gz,p051,softer,Br40f,"['Br40f', '3']",1c8eae77e05b847c231fbe9e6cb30d041e2d97d40e8bbaf6ece9adf7f1826b5b,150993504,chunk_03,20260815T180544Z-f80be290
valid_1253_a_2.nii.gz,p051,sharper,Br60f,"['Br60f', '3']",1c0b3b547c6bd79fba509248ae8f62cd1744b953cf3280c413194d90c6b77eae,169672013,chunk_03,20260815T180544Z-f80be290
valid_1256_a_1.nii.gz,p052,softer,Br40f,"['Br40f', '3']",ac40714c943fb70d5676a826a3a59ab6ffa2247f07000a4717f0e772e859cba2,147542973,chunk_03,20260815T180544Z-f80be290
valid_1256_a_2.nii.gz,p052,sharper,Br60f,"['Br60f', '3']",17330fff513c5a7edd7c3a6c9f990ad3f1cf25dd0699cb47fa1c5e384f483251,166867786,chunk_03,20260815T180544Z-f80be290
valid_1259_a_1.nii.gz,p053,softer,Br40f,"['Br40f', '3']",64c63eb241efa3c0ed5c163b84d0bf33433898393c3cc477b439c0c8b357be79,190136965,chunk_03,20260815T180544Z-f80be290
valid_1259_a_2.nii.gz,p053,sharper,Br60f,"['Br60f', '3']",41170d7d8350e5950528593e45ee21ffe6143196a601c4f035fdf00e3b4eb76a,217773673,chunk_03,20260815T180544Z-f80be290
valid_125_a_1.nii.gz,p054,softer,Br40f,"['Br40f', '3']",617d3b586768c57dc1ddccfcf0a70b868b941d11e6f3760a025d33e6eef3d4ef,161928991,chunk_03,20260815T180544Z-f80be290
valid_125_a_2.nii.gz,p054,sharper,Br60f,"['Br60f', '3']",21965a8cc959328a315dce7222a07c28203a7acb9021759dfd9d04c94fd3c672,182708369,chunk_03,20260815T180544Z-f80be290
valid_1272_a_1.nii.gz,p055,softer,Br40f,"['Br40f', '3']",4c80a6d3d107f9585bbec76744de7996a4a850179a4907da316755d92d7679f4,161761407,chunk_03,20260815T180544Z-f80be290
valid_1272_a_2.nii.gz,p055,sharper,Br60f,"['Br60f', '3']",7ddb572d27518e760e68fffd687af697b5a155dfa360c12fddf1d547bbf20bdf,184567258,chunk_03,20260815T180544Z-f80be290
valid_1273_a_1.nii.gz,p056,softer,Br40f,"['Br40f', '3']",57d88277070c573f17f6a07e25b6b4db15ed4118209311a215c27af8b0d2c15d,140710104,chunk_03,20260815T180544Z-f80be290
valid_1273_a_2.nii.gz,p056,sharper,Br60f,"['Br60f', '3']",8db789f2a83cc964d098951e96d79079c12c39f6b20c33bdfecd752d7268ba01,160923791,chunk_03,20260815T180544Z-f80be290
valid_1281_a_1.nii.gz,p057,softer,Br40f,"['Br40f', '3']",b33defb4fa2fb118404008fbc255ab6710f4a801f299c2d46e9e15368ad9ebd2,131401728,chunk_03,20260815T180544Z-f80be290
valid_1281_a_2.nii.gz,p057,sharper,Br60f,"['Br60f', '3']",f919cee81b3aefe34a4885fb373e9a978aebc6061435287d75937429fc822029,148826398,chunk_03,20260815T180544Z-f80be290
valid_1292_a_1.nii.gz,p058,softer,Br40f,"['Br40f', '3']",8a06df5902bdff1bf8be476fddaf0c20bd5853913b01f3ae095aae7e94e910b8,122178065,chunk_03,20260815T180544Z-f80be290
valid_1292_a_2.nii.gz,p058,sharper,Br60f,"['Br60f', '3']",c5f41a903a4659e701078f60daaf47180f901b73147e4f0838d8922a25fde18d,140723641,chunk_03,20260815T180544Z-f80be290
valid_1294_a_1.nii.gz,p059,softer,Br40f,"['Br40f', '3']",fb2872059ec8f34e1a58c3abf8dd1842ad600a3a8d94717d6c3233a0fef05de7,133204225,chunk_03,20260815T180544Z-f80be290
valid_1294_a_2.nii.gz,p059,sharper,Br60f,"['Br60f', '3']",185aff0c31da46892f6073ab1c88d285301675afd660a452a5b90318fb66915c,149886497,chunk_03,20260815T180544Z-f80be290
valid_12_a_1.nii.gz,p060,softer,Br40f,"['Br40f', '3']",68d12b894a17f52ec810bd8b2706fc594cca9efbb8f942e9a42bec748e031244,165564045,chunk_03,20260815T180544Z-f80be290
valid_12_a_2.nii.gz,p060,sharper,Br60f,"['Br60f', '3']",c462f497ffb4ff6f32de374abee92d4a82301ae0c42a5a55d5c8cb88b27936c3,186018181,chunk_03,20260815T180544Z-f80be290
valid_133_a_1.nii.gz,p061,softer,Br40f,"['Br40f', '3']",edd3aa752c24c05c2c09ec0099d231be353ddb6e830f3b07606af4bbab659d8e,165446823,chunk_03,20260815T180544Z-f80be290
valid_133_a_2.nii.gz,p061,sharper,Br60f,"['Br60f', '3']",099f05a5c0d769227821faf8f59e404a6421fb2e979bc64c9c1221995706440f,190113432,chunk_03,20260815T180544Z-f80be290
valid_135_a_1.nii.gz,p062,softer,Br40f,"['Br40f', '3']",a3c55516be9ad7b2dea5e5bcb5fb655b9747a075e17982cee5c7f4df9647cf59,154263439,chunk_03,20260815T180544Z-f80be290
valid_135_a_2.nii.gz,p062,sharper,Br60f,"['Br60f', '3']",de37a89930bdfcb6549c909a3365f00f9f21c72865514048366e126bfa8d4a48,176127471,chunk_03,20260815T180544Z-f80be290
valid_138_a_1.nii.gz,p063,softer,Br40f,"['Br40f', '3']",bbb8f6cd654547bdbf2120a7710bc0e3d7e1f1263cba578de35de73d1820f39a,118011832,chunk_03,20260815T180544Z-f80be290
valid_138_a_2.nii.gz,p063,sharper,Br60f,"['Br60f', '3']",d8bae31f1b04581cc041f62b32134c80c67a06dfe19df8c33c97e68ba7466333,136052271,chunk_03,20260815T180544Z-f80be290
valid_13_a_1.nii.gz,p064,softer,Br40f,"['Br40f', '3']",4d2ea1ecf84cb409d396c79dd8eca215f90d3fdd1c65e8e60739258ed9932ade,168891898,chunk_03,20260815T180544Z-f80be290
valid_13_a_2.nii.gz,p064,sharper,Br60f,"['Br60f', '3']",cfae3b06035f01317870775112073a8793e26131bbdbe98593041862109dbb6e,195993652,chunk_03,20260815T180544Z-f80be290
valid_166_a_1.nii.gz,p065,softer,Br40f,"['Br40f', '3']",6f9fe87ec6e00315638bf6e62d16619eeb1a11535a3d79eef523f3970037ad28,125338320,chunk_03,20260815T180544Z-f80be290
valid_166_a_2.nii.gz,p065,sharper,Br60f,"['Br60f', '3']",2a9b3da283110d4c23dba9cedabb607835c6ca106f4cda4e53812774527aae6e,143986175,chunk_03,20260815T180544Z-f80be290
valid_167_a_1.nii.gz,p066,softer,Br40f,"['Br40f', '3']",3b63d8d249e0f8b918489f0cda7296a59bfb9a340a87b336f44529663568e548,163161687,chunk_03,20260815T180544Z-f80be290
valid_167_a_2.nii.gz,p066,sharper,Br60f,"['Br60f', '3']",f1f1a7b8d3ba388dffc381d389dc52fc3f1c759a652dc78b720526470540d848,183792248,chunk_03,20260815T180544Z-f80be290
valid_16_a_1.nii.gz,p067,softer,Br40f,"['Br40f', '3']",1edc55d10a78cc2820d86221896cf1c405e1d1194aca382711b3f947387ecfe8,151386047,chunk_03,20260815T180544Z-f80be290
valid_16_a_2.nii.gz,p067,sharper,Br60f,"['Br60f', '3']",9686f6d8b3788387adf050f63cd8629f70b4eebec3f29c071332088471ff3ba8,174214686,chunk_03,20260815T180544Z-f80be290
valid_177_a_1.nii.gz,p068,softer,Br40f,"['Br40f', '3']",54721962434e94e3cdf02406456528d4bd43abc8326dc31c39d6b56ce81fcf58,158755764,chunk_03,20260815T180544Z-f80be290
valid_177_a_2.nii.gz,p068,sharper,Br60f,"['Br60f', '3']",4c1389b345f1a4cfc53cb4eb4e61382b54fc48019dc2f08ddb3864c2b54e340d,179747886,chunk_03,20260815T180544Z-f80be290
valid_180_a_1.nii.gz,p069,softer,Br40f,"['Br40f', '3']",ec206ca44be75e1243bd8051f10b06162d44aefc1ede44114611df3ac87f07a3,169456076,chunk_03,20260815T180544Z-f80be290
valid_180_a_2.nii.gz,p069,sharper,Br60f,"['Br60f', '3']",e7c309b39379d292558f8abd3c96640edd5fd8cbab5f22e7182aa1fdf1d9ea5c,190960063,chunk_03,20260815T180544Z-f80be290
valid_180_b_1.nii.gz,p070,softer,Br40f,"['Br40f', '3']",e0fa8a6e2b561785ed5d1e4f2a2977661e33cdac2d17ffc493334fa7e8585f7e,164539788,chunk_03,20260815T180544Z-f80be290
valid_180_b_2.nii.gz,p070,sharper,Br60f,"['Br60f', '3']",ddde545dc82349deeeaf07b4402f7064bfbcaff6082f829578955e0a1b3cc339,185267336,chunk_03,20260815T180544Z-f80be290
valid_209_a_1.nii.gz,p071,softer,Br40f,"['Br40f', '3']",b73be00de3264448008f8317ab20fd352f20cdb80fa30447413d017ae300aca5,154374956,chunk_03,20260815T180544Z-f80be290
valid_209_a_2.nii.gz,p071,sharper,Br60f,"['Br60f', '3']",7fb6a5967da6f9bd5356a0c100b4e65083e1bf746b566ea5d3fdfa8269728cae,174774285,chunk_03,20260815T180544Z-f80be290
valid_213_a_1.nii.gz,p072,softer,Br40f,"['Br40f', '3']",af55deb1b0d572bccc955e3b918de1a817d56e819a6cfc8d777f64c7db9191b2,154313255,chunk_03,20260815T180544Z-f80be290
valid_213_a_2.nii.gz,p072,sharper,Br60f,"['Br60f', '3']",5edfcd2b0b163dc7046abe902259fd5465e1865df8140e25ef868bc1594a36a2,175661880,chunk_03,20260815T180544Z-f80be290
valid_230_a_1.nii.gz,p073,softer,Br40f,"['Br40f', '3']",92d51770a00ad683bba2ba131c48ba4a757d28089c3cadc1fd84dc6615b8388e,178983633,chunk_03,20260815T180544Z-f80be290
valid_230_a_2.nii.gz,p073,sharper,Br60f,"['Br60f', '3']",c19c0067da9ea2c1796a04a62efca75f4f9efacef17b5959fe3cff3658ba175b,203598245,chunk_03,20260815T180544Z-f80be290
valid_234_a_1.nii.gz,p074,softer,Br40f,"['Br40f', '3']",b3979e7f833128ec4ec0133720d898caecf9e6046fc4e0555d09c3e3b154f913,140952617,chunk_03,20260815T180544Z-f80be290
valid_234_a_2.nii.gz,p074,sharper,Br60f,"['Br60f', '3']",66e3a53a6194891c6558d5bee6f58bc7a6adf936437f896735dfa4f000082467,161349821,chunk_03,20260815T180544Z-f80be290
valid_23_a_1.nii.gz,p075,softer,Br40f,"['Br40f', '3']",c7c129cf6a0374108e13d8336a9bdefa9c1be7fb7ef3a0794b9194f9c40e8735,167468988,chunk_03,20260815T180544Z-f80be290
valid_23_a_2.nii.gz,p075,sharper,Br60f,"['Br60f', '3']",9772b65ce650654528e36d487f06a4d49423cf1c00241a123b9e970655aa4579,190828286,chunk_03,20260815T180544Z-f80be290
valid_246_a_1.nii.gz,p076,softer,Br40f,"['Br40f', '3']",62c8e5cb6980bbbfea70422ee76d6a39e2e92563a614028b9381e7fc14dc474c,177130072,chunk_04,20260815T180544Z-f80be290
valid_246_a_2.nii.gz,p076,sharper,Br60f,"['Br60f', '3']",854762f13679b215a9adeff1c131371b3292644391aae86812f9319e39e7b50a,202799182,chunk_04,20260815T180544Z-f80be290
valid_264_a_1.nii.gz,p077,softer,Br40f,"['Br40f', '3']",d6215fcbdbb9251a9e26bc08e5355fabf58edabd1c7d1975d01ca5cf163c8ace,168158190,chunk_04,20260815T180544Z-f80be290
valid_264_a_2.nii.gz,p077,sharper,Br60f,"['Br60f', '3']",3114a1e5c3e06c6a2275843a5b2c84d0fcf12443006040af0e17af4c741854fc,190567432,chunk_04,20260815T180544Z-f80be290
valid_265_a_1.nii.gz,p078,softer,Br40f,"['Br40f', '3']",88cc923ad1869ffce9f15b98d69cc07de6246381b7ec75d6d675689bee173998,139686644,chunk_04,20260815T180544Z-f80be290
valid_265_a_2.nii.gz,p078,sharper,Br60f,"['Br60f', '3']",d10dc4ddfffef4fc1718b848d951d7be882510876acfec98de86e781e289eec2,159049245,chunk_04,20260815T180544Z-f80be290
valid_271_a_1.nii.gz,p079,softer,Br40f,"['Br40f', '3']",2236fbdff5edbb7ed791156a36b3efb205df731265c43915ad8333dc3b00e507,143995123,chunk_04,20260815T180544Z-f80be290
valid_271_a_2.nii.gz,p079,sharper,Br60f,"['Br60f', '3']",913161e480c8b460ef4079cb16104da515f811835143bc35053f5c80e8fff849,164643398,chunk_04,20260815T180544Z-f80be290
valid_278_a_1.nii.gz,p080,softer,Br40f,"['Br40f', '3']",7d8c265767e28c4504d5712706c207f97cd632a8aba2c6b986c7f0440c79dc9d,163811305,chunk_04,20260815T180544Z-f80be290
valid_278_a_2.nii.gz,p080,sharper,Br60f,"['Br60f', '3']",387d2f4903c2124a6914d6397aab189a4e007dc0b35d9c4174e44037fe598942,186480960,chunk_04,20260815T180544Z-f80be290
valid_279_a_1.nii.gz,p081,softer,Br40f,"['Br40f', '3']",d52b83e8ac707d3042f4e603a2891b66d527526e6c2f00bd9a3ead853172ba04,164738663,chunk_04,20260815T180544Z-f80be290
valid_279_a_2.nii.gz,p081,sharper,Br60f,"['Br60f', '3']",bd43e8ca8804d1e473a48ffc45d3d72b0631ff3d40a414dd5afa344890abaf54,186017094,chunk_04,20260815T180544Z-f80be290
valid_284_a_1.nii.gz,p082,softer,Br40f,"['Br40f', '3']",b199503b8bf88c21ef9b147f2048c4d03335b27062cd5d5f9c90f9753100d36c,143587409,chunk_04,20260815T180544Z-f80be290
valid_284_a_2.nii.gz,p082,sharper,Br60f,"['Br60f', '3']",27fa0b5b010288f779ac03aa35c4d0ffd35fbb4f5db0a97050e6b4b67e50e7ab,163562690,chunk_04,20260815T180544Z-f80be290
valid_300_a_1.nii.gz,p083,softer,Br40f,"['Br40f', '3']",eb76c8aa09326b19eaf9847c0c390e2e7146ef707764b286a7ba19ca97b6c793,169543428,chunk_04,20260815T180544Z-f80be290
valid_300_a_2.nii.gz,p083,sharper,Br60f,"['Br60f', '3']",dbb55598d2c54ba4ae34fa8a895b9b5c0f183601a362df9271a507e818ee999a,192040232,chunk_04,20260815T180544Z-f80be290
valid_303_a_1.nii.gz,p084,softer,Br40f,"['Br40f', '3']",c26f835e66f3afca4f65b9e924aa477a386746b92f9dc451dbfffdf919e5de4f,152992511,chunk_04,20260815T180544Z-f80be290
valid_303_a_2.nii.gz,p084,sharper,Br60f,"['Br60f', '3']",b215ba7cbe147f1aa47eb00fe3fb4f4188d7593580e0a74b58a94e8eacfad805,173395919,chunk_04,20260815T180544Z-f80be290
valid_304_a_1.nii.gz,p085,softer,Br40f,"['Br40f', '3']",26ba7cc8d3bbc5a4fcaffbd650aa75f36ae63be5df078c8c215aaaff227d88f7,154401402,chunk_04,20260815T180544Z-f80be290
valid_304_a_2.nii.gz,p085,sharper,Br60f,"['Br60f', '3']",a89ac8601b432d7d26706ebfbbb1aa423c22707369f13f70b75e75486f9d120d,177010189,chunk_04,20260815T180544Z-f80be290
valid_305_a_1.nii.gz,p086,softer,Br40f,"['Br40f', '3']",6f579db34c0cbde14f2060d38d96f8ffd82f109f1fa113d2802bd0941bcc6f53,161760506,chunk_04,20260815T180544Z-f80be290
valid_305_a_2.nii.gz,p086,sharper,Br60f,"['Br60f', '3']",c327b0fbec1b5965a39c960f442f5083651381d12334df23665c7605e917e8bd,183709733,chunk_04,20260815T180544Z-f80be290
valid_306_a_1.nii.gz,p087,softer,Br40f,"['Br40f', '3']",3262c3e9d5c2be4ddee5fb6ec5fcb34967fcff845615307021bbe63bcce8e258,162516092,chunk_04,20260815T180544Z-f80be290
valid_306_a_2.nii.gz,p087,sharper,Br60f,"['Br60f', '3']",3d2dd8e0b5d3b15689e16faa38670874c7e957e60dbfb13fb0889ad86a24960a,182018687,chunk_04,20260815T180544Z-f80be290
valid_320_a_1.nii.gz,p088,softer,Br40f,"['Br40f', '3']",758d537decb2b740f5b32116eb64e366ebd8f8454f125a37a04057186f55fdb6,148146031,chunk_04,20260815T180544Z-f80be290
valid_320_a_2.nii.gz,p088,sharper,Br60f,"['Br60f', '3']",807c42b84c6028ae81a6185d3dfd5b51ce376a18d16864d9616a21965455709e,166396935,chunk_04,20260815T180544Z-f80be290
valid_328_a_1.nii.gz,p089,softer,Br40f,"['Br40f', '3']",6e4d2e933b49b0c2bf8ae52475439fc008751edf78bd4b742b228fed3f32215d,153761838,chunk_04,20260815T180544Z-f80be290
valid_328_a_2.nii.gz,p089,sharper,Br60f,"['Br60f', '3']",18bc2fefba001bdbe4dc276f21bcf3682f45b19babcadb18c30ec2c863ed6deb,173406615,chunk_04,20260815T180544Z-f80be290
valid_329_a_1.nii.gz,p090,softer,Br40f,"['Br40f', '3']",180c0923cf9d5025e7214c576f5d52491ed709b7289c700cc210a7c2881b534b,127236927,chunk_04,20260815T180544Z-f80be290
valid_329_a_2.nii.gz,p090,sharper,Br60f,"['Br60f', '3']",347dc9ab5473a5dc7ba3a50a13cbbf82bc5987c9bf792d9f145f06aea940bed7,147321553,chunk_04,20260815T180544Z-f80be290
valid_331_d_1.nii.gz,p091,softer,Br40f,"['Br40f', '3']",54bd5737c76804961259b5ca986e3a933f22a038c1f08b9c00e7dda9c69c61b9,170659525,chunk_04,20260815T180544Z-f80be290
valid_331_d_2.nii.gz,p091,sharper,Br60f,"['Br60f', '3']",f938686d2ebe76edbeb8102731a371e8959a41aec5110aba2cfaaf712506c929,190517855,chunk_04,20260815T180544Z-f80be290
valid_33_a_1.nii.gz,p092,softer,Br40f,"['Br40f', '3']",aea5daca4b3a7f54acd7db8c723e7860e99bea4e252c775984786da02f2052b2,154825688,chunk_04,20260815T180544Z-f80be290
valid_33_a_2.nii.gz,p092,sharper,Br60f,"['Br60f', '3']",d83e4d40707c7f4af8758d9532f3d84013dde6d198b4116b388501610c2c7d52,177715068,chunk_04,20260815T180544Z-f80be290
valid_349_a_1.nii.gz,p093,softer,Br40f,"['Br40f', '3']",62bc2651e1b94ff0b09ed806b0faa3f3e7cf01cf96e376763b6cfea1252f71bd,130785697,chunk_04,20260815T180544Z-f80be290
valid_349_a_2.nii.gz,p093,sharper,Br60f,"['Br60f', '3']",1266b23009a7cb697336636a7e50d30c6e99948b3c2e4444460d85d62fc0034a,149202928,chunk_04,20260815T180544Z-f80be290
valid_350_a_1.nii.gz,p094,softer,Br40f,"['Br40f', '3']",e73c512d5cae6597760c76cfeaa01f315942fa6e0a8ec01fba8b2591c6f3ed7f,128423446,chunk_04,20260815T180544Z-f80be290
valid_350_a_2.nii.gz,p094,sharper,Br60f,"['Br60f', '3']",9e0749ceff77ba7f9a260db84bc8337d8c5bea0c8b3e6e72c9c43a7f048b61cd,146006898,chunk_04,20260815T180544Z-f80be290
valid_353_a_1.nii.gz,p095,softer,Br40f,"['Br40f', '3']",1ccbcfe6354edb8b755bcde9c6075df503e92754b45b2f9b77af6b08bb81813b,151785414,chunk_04,20260815T180544Z-f80be290
valid_353_a_2.nii.gz,p095,sharper,Br60f,"['Br60f', '3']",d0bba22e2a35a65c3c06e6fdc76321d62eba837702db80eda07e801233305885,171534841,chunk_04,20260815T180544Z-f80be290
valid_373_a_1.nii.gz,p096,softer,Br40f,"['Br40f', '3']",fb6fef9c2cbbbfc7c695a87a5f076180a6630d3ff2a5f9e93776c5bd5aa12157,160078356,chunk_04,20260815T180544Z-f80be290
valid_373_a_2.nii.gz,p096,sharper,Br60f,"['Br60f', '3']",12979e824dc1fee6cf5b8a4b38e1a731fdf434fd2e359cc6b8f79313d7f98d56,182043624,chunk_04,20260815T180544Z-f80be290
valid_373_b_1.nii.gz,p097,softer,Br40f,"['Br40f', '3']",1d1567396898c24ed29774a264b4955e3bcee4c7e1bf335d87871ee179dec907,159286373,chunk_04,20260815T180544Z-f80be290
valid_373_b_2.nii.gz,p097,sharper,Br60f,"['Br60f', '3']",b5f305b5d0acbfdd0bae1fe6f4df1208ca75a4c65a61f2902ecba7dae265ff75,178592831,chunk_04,20260815T180544Z-f80be290
valid_388_b_1.nii.gz,p098,softer,Br40f,"['Br40f', '3']",341c7bcefe2d2ee87ac2d30c3a6b14969269e8e47fd47cf8f6b087231b799b6f,127765207,chunk_04,20260815T180544Z-f80be290
valid_388_b_2.nii.gz,p098,sharper,Br60f,"['Br60f', '3']",d050d708c800e22dbf738cb0f6a022bd206cee955443fd88b6179f4c0d1ce906,145425312,chunk_04,20260815T180544Z-f80be290
valid_394_a_1.nii.gz,p099,softer,Br40f,"['Br40f', '3']",e8445cc123f39a728c27325ed3a75225a5f38816a0d995bf79fe84342a076e8b,136518480,chunk_04,20260815T180544Z-f80be290
valid_394_a_2.nii.gz,p099,sharper,Br60f,"['Br60f', '3']",e640f41db9f66aa68900701325fe41e5de639a05228d144d474b778cc1bf48f0,156013261,chunk_04,20260815T180544Z-f80be290
valid_399_a_1.nii.gz,p100,softer,Br40f,"['Br40f', '3']",48c794214a2d2ff209bba87255423ab048ef6199e10be86a0e2077da999f1f02,145316573,chunk_04,20260815T180544Z-f80be290
valid_399_a_2.nii.gz,p100,sharper,Br60f,"['Br60f', '3']",c3af9f37515bdf91f5e3721d6baeb4e5434459faa1ca605b06c2605a2851abef,165684199,chunk_04,20260815T180544Z-f80be290
valid_404_a_1.nii.gz,p101,softer,Br40f,"['Br40f', '3']",ee357e7a9e169498d0ed53e9eb03761e3b21e5d6d5bab7aefe5e3fe958315ada,141404562,chunk_05,20260815T231124Z-8e185556
valid_404_a_2.nii.gz,p101,sharper,Br60f,"['Br60f', '3']",577e6068c2fe4dc16282c2e7f3fb0019c515d8417066c127d675d3b56eee6ce2,161325663,chunk_05,20260815T231124Z-8e185556
valid_410_a_1.nii.gz,p102,softer,Br40f,"['Br40f', '3']",ad87990a53eef3c650c9029ee810b191527fe0ba4f503d3675bf52188ba9ae79,144637387,chunk_05,20260815T231124Z-8e185556
valid_410_a_2.nii.gz,p102,sharper,Br60f,"['Br60f', '3']",a0049912505653d06adba8301d2f797563ba6c1a8ce32096ef64821449e14c34,165121040,chunk_05,20260815T231124Z-8e185556
valid_413_a_1.nii.gz,p103,softer,Br40f,"['Br40f', '3']",870ee8445ee118fcfe12c6e6ad2caae07f2a90432e525ff269e58b671955e877,153123312,chunk_05,20260815T231124Z-8e185556
valid_413_a_2.nii.gz,p103,sharper,Br60f,"['Br60f', '3']",d9ae1158fb9fc5eee3b1186267e5a56814b31760dabfd1eff361994ea6b0850f,173536398,chunk_05,20260815T231124Z-8e185556
valid_414_b_1.nii.gz,p104,softer,Br40f,"['Br40f', '3']",e25acf7b08ece5e80447fd3dc8a421d6e8fb9ce3ff97e229984680a0f8b9c50d,168621754,chunk_05,20260815T231124Z-8e185556
valid_414_b_2.nii.gz,p104,sharper,Br60f,"['Br60f', '3']",94694e86464b312600803efd289e78bdee7cad225a0ab1450ff646b6f280aa25,192044524,chunk_05,20260815T231124Z-8e185556
valid_423_c_1.nii.gz,p105,softer,Br40f,"['Br40f', '3']",9df79322afb59296994f359341fb9b93e0fab1f45da63e8173ae43d4439b023f,149227911,chunk_05,20260815T231124Z-8e185556
valid_423_c_2.nii.gz,p105,sharper,Br60f,"['Br60f', '3']",34543694aafc28965d8549e72496be42b5b3e59818fe2bdd7e43753b172a531e,169350509,chunk_05,20260815T231124Z-8e185556
valid_424_a_1.nii.gz,p106,softer,Br40f,"['Br40f', '3']",9e5e68e7a0b5dc7e402207a3329fee4f381ac4c140c7ca9243c9651b235f9a77,137919734,chunk_05,20260815T231124Z-8e185556
valid_424_a_2.nii.gz,p106,sharper,Br60f,"['Br60f', '3']",5867dd16f5b5ef1cb8dafa86b9b32199d721d06674a045f15e98a281134ef815,158843427,chunk_05,20260815T231124Z-8e185556
valid_427_a_1.nii.gz,p107,softer,Br40f,"['Br40f', '3']",55df8e29a2d2ef7ee006cd4b9471742872001d6094b100cccd9e374f21c79aee,129646037,chunk_05,20260815T231124Z-8e185556
valid_427_a_2.nii.gz,p107,sharper,Br60f,"['Br60f', '3']",2ce6283202e8dfc3cef1e618103ac19e02f9ca753d8ab38e181f31d469a8f872,146963076,chunk_05,20260815T231124Z-8e185556
valid_432_a_1.nii.gz,p108,softer,Br40f,"['Br40f', '3']",36534bd6d7105f18b72dec35cc67d37a900891cff3b88363a7977073d394c2f6,144150348,chunk_05,20260815T231124Z-8e185556
valid_432_a_2.nii.gz,p108,sharper,Br60f,"['Br60f', '3']",063d2115f7b7713f843b5641ad21508037e89a395e3af66505ab30d8d2db4895,164260884,chunk_05,20260815T231124Z-8e185556
valid_433_a_1.nii.gz,p109,softer,Br40f,"['Br40f', '3']",a8f00387b1070d66a996ad7743bf41f450510a7a9bec1216b9b27880c20f3b80,142193492,chunk_05,20260815T231124Z-8e185556
valid_433_a_2.nii.gz,p109,sharper,Br60f,"['Br60f', '3']",1f256c365b77f1495070337f6d404898f77b6acf07fdf59db394e243638d3c1b,160510590,chunk_05,20260815T231124Z-8e185556
valid_442_a_1.nii.gz,p110,softer,Br40f,"['Br40f', '3']",b202c06850f26454a3aeaedc0563a63cf5aca8e61f1a220c77c013f82c982810,169492414,chunk_05,20260815T231124Z-8e185556
valid_442_a_2.nii.gz,p110,sharper,Br60f,"['Br60f', '3']",216b8f3bc570e5e656cba1b25479ff903a5f89538dcc263b393b054917529a75,192447172,chunk_05,20260815T231124Z-8e185556
valid_446_b_1.nii.gz,p111,softer,Br40f,"['Br40f', '3']",21417ee09051957d3ee67fbeaba936707877c74d7797d11395fac3227a6b6879,143907060,chunk_05,20260815T231124Z-8e185556
valid_446_b_2.nii.gz,p111,sharper,Br60f,"['Br60f', '3']",e78918fa49f0200972e1e1a451a0608ca9772dc69bac54542afa070ada811b94,164217329,chunk_05,20260815T231124Z-8e185556
valid_448_a_1.nii.gz,p112,softer,Br40f,"['Br40f', '3']",df1d0c4629fb4b9cdfaad34c85114a60f1e214dcb16272a1dd7cc01014f7e0f3,151471149,chunk_05,20260815T231124Z-8e185556
valid_448_a_2.nii.gz,p112,sharper,Br60f,"['Br60f', '3']",8f947b1ae679b787c15dad51e0fb5cbed7002f54884b73eedc46469c8f9a83ee,172077742,chunk_05,20260815T231124Z-8e185556
valid_44_a_1.nii.gz,p113,softer,Br40f,"['Br40f', '3']",093b2d4290bf956cc89d64f1d3cfe194e3a5d7fdebe655b1c5ad48cdf0cde982,121897141,chunk_05,20260815T231124Z-8e185556
valid_44_a_2.nii.gz,p113,sharper,Br60f,"['Br60f', '3']",5356de67ab145455bb43de32cdde2123b12c5d4bcb716e359b36ecb929ab1b10,138025664,chunk_05,20260815T231124Z-8e185556
valid_452_a_1.nii.gz,p114,softer,Br40f,"['Br40f', '3']",cd39bf888170c3c360ef622f0613161a37ff2260f73b6e66d0587acb27c75b72,154439787,chunk_05,20260815T231124Z-8e185556
valid_452_a_2.nii.gz,p114,sharper,Br60f,"['Br60f', '3']",dd8757d19ef77e212bab7997ff78fe20ca3bdd65d4394da195e5e86b22afd0b5,177437196,chunk_05,20260815T231124Z-8e185556
valid_456_a_1.nii.gz,p115,softer,Br40f,"['Br40f', '3']",430398118cdbab2579d9560aa615b97f12034b7b5ba01fb2162de39a7407e4d7,149135463,chunk_05,20260815T231124Z-8e185556
valid_456_a_2.nii.gz,p115,sharper,Br60f,"['Br60f', '3']",e9003ce3ab6ea6907bc70753507b606ca32f4ed94dba62f872a6b16824b863df,169847800,chunk_05,20260815T231124Z-8e185556
valid_456_b_1.nii.gz,p116,softer,Br40f,"['Br40f', '3']",754e51fa6631a8cd68a8df3944b598bf405169c0c681b0833c513761e8daad65,117866044,chunk_05,20260815T231124Z-8e185556
valid_456_b_2.nii.gz,p116,sharper,Br60f,"['Br60f', '3']",04f1532a331ea83339708bdffbdc1555eab08fb9cec236e554e0db593b470cd8,131481562,chunk_05,20260815T231124Z-8e185556
valid_458_a_1.nii.gz,p117,softer,Br40f,"['Br40f', '3']",3a3734e37f468b3ea95ef662ba28dfb78dc89f0ee5cfaee9a3d3d52b28458e32,131786862,chunk_05,20260815T231124Z-8e185556
valid_458_a_2.nii.gz,p117,sharper,Br60f,"['Br60f', '3']",73605fd3455975f8fd26ffc758ba905d253fbe5e6c27fad1ce05bee15b783b13,149704478,chunk_05,20260815T231124Z-8e185556
valid_470_a_1.nii.gz,p118,softer,Br40f,"['Br40f', '3']",5b5110213ea4805844837a251c7cb6fece8d927a550a88ab5bffa8508da06aa4,142587367,chunk_05,20260815T231124Z-8e185556
valid_470_a_2.nii.gz,p118,sharper,Br60f,"['Br60f', '3']",7b3896e7c1c608bc78839a91230b932ad0c034d17d4a08ed7d4319d856408c52,162357556,chunk_05,20260815T231124Z-8e185556
valid_473_a_1.nii.gz,p119,softer,Br40f,"['Br40f', '3']",1ef88831c8ad8b3ab735a77812c12329c277833fd32cfa9c8cd6d26b88424cca,159722605,chunk_05,20260815T231124Z-8e185556
valid_473_a_2.nii.gz,p119,sharper,Br60f,"['Br60f', '3']",87f921c24717c608fdd4fa5b2ab7ab3556dd9b5035d7a2fe1c3fbe63e41e87d9,184253439,chunk_05,20260815T231124Z-8e185556
valid_474_a_1.nii.gz,p120,softer,Br40f,"['Br40f', '3']",cfcd82067041cdaed8d75a0889fdda14fd98774d690cb735efb777ac5dc692e7,139155667,chunk_05,20260815T231124Z-8e185556
valid_474_a_2.nii.gz,p120,sharper,Br60f,"['Br60f', '3']",7a6adbb1d6f6eb2c9e22d4ddd90797813ad630fe60087d5fc5d177801f840456,159812379,chunk_05,20260815T231124Z-8e185556
valid_482_d_1.nii.gz,p121,softer,Br40f,"['Br40f', '3']",8cae3507100658a3424b50b22a5837b7f40af7a3f55910891b33dee75b66ab9e,165360645,chunk_05,20260815T231124Z-8e185556
valid_482_d_2.nii.gz,p121,sharper,Br60f,"['Br60f', '3']",7a6a00cf6b4066a76a97a8c53367f3afc485ccea4501b8ce956bca2e852e757e,187642274,chunk_05,20260815T231124Z-8e185556
valid_482_e_1.nii.gz,p122,softer,Br40f,"['Br40f', '3']",c33cce54459c390e86743c42d2a93ea69ac1f838df9d4f6accbfcf564ace47e1,159539404,chunk_05,20260815T231124Z-8e185556
valid_482_e_2.nii.gz,p122,sharper,Br60f,"['Br60f', '3']",b520fc83c21828275620fc681526067ea341cf826c0b20c437950798a83e2f58,181043187,chunk_05,20260815T231124Z-8e185556
valid_484_b_1.nii.gz,p123,softer,Br40f,"['Br40f', '3']",3e2c6151c849c0fc880e4fa46f78179e3b6d5a48d6add28ed14282ae5c1b549b,142777955,chunk_05,20260815T231124Z-8e185556
valid_484_b_2.nii.gz,p123,sharper,Br60f,"['Br60f', '3']",9f12568d97df8836b25be6b9b22bfd1d14a6b595b53339082f1f3fb05389c550,164509248,chunk_05,20260815T231124Z-8e185556
valid_485_a_1.nii.gz,p124,softer,Br40f,"['Br40f', '3']",28406f68f3b76de3d23d7ff600cd74f26e5d930ffa18ae515acc8491ffa7a87b,160754142,chunk_05,20260815T231124Z-8e185556
valid_485_a_2.nii.gz,p124,sharper,Br60f,"['Br60f', '3']",32129aad4b32a58cc1a1dbd8db99bf1676f97c2737a4f426c8885fa999ad77fa,181029090,chunk_05,20260815T231124Z-8e185556
valid_488_a_1.nii.gz,p125,softer,Br40f,"['Br40f', '3']",3e0a6d74e8b77c247f892ab03760a8da14317dce3669754eaa7ece3a8195c13f,165319115,chunk_05,20260815T231124Z-8e185556
valid_488_a_2.nii.gz,p125,sharper,Br60f,"['Br60f', '3']",6b7933440b2ad360a7d6880b4bfb429001d6e4003270e9ca003ca5458d13d279,188691674,chunk_05,20260815T231124Z-8e185556
valid_48_a_1.nii.gz,p126,softer,Br40f,"['Br40f', '3']",d47bccb75f44bf6b54e57fb3bc90bd38c5364fc089e697bdc263159418329aea,155865817,chunk_06,20260815T231124Z-8e185556
valid_48_a_2.nii.gz,p126,sharper,Br60f,"['Br60f', '3']",5e3602c19662a671dbe4dafb5b5e0f6c8276bb554134ca738a0f61b28e8e603d,175925774,chunk_06,20260815T231124Z-8e185556
valid_491_a_1.nii.gz,p127,softer,Br40f,"['Br40f', '3']",2620f41c9829aa75115b0caec58e5c1bc77981b83a516f02b6350f49aa4975d2,155766614,chunk_06,20260815T231124Z-8e185556
valid_491_a_2.nii.gz,p127,sharper,Br60f,"['Br60f', '3']",5fb239ad66303057300779b3820f9e08ebdf922d14817fc3b30ac4ef3dea313c,178646753,chunk_06,20260815T231124Z-8e185556
valid_492_a_1.nii.gz,p128,softer,Br40f,"['Br40f', '3']",91f1d92afe2b81e87be106731be6695ec029f119ffa366d9ee8074a1ee3c6cd9,153490590,chunk_06,20260815T231124Z-8e185556
valid_492_a_2.nii.gz,p128,sharper,Br60f,"['Br60f', '3']",a12c176f5332967362dcd22ae3a6dc4a6c3984857c1109b51ffad833bc194826,173538108,chunk_06,20260815T231124Z-8e185556
valid_494_a_1.nii.gz,p129,softer,Br40f,"['Br40f', '3']",f40316a1c0a6f04f5ff9b6399e07a621a3b8588a5607ea787748c37cafd94f04,148569282,chunk_06,20260815T231124Z-8e185556
valid_494_a_2.nii.gz,p129,sharper,Br60f,"['Br60f', '3']",9adeae8adb987498544d0ba9c2b1bf94d8eefab58ed3b915183d3e73e32a3089,171463192,chunk_06,20260815T231124Z-8e185556
valid_496_a_1.nii.gz,p130,softer,Br40f,"['Br40f', '3']",23d9339986fb2ab082ae63770ce5bfe22b9aadd94f8268d3a03507783c96ae74,132369028,chunk_06,20260815T231124Z-8e185556
valid_496_a_2.nii.gz,p130,sharper,Br60f,"['Br60f', '3']",cc96707598b3c7b44e8ac1b4706e6364a9f9961d643f8637b33da2e7d72ef67f,152496092,chunk_06,20260815T231124Z-8e185556
valid_509_b_1.nii.gz,p131,softer,Br40f,"['Br40f', '3']",92a5d598095f151468020d1333420f8453de308b4409600091c3ac925792ea2f,178429405,chunk_06,20260815T231124Z-8e185556
valid_509_b_2.nii.gz,p131,sharper,Br60f,"['Br60f', '3']",7a1c3d8d83dd3f485f495537ad7f9324f4b53e123b3b910fa672663e4227b023,200581949,chunk_06,20260815T231124Z-8e185556
valid_512_b_1.nii.gz,p132,softer,Br40f,"['Br40f', '3']",89cb6457da6fb17eea586042701efc63de25c83594ee88267512cdf78ebf7535,164430795,chunk_06,20260815T231124Z-8e185556
valid_512_b_2.nii.gz,p132,sharper,Br60f,"['Br60f', '3']",f7e388285ad81a5168ea752c3413b4ad1823b130945fd349bdf690e5e0c447ef,185192982,chunk_06,20260815T231124Z-8e185556
valid_517_a_1.nii.gz,p133,softer,Br40f,"['Br40f', '3']",3f50de81c994693e7339f9ecfb3b02519a38efabddbf3d05ea6fe5d6ce610a51,177393239,chunk_06,20260815T231124Z-8e185556
valid_517_a_2.nii.gz,p133,sharper,Br60f,"['Br60f', '3']",56231dc3dc9dc1552c6dd799c6c03bafb346c9afd5384f58f4bc3dc8e89725df,203998676,chunk_06,20260815T231124Z-8e185556
valid_518_a_1.nii.gz,p134,softer,Br40f,"['Br40f', '3']",791996f27fbd62e92c21e052ea03d92349c7094611271c9c7980c2451b7f50b9,116893124,chunk_06,20260815T231124Z-8e185556
valid_518_a_2.nii.gz,p134,sharper,Br60f,"['Br60f', '3']",33827c14e23297380ad2251632b36542c70afddf165c121029aeac1a36f996db,131339092,chunk_06,20260815T231124Z-8e185556
valid_51_a_1.nii.gz,p135,softer,Br40f,"['Br40f', '3']",5081559c1ef54f814b4d3520f4f0900c6fca27f1d9094d44b26376a4be535c48,154936219,chunk_06,20260815T231124Z-8e185556
valid_51_a_2.nii.gz,p135,sharper,Br60f,"['Br60f', '3']",0ae2249a578b4345b3e3ae8b9f7731dc474c979a3d5f19bb78f4ea5aa5b9356f,178160088,chunk_06,20260815T231124Z-8e185556
valid_531_b_1.nii.gz,p136,softer,Br40f,"['Br40f', '3']",6020b8f1853e0b9847f6ba336c9bc11f4080b83f24c6ebf483c195fdb3360fed,156951146,chunk_06,20260815T231124Z-8e185556
valid_531_b_2.nii.gz,p136,sharper,Br60f,"['Br60f', '3']",a0a9e2f4c598d5825b1ff103718af09187e5cffbe4a29fa8f572a8a7d0d2f2cd,177027814,chunk_06,20260815T231124Z-8e185556
valid_534_b_1.nii.gz,p137,softer,Br40f,"['Br40f', '3']",c30c02093845d4ea98b2e70ece9938db1f73b66e0e15a0ed9fbe0fe70964b189,135831482,chunk_06,20260815T231124Z-8e185556
valid_534_b_2.nii.gz,p137,sharper,Br60f,"['Br60f', '3']",21da95f26dc8a61d0f3496edabcb64d6e8f4ca7d2808fd82754575696e30d2b4,154794641,chunk_06,20260815T231124Z-8e185556
valid_535_c_1.nii.gz,p138,softer,Br40f,"['Br40f', '3']",89b74c58fe4620223ac35d268bc7ff32bbdbc4f1745de24771018186da627b9f,120804961,chunk_06,20260815T231124Z-8e185556
valid_535_c_2.nii.gz,p138,sharper,Br60f,"['Br60f', '3']",1dcab29f6eb6644d0485db6cb7fb786c24824360004ca2c6e1e25a2f1d9c4d1d,136273593,chunk_06,20260815T231124Z-8e185556
valid_558_a_1.nii.gz,p139,softer,Br40f,"['Br40f', '3']",a8314fa721d6d8d3627d8e9119407db97cdc044dd0b06006ffc2468ae8f684b3,161434015,chunk_06,20260815T231124Z-8e185556
valid_558_a_2.nii.gz,p139,sharper,Br60f,"['Br60f', '3']",a9dbfa702633c7ddbca6b5f25f98717478cd9673bc9d7404b64e925bdffcb352,183494575,chunk_06,20260815T231124Z-8e185556
valid_560_a_1.nii.gz,p140,softer,Br40f,"['Br40f', '3']",d7dff2228fa02384dd9df267ed2a22f11162d127456567e83c10242e2e83af2b,133968570,chunk_06,20260815T231124Z-8e185556
valid_560_a_2.nii.gz,p140,sharper,Br60f,"['Br60f', '3']",98d40265d02bb9f156ac90b2f7262c726d3369d712473d0dc165d6026164bbe6,150898871,chunk_06,20260815T231124Z-8e185556
valid_567_a_1.nii.gz,p141,softer,Br40f,"['Br40f', '3']",130895df1e9c634ea2827a436a8e29bc9675400503a759ff20dec6a691aaecff,137557428,chunk_06,20260815T231124Z-8e185556
valid_567_a_2.nii.gz,p141,sharper,Br60f,"['Br60f', '3']",eea66dfbc41cf48b5a752a4f21ee23be7d325512553c045bf86c1743c2e4d2a5,155555301,chunk_06,20260815T231124Z-8e185556
valid_573_a_1.nii.gz,p142,softer,Br40f,"['Br40f', '3']",c31b47bc5892d50aae6f89b548dd625f485e090d5d53c64e8ce031af5c393a49,139266123,chunk_06,20260815T231124Z-8e185556
valid_573_a_2.nii.gz,p142,sharper,Br60f,"['Br60f', '3']",f3ad7174d7bbb5422720928de80cae70c799c75a4ad3525189e174e73eb93dab,161267050,chunk_06,20260815T231124Z-8e185556
valid_580_a_1.nii.gz,p143,softer,Br40f,"['Br40f', '3']",ff3294bf9496bc302e41c4babe3b5d33436e12437fb97c072b7e18232acdd70a,165540549,chunk_06,20260815T231124Z-8e185556
valid_580_a_2.nii.gz,p143,sharper,Br60f,"['Br60f', '3']",cf633dec3bed40600f72b51f1b5c2814a298ee9f19bc4f29db148b505d0125e6,186958184,chunk_06,20260815T231124Z-8e185556
valid_584_a_1.nii.gz,p144,softer,Br40f,"['Br40f', '3']",10864600bd0205703225506b3c06a3b2422178ac7a717241ddcecd08af231960,147958247,chunk_06,20260815T231124Z-8e185556
valid_584_a_2.nii.gz,p144,sharper,Br60f,"['Br60f', '3']",2063344351596666e07b41aa02c7beb288a824e03826e25a3d5a14026268a449,169167691,chunk_06,20260815T231124Z-8e185556
valid_589_b_1.nii.gz,p145,softer,Br40f,"['Br40f', '3']",3aabea1d2243fa8b528046a9676750eefcc02595bcf705e36a6a5bf3d071e288,156696705,chunk_06,20260815T231124Z-8e185556
valid_589_b_2.nii.gz,p145,sharper,Br60f,"['Br60f', '3']",d250670f9b2b5492293aed22776ad550d1f121f9d78bf376daabf48efdead9cb,180079354,chunk_06,20260815T231124Z-8e185556
valid_590_a_1.nii.gz,p146,softer,Br40f,"['Br40f', '3']",540639a1b983779d367e320ef47db8590f2350c6a7f905d1a9b5d6e3ffacde7a,145820427,chunk_06,20260815T231124Z-8e185556
valid_590_a_2.nii.gz,p146,sharper,Br60f,"['Br60f', '3']",3b71747f709f975a4afbed5d6d63b351725a0434863a5305da95057eada79eb3,164457485,chunk_06,20260815T231124Z-8e185556
valid_591_a_1.nii.gz,p147,softer,Br40f,"['Br40f', '3']",ad94cea24fb8e92fcbdeb3c8be1f777a9b9fa1c141934cf901865336e401014d,113884236,chunk_06,20260815T231124Z-8e185556
valid_591_a_2.nii.gz,p147,sharper,Br60f,"['Br60f', '3']",e986a52dece8aff46f295a20c504af5bb9d9b50d87e725e49bc615b136d9055c,127707249,chunk_06,20260815T231124Z-8e185556
valid_597_a_1.nii.gz,p148,softer,Br40f,"['Br40f', '3']",c9cfef0686ebdcd5a266b33e26099f276d75637de4def229a0e20a7bdfc522a4,152671119,chunk_06,20260815T231124Z-8e185556
valid_597_a_2.nii.gz,p148,sharper,Br60f,"['Br60f', '3']",1d25ef70861cbe7b83aa939a696e13ec4d87706512cdce738e490240a9a53c76,173715377,chunk_06,20260815T231124Z-8e185556
valid_5_a_1.nii.gz,p149,softer,Br40f,"['Br40f', '3']",f2e8e94728293c91890b4b38cfff5d31aa3484e201a2efa0dd7ba4cb2566ec7e,138737370,chunk_06,20260815T231124Z-8e185556
valid_5_a_2.nii.gz,p149,sharper,Br60f,"['Br60f', '3']",5d546abd564afd92476bacac2feb4cc311f817e72c6e56847a311e57f2b3cd8e,155993864,chunk_06,20260815T231124Z-8e185556
valid_606_b_1.nii.gz,p150,softer,Br40f,"['Br40f', '3']",db41c69a3ad22b140d64ec71ebf589bd070a45db3d7362042d557bbd7318bbd0,159012653,chunk_06,20260815T231124Z-8e185556
valid_606_b_2.nii.gz,p150,sharper,Br60f,"['Br60f', '3']",e4b7922ef28eb076beb0628902275bd9fd1f2a3ab3aee1588754131da25d9037,182424622,chunk_06,20260815T231124Z-8e185556
valid_609_a_1.nii.gz,p151,softer,Br40f,"['Br40f', '3']",1711be680cc17724b4e1bdf2efd321bfae69a59e2e8252a17755e9060921ac85,153911225,chunk_07,20260815T231124Z-8e185556
valid_609_a_2.nii.gz,p151,sharper,Br60f,"['Br60f', '3']",154a6717ae47c42fc821eedc7e47a5d51fdba70b10c537acd9604f49240a2616,178731273,chunk_07,20260815T231124Z-8e185556
valid_60_a_1.nii.gz,p152,softer,Br40f,"['Br40f', '3']",22f5657ff41ab3bd6863fa23aa1892e73301357f8f07cf79282680014d2f3c24,157173378,chunk_07,20260815T231124Z-8e185556
valid_60_a_2.nii.gz,p152,sharper,Br60f,"['Br60f', '3']",64f7a2943b7d2d037a16a53869f6d0d0869df4e387f22998168e2eb20f176f8b,176595206,chunk_07,20260815T231124Z-8e185556
valid_610_a_1.nii.gz,p153,softer,Br40f,"['Br40f', '3']",005fe4f4a33cd1fabd710dc8fa3e2a5fd7913a91ee9f8a2045f2ec18f5dcb531,129773693,chunk_07,20260815T231124Z-8e185556
valid_610_a_2.nii.gz,p153,sharper,Br60f,"['Br60f', '3']",efb2f02e312db2b2b25fa3da34130a6fe233734fbc545220ad3f6743084f7069,149615399,chunk_07,20260815T231124Z-8e185556
valid_617_a_1.nii.gz,p154,softer,Br40f,"['Br40f', '3']",503d587d3cb54b912484c93f09ae4cd12b0898cd3265060731a823cecc1d2ef7,159763519,chunk_07,20260815T231124Z-8e185556
valid_617_a_2.nii.gz,p154,sharper,Br60f,"['Br60f', '3']",d8064f1712064aa9013de51c0c6dcecdb5fad291d0c92f13b70a381af22f3e8f,181828286,chunk_07,20260815T231124Z-8e185556
valid_619_a_1.nii.gz,p155,softer,Br40f,"['Br40f', '3']",4179748ab155cccbb6d2bf19ef404bb7e1f0ad7c8d65d896eba5b458f4b7fbfc,127011529,chunk_07,20260815T231124Z-8e185556
valid_619_a_2.nii.gz,p155,sharper,Br60f,"['Br60f', '3']",0b34c069684d9af5b80bf1bc46057a191a0de2c7f88bfc4170cf33b0bd648487,143185013,chunk_07,20260815T231124Z-8e185556
valid_623_a_1.nii.gz,p156,softer,Br40f,"['Br40f', '3']",fe83ace0302caa0a29f287f796788bf4bd00e6a6b5b2fe398d916d1c131ced7a,140072977,chunk_07,20260815T231124Z-8e185556
valid_623_a_2.nii.gz,p156,sharper,Br60f,"['Br60f', '3']",effc11a3d41adebe4b26328521cc0b6be5b386cdda7adf8c4caf367f2eabc5b3,158263521,chunk_07,20260815T231124Z-8e185556
valid_62_a_1.nii.gz,p157,softer,Br40f,"['Br40f', '3']",ff0810fb471b902769a9f1d5192878db08a5027b4381c56ac1511f3cb73bd901,130942234,chunk_07,20260815T231124Z-8e185556
valid_62_a_2.nii.gz,p157,sharper,Br60f,"['Br60f', '3']",1897f492e3685ba5d1cc869fcd54fd85811604533e8b97dc716a23fe0c1cff18,150251221,chunk_07,20260815T231124Z-8e185556
valid_62_c_1.nii.gz,p158,softer,Br40f,"['Br40f', '3']",b075b4071265f13d8ff162d7c3c5e6accb8527d58f8d4f11f74ee9cb21d5ecbf,108594359,chunk_07,20260815T231124Z-8e185556
valid_62_c_2.nii.gz,p158,sharper,Br60f,"['Br60f', '3']",4cf0eea75c6456926ff17d22decf8c172e495ca093e5b4afbea41319d2e94aa6,124016423,chunk_07,20260815T231124Z-8e185556
valid_635_a_1.nii.gz,p159,softer,Br40f,"['Br40f', '3']",8a543e142840b0da114cc32d3202af76ecc78edc68669032dd0e625959bd4be6,145006770,chunk_07,20260815T231124Z-8e185556
valid_635_a_2.nii.gz,p159,sharper,Br60f,"['Br60f', '3']",302b6c55b6bac809ea5cf2410c743ffb6a53e5ec5db22be45b8725add990a9f9,166539955,chunk_07,20260815T231124Z-8e185556
valid_638_a_1.nii.gz,p160,softer,Br40f,"['Br40f', '3']",929131e438693b83eff2ad1827da0f679c4b1d8db12440b1f76a55ae0a3ab947,171081215,chunk_07,20260815T231124Z-8e185556
valid_638_a_2.nii.gz,p160,sharper,Br60f,"['Br60f', '3']",2a6dca2a0ef0adc739068fb42d95e36803f709e314e29645c31fb704796ea456,195586035,chunk_07,20260815T231124Z-8e185556
valid_640_a_1.nii.gz,p161,softer,Br40f,"['Br40f', '3']",077379d7754093ad5194affb9887300824f358d3b12c6da44ff02e94f29334f5,142340865,chunk_07,20260815T231124Z-8e185556
valid_640_a_2.nii.gz,p161,sharper,Br60f,"['Br60f', '3']",f225a4b73ac3514248e87103427977f955292caaab4d7a8c03784bfef0022f9a,162166159,chunk_07,20260815T231124Z-8e185556
valid_643_b_1.nii.gz,p162,softer,Br40f,"['Br40f', '3']",55a39e99952c78bcb725581f78e6ec6664cc94da8ff442c94f084ee279d2c20f,154528202,chunk_07,20260815T231124Z-8e185556
valid_643_b_2.nii.gz,p162,sharper,Br60f,"['Br60f', '3']",78ac0bdbd18ac9c36fb609931c705366b3094216ff03edb32fd63f6516fb586b,172079521,chunk_07,20260815T231124Z-8e185556
valid_644_a_1.nii.gz,p163,softer,Br40f,"['Br40f', '3']",1d76a22d91735cf87959a370a6e5fdd511eb415687eeb5c8dc9031ec04d9687e,152520799,chunk_07,20260815T231124Z-8e185556
valid_644_a_2.nii.gz,p163,sharper,Br60f,"['Br60f', '3']",82991a07e0f3cec7faa271b71734f0d920a219d2c47dd41eb5b449ca40d85efd,172251404,chunk_07,20260815T231124Z-8e185556
valid_648_a_1.nii.gz,p164,softer,Br40f,"['Br40f', '3']",7c9ef3e7dc42230f8b2b8d2fd94e03297bdcde15a9784de6dc6effc7a248ec80,155026207,chunk_07,20260815T231124Z-8e185556
valid_648_a_2.nii.gz,p164,sharper,Br60f,"['Br60f', '3']",08fe54fcb38b48abd98c5f826e45ccdbc92bf57ced152c6ede4404f3211a5c4c,177268549,chunk_07,20260815T231124Z-8e185556
valid_653_a_1.nii.gz,p165,softer,Br40f,"['Br40f', '3']",aab1c5b9f89e7b321a29b66eac44c2957626baecb666ddc0c6d6bfbecfbbce5d,149026925,chunk_07,20260815T231124Z-8e185556
valid_653_a_2.nii.gz,p165,sharper,Br60f,"['Br60f', '3']",948eedd6b1157ed3ea6a67891bfabda7555b46895d8d016e327581631899ae62,166002475,chunk_07,20260815T231124Z-8e185556
valid_654_a_1.nii.gz,p166,softer,Br40f,"['Br40f', '3']",5488934edc9e5d0805a2587cc12a0335fbd18f142b0b87c1f3b9793c929b9414,133069117,chunk_07,20260815T231124Z-8e185556
valid_654_a_2.nii.gz,p166,sharper,Br60f,"['Br60f', '3']",3dff8e2be6ea9279c54d3491bbba87a34b0fe3077a1c64531fec9f6e8577862b,151783204,chunk_07,20260815T231124Z-8e185556
valid_664_a_1.nii.gz,p167,softer,Br40f,"['Br40f', '3']",c7e448d6fad905a6ba717813326c94c8e9f4ea0438130947501eeb805be5e3a3,165398800,chunk_07,20260815T231124Z-8e185556
valid_664_a_2.nii.gz,p167,sharper,Br60f,"['Br60f', '3']",e146f32054ccd0a18603e4a5c2b3e0133facf58cf9bf50f5487597e42c144ee1,187034442,chunk_07,20260815T231124Z-8e185556
valid_665_a_1.nii.gz,p168,softer,Br40f,"['Br40f', '3']",8d28a4c655c3a341bf5610c2c25adecbd102d6cb40581be0affc338a0e386641,163082821,chunk_07,20260815T231124Z-8e185556
valid_665_a_2.nii.gz,p168,sharper,Br60f,"['Br60f', '3']",79fa81fe181d84f9dc5da5b0b796ff246d1eae4a557f3a26652d919d74b04a30,185627166,chunk_07,20260815T231124Z-8e185556
valid_667_c_1.nii.gz,p169,softer,Br40f,"['Br40f', '3']",e6d854f2cb40aa92625004a9b14cfd8ab41204206b164989ad0d2edc556028ad,143659977,chunk_07,20260815T231124Z-8e185556
valid_667_c_2.nii.gz,p169,sharper,Br60f,"['Br60f', '3']",7c17f1ce00f7b9204502c4ad2df69e3a670eb407a3f9ce950835e74dbd7381d9,163925307,chunk_07,20260815T231124Z-8e185556
valid_677_a_1.nii.gz,p170,softer,Br40f,"['Br40f', '3']",f0bc615027e593992851a1ed7ee66616424a404b72715f20ac627bd2fcfb3b68,165499894,chunk_07,20260815T231124Z-8e185556
valid_677_a_2.nii.gz,p170,sharper,Br60f,"['Br60f', '3']",6abfc271c9a2f8d1143ef9b74708fb437f0d06f70823e2f78085e0e6b8c462bc,187316914,chunk_07,20260815T231124Z-8e185556
valid_681_a_1.nii.gz,p171,softer,Br40f,"['Br40f', '3']",1fa9a667cc0ed22e294fc8b3228d8e992f72d88eaadd74c7d98f33fa659e0fa2,170760130,chunk_07,20260815T231124Z-8e185556
valid_681_a_2.nii.gz,p171,sharper,Br60f,"['Br60f', '3']",bdabe8d31ff4095ccf3b5531ea34f28230f4ff8c09681f138670ae51757eb9ff,193997577,chunk_07,20260815T231124Z-8e185556
valid_682_a_1.nii.gz,p172,softer,Br40f,"['Br40f', '3']",5ecdcbc94db375e58ee6c5a7272291789509dbb7d8f7f6de1b4e3dd30442d6b5,152068562,chunk_07,20260815T231124Z-8e185556
valid_682_a_2.nii.gz,p172,sharper,Br60f,"['Br60f', '3']",38d643b48deb39d6fc918a0fcd4af6b2fb2cbf43c17098a8130e4c265a12c82d,170494795,chunk_07,20260815T231124Z-8e185556
valid_688_a_1.nii.gz,p173,softer,Br40f,"['Br40f', '3']",4a0bf987a605bd36d6fa83f5d2551e4061f813137c2c21ab797d22b525486c74,141821336,chunk_07,20260815T231124Z-8e185556
valid_688_a_2.nii.gz,p173,sharper,Br60f,"['Br60f', '3']",fd8d150194e153d605163a751bd61bec01e8ca913331eefd113d9728f025ee08,162673986,chunk_07,20260815T231124Z-8e185556
valid_702_a_1.nii.gz,p174,softer,Br40f,"['Br40f', '3']",72fdcb8e91b06ebcf39e42ab4d3ef0914491f959fe78d9c3db3a3ab295d18b11,179784397,chunk_07,20260815T231124Z-8e185556
valid_702_a_2.nii.gz,p174,sharper,Br60f,"['Br60f', '3']",5e7dc139323dbc5d5e9d9f33a135c1f0e911cfb01f2f04474749d4ca7707cf12,205312945,chunk_07,20260815T231124Z-8e185556
valid_703_a_1.nii.gz,p175,softer,Br40f,"['Br40f', '3']",2f7457861cc825bf5bc01a4d2ec48762a68f94a162e02635cac6c29d01c68390,138392610,chunk_07,20260815T231124Z-8e185556
valid_703_a_2.nii.gz,p175,sharper,Br60f,"['Br60f', '3']",7e8bbef28dc93668531ace9723e6e08571d4acb76abe6e745ab304d32f454889,156453036,chunk_07,20260815T231124Z-8e185556
valid_71_a_1.nii.gz,p176,softer,Br40f,"['Br40f', '3']",19fc5083fed8f01f34aede46d7ea20e5a45310473fb97f629a38bdf8a11c04dd,137236219,chunk_08,20260815T231124Z-8e185556
valid_71_a_2.nii.gz,p176,sharper,Br60f,"['Br60f', '3']",5e7f974887d8c7b89d5dccae59fdaf5bec1676ef599510d68c97f6b3719f2665,156247171,chunk_08,20260815T231124Z-8e185556
valid_71_b_1.nii.gz,p177,softer,Br40f,"['Br40f', '3']",6c8abc79e352b45c41942c71a8f339ff2b9e362651f2afdf1efb52d7b6870c17,147670272,chunk_08,20260815T231124Z-8e185556
valid_71_b_2.nii.gz,p177,sharper,Br60f,"['Br60f', '3']",c36564d2a3478416df1b2f63eb2efe1a99876c7ab49afd5fa4341c5010415a82,167956001,chunk_08,20260815T231124Z-8e185556
valid_721_a_1.nii.gz,p178,softer,Br40f,"['Br40f', '3']",eda17d336e6fad04a6cd5c0569217452d2f42682131e014da0b2adea3ce072c0,143202897,chunk_08,20260815T231124Z-8e185556
valid_721_a_2.nii.gz,p178,sharper,Br60f,"['Br60f', '3']",dd296fe65cd1ae23553037f7f2bcf1f2ca6afde1acce4d5c5e4c6af79852e617,163464915,chunk_08,20260815T231124Z-8e185556
valid_727_a_1.nii.gz,p179,softer,Br40f,"['Br40f', '3']",681f678d1990d3bd89d0f9805f4a3672f0865fd4329f0cf3c2db667e7c35e6bc,154985608,chunk_08,20260815T231124Z-8e185556
valid_727_a_2.nii.gz,p179,sharper,Br60f,"['Br60f', '3']",34469c36cc151eb60c0009639be972bfa0a653c43176ee4715020b7e678d629a,176987807,chunk_08,20260815T231124Z-8e185556
valid_72_a_1.nii.gz,p180,softer,Br40f,"['Br40f', '3']",c810c2dc8f24790296f8db993fcb24d76fa3b3f9e80c763e5bdd84773e04204c,156093652,chunk_08,20260815T231124Z-8e185556
valid_72_a_2.nii.gz,p180,sharper,Br60f,"['Br60f', '3']",9ed9f5e233273592b8aa88f08bea02495b1c5d679eb279316710c8d5d27a7542,178357609,chunk_08,20260815T231124Z-8e185556
valid_734_a_1.nii.gz,p181,softer,Br40f,"['Br40f', '3']",a74d882f4ee0248ebe9d87ff8ddd975a4602851e091f59cc7dd78d6d935ee085,141097629,chunk_08,20260815T231124Z-8e185556
valid_734_a_2.nii.gz,p181,sharper,Br60f,"['Br60f', '3']",e9368a71c5b797eada071e37039fb64abd3535d47a8bd7bc419d7c862b843adf,160059688,chunk_08,20260815T231124Z-8e185556
valid_751_a_1.nii.gz,p182,softer,Br40f,"['Br40f', '3']",f0c93a3fbdea9763c97123c479ddb3bd5219bded162b8aff3cceb09e98d8c455,141517868,chunk_08,20260815T231124Z-8e185556
valid_751_a_2.nii.gz,p182,sharper,Br60f,"['Br60f', '3']",789e3f56eff6b4615bb6ab1dfec134c42e3e1703a454266d337dadaab777526b,161196766,chunk_08,20260815T231124Z-8e185556
valid_758_a_1.nii.gz,p183,softer,Br40f,"['Br40f', '3']",fcc5714534fc3e4d4885f841d8903e045057cd8b2a4e94687e1aef44c65511c1,130670874,chunk_08,20260815T231124Z-8e185556
valid_758_a_2.nii.gz,p183,sharper,Br60f,"['Br60f', '3']",c06fd141158bb65de6a75c8df55906fd4dd433540d0ff651349bcec86817f1a5,147326700,chunk_08,20260815T231124Z-8e185556
valid_760_a_1.nii.gz,p184,softer,Br40f,"['Br40f', '3']",96cdc697823673e7ed6e8d3f14216d6bf689d8f2c1e6b0c6b5948275eec58dd3,150979801,chunk_08,20260815T231124Z-8e185556
valid_760_a_2.nii.gz,p184,sharper,Br60f,"['Br60f', '3']",5b3da65b4557eecd949e24fefbababdb7e6bf1dfafb280ce596590e6cf94a9b8,169495385,chunk_08,20260815T231124Z-8e185556
valid_764_a_1.nii.gz,p185,softer,Br40f,"['Br40f', '3']",f39b4976f6508068f81297a02d28bf0cfab10078489a4ac9991ac9f7288857ed,152893584,chunk_08,20260815T231124Z-8e185556
valid_764_a_2.nii.gz,p185,sharper,Br60f,"['Br60f', '3']",88cd3a5dc0c4099e4af2787ce688c230d0a4137203973dc43529057531b09b90,174834048,chunk_08,20260815T231124Z-8e185556
valid_769_a_1.nii.gz,p186,softer,Br40f,"['Br40f', '3']",22751c1ae8df0a8e8dee2aee668a774d48c99c4c2094f69c27ae45af6e863906,156867524,chunk_08,20260815T231124Z-8e185556
valid_769_a_2.nii.gz,p186,sharper,Br60f,"['Br60f', '3']",e3a889a443ef2f1161299e82697e8cbfb93899a3753f73a3f482844a3027a1b0,179456317,chunk_08,20260815T231124Z-8e185556
valid_771_a_1.nii.gz,p187,softer,Br40f,"['Br40f', '3']",201f4cae956c3c1d7b079fda303a014544dd837d7d01ddccde6010a17daf89e5,169290225,chunk_08,20260815T231124Z-8e185556
valid_771_a_2.nii.gz,p187,sharper,Br60f,"['Br60f', '3']",2e8e6a7b1aca7ef194d71c41c0baef6b76a3f59627b42a3d7b8c955cfc1eb534,190887903,chunk_08,20260815T231124Z-8e185556
valid_771_b_1.nii.gz,p188,softer,Br40f,"['Br40f', '3']",580ad2e85750d812d2d9a42dde9e6a373c4015f777b451c7ebf9deab03114f13,151486461,chunk_08,20260815T231124Z-8e185556
valid_771_b_2.nii.gz,p188,sharper,Br60f,"['Br60f', '3']",0fd3330fa1fec27d6f5259932e6f4d8716fc6569c9e85512de5cb3e6717dad68,170609325,chunk_08,20260815T231124Z-8e185556
valid_775_a_1.nii.gz,p189,softer,Br40f,"['Br40f', '3']",a8047848c39cc0f5efe8aac7d75fe04acc28191e4254cfb4ddc6934afe883779,149404325,chunk_08,20260815T231124Z-8e185556
valid_775_a_2.nii.gz,p189,sharper,Br60f,"['Br60f', '3']",1cae0e14a20f185c8f2e01893d9c2c68f22bae69a5ef738bfc83c497ab8d77c6,171706194,chunk_08,20260815T231124Z-8e185556
valid_780_a_1.nii.gz,p190,softer,Br40f,"['Br40f', '3']",b033b9c68f874d68553cfbcfe016e25df78efa00d99071cdaf695353a4f8e38c,132744500,chunk_08,20260815T231124Z-8e185556
valid_780_a_2.nii.gz,p190,sharper,Br60f,"['Br60f', '3']",be009a2ac191da35390ef769f2241e1198ff7ba8bbfea9d975563f76949053c0,149676519,chunk_08,20260815T231124Z-8e185556
valid_786_a_1.nii.gz,p191,softer,Br40f,"['Br40f', '3']",9da874c42e400f9b8f7f84c73100e7459dd465f00c660dec8580853d696b3e97,140953782,chunk_08,20260815T231124Z-8e185556
valid_786_a_2.nii.gz,p191,sharper,Br60f,"['Br60f', '3']",a85710bc5d24ade4da4c39111e253b4560acb16f3204bbe207564e3ac3bdc396,157607822,chunk_08,20260815T231124Z-8e185556
valid_787_a_1.nii.gz,p192,softer,Br40f,"['Br40f', '3']",f00d62a28522508da4ac6a0d09a2ea0ff6b9defd73eb00b65dfda06996c97078,159652428,chunk_08,20260815T231124Z-8e185556
valid_787_a_2.nii.gz,p192,sharper,Br60f,"['Br60f', '3']",454bed63745496717018317d89f5e290dc8920da1d1d789b3c22a9cabdcb4ca6,181077656,chunk_08,20260815T231124Z-8e185556
valid_798_a_1.nii.gz,p193,softer,Br40f,"['Br40f', '3']",3650bb03d3fa9abafa608881bc2e5922310efa53c2acbf98a6cb1950f64937f2,143945801,chunk_08,20260815T231124Z-8e185556
valid_798_a_2.nii.gz,p193,sharper,Br60f,"['Br60f', '3']",293aeb2941242291f553d8bdcea2cc9fc0944c3cb76d02751d4a2d284ce80e8e,163062561,chunk_08,20260815T231124Z-8e185556
valid_799_a_1.nii.gz,p194,softer,Br40f,"['Br40f', '3']",7c4dd37f1a117586ba7780c64fb0232980db46e052b6e0b94da92922f4b788c2,160502912,chunk_08,20260815T231124Z-8e185556
valid_799_a_2.nii.gz,p194,sharper,Br60f,"['Br60f', '3']",1bf213fa8dec0d7b2c84b71590d57cafca394b4f7f8f3b10550768f161c4a87b,180918217,chunk_08,20260815T231124Z-8e185556
valid_805_a_1.nii.gz,p195,softer,Br40f,"['Br40f', '3']",160378eaff8fa4701ef196641f238fc132968a7450d7c2c109bd5e92967c9e00,125134334,chunk_08,20260815T231124Z-8e185556
valid_805_a_2.nii.gz,p195,sharper,Br60f,"['Br60f', '3']",39373c8d0c5cc216792b09d129abae1d3efb755cb579e857e8d5246b819cfce6,143708345,chunk_08,20260815T231124Z-8e185556
valid_810_a_1.nii.gz,p196,softer,Br40f,"['Br40f', '3']",8f47224c888e4c6f8500f60c7dc36c0db456ec433a311f6221b58bc7c78ff862,157275890,chunk_08,20260815T231124Z-8e185556
valid_810_a_2.nii.gz,p196,sharper,Br60f,"['Br60f', '3']",4db871c075eff5fb02038b9d25e381c01d3a8f02bb1d6809d98f9b67c1136142,176918422,chunk_08,20260815T231124Z-8e185556
valid_810_b_1.nii.gz,p197,softer,Br40f,"['Br40f', '3']",3c1006a66875d7277247f023e73bf80fb8c16e53bce7e43eb37ae29728d73f1a,153331083,chunk_08,20260815T231124Z-8e185556
valid_810_b_2.nii.gz,p197,sharper,Br60f,"['Br60f', '3']",af7957a668a2f748989066f83f67c0bbbf4a89d0c1abbf77cf6e050a27bfcd82,173061703,chunk_08,20260815T231124Z-8e185556
valid_813_a_1.nii.gz,p198,softer,Br40f,"['Br40f', '3']",3dc99ea3c6532dbc38bd5e1e0395be7dc06ea4083b2c0c850ca9ca898888d871,159083603,chunk_08,20260815T231124Z-8e185556
valid_813_a_2.nii.gz,p198,sharper,Br60f,"['Br60f', '3']",14ca66d39488cb3955bb41ae06562718aadf01572ee1bf9c981c39f4d1bcaf6d,183411395,chunk_08,20260815T231124Z-8e185556
valid_815_a_1.nii.gz,p199,softer,Br40f,"['Br40f', '3']",89d8c08ea75c6cbc71a004f6c8c17ee51ae57c56d1725bcfac23b9f7e6709648,121999982,chunk_08,20260815T231124Z-8e185556
valid_815_a_2.nii.gz,p199,sharper,Br60f,"['Br60f', '3']",8be5632590325d6076ba63a00c090f1e3344fe86f5b6cc8d3393c983b47df922,138695416,chunk_08,20260815T231124Z-8e185556
valid_815_b_1.nii.gz,p200,softer,Br40f,"['Br40f', '3']",00af0b6ecb53801f5cde9570e4f96000fe92a08b4e70d56cf8206125351f5d7d,132878107,chunk_08,20260815T231124Z-8e185556
valid_815_b_2.nii.gz,p200,sharper,Br60f,"['Br60f', '3']",7ffc23e4bb4ce8063f8b536d725936f03f170f5bdf9581edae8182fd2d516eda,151458500,chunk_08,20260815T231124Z-8e185556
valid_819_a_1.nii.gz,p201,softer,Br40f,"['Br40f', '3']",20f5c11c3df4b9de294cae63b4b7314fe8c8789cfd027bcf14dcd286e7f8790e,144975501,chunk_09,20260815T231124Z-8e185556
valid_819_a_2.nii.gz,p201,sharper,Br60f,"['Br60f', '3']",e368d9dd3f243da41d106f6e799aa25b4b7ea51718b0f76dd9ccf0654175fe74,164668634,chunk_09,20260815T231124Z-8e185556
valid_825_b_1.nii.gz,p202,softer,Br40f,"['Br40f', '3']",181483970c8fd4ae97d9739706c0dcd50929dee2304846fd9b02d560c1e243d2,141079133,chunk_09,20260815T231124Z-8e185556
valid_825_b_2.nii.gz,p202,sharper,Br60f,"['Br60f', '3']",b57085f2e28bc166515f10844a189af8b76dd9d248ef0b59106b6e6982cafb0f,160123726,chunk_09,20260815T231124Z-8e185556
valid_830_b_1.nii.gz,p203,softer,Br40f,"['Br40f', '3']",212ca38f7abbc94040f8cab260048bf6cbda52682333081df50a80d9903c3a12,144593240,chunk_09,20260815T231124Z-8e185556
valid_830_b_2.nii.gz,p203,sharper,Br60f,"['Br60f', '3']",05b133cddb625c7eb0f496e19a2a73d3be5f8bd52422ab44594c5cbe3a4058ea,163472262,chunk_09,20260815T231124Z-8e185556
valid_831_a_1.nii.gz,p204,softer,Br40f,"['Br40f', '3']",4283ccb43bca868007e6ea8a41576cf4b0ba923e3686abb6292d7925fe79fcfd,165257563,chunk_09,20260815T231124Z-8e185556
valid_831_a_2.nii.gz,p204,sharper,Br60f,"['Br60f', '3']",66b0d75f35546bcfff5bc921c02816e1564a53efbc58d00cdb45286f203cfc96,191567451,chunk_09,20260815T231124Z-8e185556
valid_836_a_1.nii.gz,p205,softer,Br40f,"['Br40f', '3']",59254c754fa32085eecbbdb80d5d7eafba01ccc603b5dc345b41fb67d51708ce,150065342,chunk_09,20260815T231124Z-8e185556
valid_836_a_2.nii.gz,p205,sharper,Br60f,"['Br60f', '3']",2019d631b2360d41f8ed7f1245aa384d50c531aa447169db68ec9b8e41f54ef4,170969282,chunk_09,20260815T231124Z-8e185556
valid_846_a_1.nii.gz,p206,softer,Br40f,"['Br40f', '3']",9c8b686e67c43bc9df624ce8758135589c6f002a2e407da57ec45130610e583d,150332132,chunk_09,20260815T231124Z-8e185556
valid_846_a_2.nii.gz,p206,sharper,Br60f,"['Br60f', '3']",934fddd61455da70f3f7c44aac23359c13e712620b0ac28f1ce35c3a0517edac,170434467,chunk_09,20260815T231124Z-8e185556
valid_847_a_1.nii.gz,p207,softer,Br40f,"['Br40f', '3']",5e669f70f567bf9e7347141a0d6225b2b4b5902048001d9b1dd2bea424f3775b,129531592,chunk_09,20260815T231124Z-8e185556
valid_847_a_2.nii.gz,p207,sharper,Br60f,"['Br60f', '3']",83c007f75ab5cc4e9c73778b83eaa05e4b8045e8fd1b7f0d53de3f8ac9e9970e,146640225,chunk_09,20260815T231124Z-8e185556
valid_850_d_1.nii.gz,p208,softer,Br40f,"['Br40f', '3']",229059d1951314bee0242f61ce7255f33935ce5e1b19384a991570bd19b96aff,162171705,chunk_09,20260815T231124Z-8e185556
valid_850_d_2.nii.gz,p208,sharper,Br60f,"['Br60f', '3']",bc2b6443a504691ab8a0c3af46f9eea0f5285a95dcdee4412e69cc7164668df9,182804766,chunk_09,20260815T231124Z-8e185556
valid_850_e_1.nii.gz,p209,softer,Br40f,"['Br40f', '3']",304587d26d8e1c02e899a115790da649c6ff2f291dea47fdf883c328d250573a,160135771,chunk_09,20260815T231124Z-8e185556
valid_850_e_2.nii.gz,p209,sharper,Br60f,"['Br60f', '3']",8d5433f462cff71dd1179343055d39a32d059378522f185c3b161109d0f8b381,180342832,chunk_09,20260815T231124Z-8e185556
valid_850_f_1.nii.gz,p210,softer,Br40f,"['Br40f', '3']",f253f400081e430a289a294234b94af277544ccdc0de30299df78ff3010f4e27,143149496,chunk_09,20260815T231124Z-8e185556
valid_850_f_2.nii.gz,p210,sharper,Br60f,"['Br60f', '3']",24fda16054ee3dda27b651ff05ee108d7650c165727940f9d3197f8b2ec070a9,161130480,chunk_09,20260815T231124Z-8e185556
valid_869_a_1.nii.gz,p211,softer,Br40f,"['Br40f', '3']",66055f8839059eb269f5f729254d1ce85dd310773117ca86b0751866ec5c0563,161374872,chunk_09,20260815T231124Z-8e185556
valid_869_a_2.nii.gz,p211,sharper,Br60f,"['Br60f', '3']",d1da777ad88f15a775b879bf3c4a61e1b05cb9dc2f2716011fa51c5f5e7a0fc1,183105568,chunk_09,20260815T231124Z-8e185556
valid_869_b_1.nii.gz,p212,softer,Br40f,"['Br40f', '3']",09502249488eaff0ca83986791df2c3b2f156ae19f367b2723c890af822467f3,165685538,chunk_09,20260815T231124Z-8e185556
valid_869_b_2.nii.gz,p212,sharper,Br60f,"['Br60f', '3']",86ccca5f155281ba42d6b477af0b7518b9aa8dc010e9b0b879b1a24981d590a3,188525196,chunk_09,20260815T231124Z-8e185556
valid_872_a_1.nii.gz,p213,softer,Br40f,"['Br40f', '3']",f3cd566c8df097f1bde33352276503270c260c9f4a2b614307dbc93f24dfacf0,135843001,chunk_09,20260815T231124Z-8e185556
valid_872_a_2.nii.gz,p213,sharper,Br60f,"['Br60f', '3']",9c3d13f6e9ad271c220ebff93437bcaf3ae51bce386de5627c94379007bbd44a,154893555,chunk_09,20260815T231124Z-8e185556
valid_873_a_1.nii.gz,p214,softer,Br40f,"['Br40f', '3']",c66462145861065fc3361942da8170b83e8d7484933514daa9b9335f64ff6850,157733476,chunk_09,20260815T231124Z-8e185556
valid_873_a_2.nii.gz,p214,sharper,Br60f,"['Br60f', '3']",4bcd0d4df48b51a920a5a20098c8ce1a1e1574e71a236d5d9d9d022fcef1828c,180668815,chunk_09,20260815T231124Z-8e185556
valid_878_a_1.nii.gz,p215,softer,Br40f,"['Br40f', '3']",4c01d06b4a66ff371927d676728d511b216f8031c048d73bad82f741eaa00745,165675274,chunk_09,20260815T231124Z-8e185556
valid_878_a_2.nii.gz,p215,sharper,Br60f,"['Br60f', '3']",6cc264d2b9a72b0495465dfa8e3d09737bc5d59ec844d61ab23c5376380ab3ed,186350506,chunk_09,20260815T231124Z-8e185556
valid_886_a_1.nii.gz,p216,softer,Br40f,"['Br40f', '3']",fdb56f9ddb2a3ce0a190c608a6ce8eae8f27bdc2439a83a07828bbd0821dc3dc,153621110,chunk_09,20260815T231124Z-8e185556
valid_886_a_2.nii.gz,p216,sharper,Br60f,"['Br60f', '3']",27b2ad2e262ce02e6349efb1ff6886a417413ea3ab1290925f30f9210306020b,176069852,chunk_09,20260815T231124Z-8e185556
valid_889_a_1.nii.gz,p217,softer,Br40f,"['Br40f', '3']",9f4be9d637fd3e209c5080da0159170476e10a33c07656db4e9daa6012ba1d44,125909957,chunk_09,20260815T231124Z-8e185556
valid_889_a_2.nii.gz,p217,sharper,Br60f,"['Br60f', '3']",98f92cfe96be05702dc0c62f8a7aa7a2c3fc1d7a2c3be4b074f273e4e6e7c3cb,143784333,chunk_09,20260815T231124Z-8e185556
valid_88_a_1.nii.gz,p218,softer,Br40f,"['Br40f', '3']",921c7d2c36b130985f1849920d2068df51ac50756d2ebe1c3437159836986ca7,136826697,chunk_09,20260815T231124Z-8e185556
valid_88_a_2.nii.gz,p218,sharper,Br60f,"['Br60f', '3']",7d446c8e4b67a61c23700844ab9f18affac59a94de615245ae3b9d981a930948,156082088,chunk_09,20260815T231124Z-8e185556
valid_896_a_1.nii.gz,p219,softer,Br40f,"['Br40f', '3']",583cda1b97e69446b0060983807eaae25d242524d87a3a211af37d310a81118c,134211425,chunk_09,20260815T231124Z-8e185556
valid_896_a_2.nii.gz,p219,sharper,Br60f,"['Br60f', '3']",a1470a44dc2b7c4bd35b94cabe7ad8f7d603a929724819e79f799c2ae8432858,150940404,chunk_09,20260815T231124Z-8e185556
valid_897_a_1.nii.gz,p220,softer,Br40f,"['Br40f', '3']",3aa2b39a14514c7bd3c3fa13f369a77b5365723e97df0abf6c195e5078861575,156384933,chunk_09,20260815T231124Z-8e185556
valid_897_a_2.nii.gz,p220,sharper,Br60f,"['Br60f', '3']",a642726f9fb981a466558e7290c8f925a891315160e6d325e5f811c6d6359361,175077442,chunk_09,20260815T231124Z-8e185556
valid_908_a_1.nii.gz,p221,softer,Br40f,"['Br40f', '3']",1e8622feb41151c053670b8aeaa924724d3711f574eae7621cfd71b8b67f9a01,169696547,chunk_09,20260815T231124Z-8e185556
valid_908_a_2.nii.gz,p221,sharper,Br60f,"['Br60f', '3']",802e7055397102fd0d4e44cf4492dc8ac94f4cb07a8e9f94291e4de639f9aa2e,192105661,chunk_09,20260815T231124Z-8e185556
valid_920_a_1.nii.gz,p222,softer,Br40f,"['Br40f', '3']",8457d53104c6f7f241cf8e4028ad98d490c252a89f8770b9a59b237081f1dfc0,123841088,chunk_09,20260815T231124Z-8e185556
valid_920_a_2.nii.gz,p222,sharper,Br60f,"['Br60f', '3']",1f846f4eb6737a486d2dcf61e844df84016d099e3d4c3c75846a208c91433a09,139110048,chunk_09,20260815T231124Z-8e185556
valid_927_a_1.nii.gz,p223,softer,Br40f,"['Br40f', '3']",e00a244a17c72216b294af6be1c648fa82210964347c51a528e7d9b56aadadc5,131747078,chunk_09,20260815T231124Z-8e185556
valid_927_a_2.nii.gz,p223,sharper,Br60f,"['Br60f', '3']",0294a8c9f0cc5fca9b8461b66ddf1591da462cc52326ea11cce4fbba36a97c43,151204946,chunk_09,20260815T231124Z-8e185556
valid_92_a_1.nii.gz,p224,softer,Br40f,"['Br40f', '3']",35fffa8f5dfdef6ed8332d35bc87dc9d0c9ccbb9a7927805ed8830f89f789ccf,197544433,chunk_09,20260815T231124Z-8e185556
valid_92_a_2.nii.gz,p224,sharper,Br60f,"['Br60f', '3']",c36a08a5909fb971e418cc85d0f0db8136cdf3493287207f1ef3c573e8faf479,225312071,chunk_09,20260815T231124Z-8e185556
valid_930_a_1.nii.gz,p225,softer,Br40f,"['Br40f', '3']",2acc5e3326febdd400e712b89b0fe5c2d3bdc2cc7187b9a779492a817f08525f,125972377,chunk_09,20260815T231124Z-8e185556
valid_930_a_2.nii.gz,p225,sharper,Br60f,"['Br60f', '3']",a95dc54797f4bf6f18549e795a29f1a68aa722b69963296fc8b14e2a8292870f,144324168,chunk_09,20260815T231124Z-8e185556
valid_947_a_1.nii.gz,p226,softer,Br40f,"['Br40f', '3']",f7c07c9ffe90f6775c56543ebc92c61ca251b0aa1ff9ce842d53aa0ac726d023,157996366,chunk_10,20260815T231124Z-8e185556
valid_947_a_2.nii.gz,p226,sharper,Br60f,"['Br60f', '3']",dfda63c8360da1f3a3dd13c12275d3e8e5beacd0bbe22cb74e3daa240b7b6a2b,179471943,chunk_10,20260815T231124Z-8e185556
valid_94_a_1.nii.gz,p227,softer,Br40f,"['Br40f', '3']",e01e7d18a1e3e1d2d9eacc7aef79ba6becf49ed43c520ec75edb1789418ef4d0,155573539,chunk_10,20260815T231124Z-8e185556
valid_94_a_2.nii.gz,p227,sharper,Br60f,"['Br60f', '3']",ae9b89deb0a087e5672829282dc0da81b068ff1a658a78323036323b01c34842,174792726,chunk_10,20260815T231124Z-8e185556
valid_963_a_1.nii.gz,p228,softer,Br40f,"['Br40f', '3']",5c7a69208bf3339eb0b9f78e7ced6cc1c107169c5ec19e4f039d0ec58378c10e,147753837,chunk_10,20260815T231124Z-8e185556
valid_963_a_2.nii.gz,p228,sharper,Br60f,"['Br60f', '3']",9bee1214e1d2bc6d3ef07c7d357f49fce7ca8c5a12573ba301df5d6bdf7a10a3,168291557,chunk_10,20260815T231124Z-8e185556
valid_969_b_1.nii.gz,p229,softer,Br40f,"['Br40f', '3']",7d6bb6a163a6fb62b4f3cd53ada1d0c1b99bbf5e98b60df7b6fad10edc312d2f,153100916,chunk_10,20260815T231124Z-8e185556
valid_969_b_2.nii.gz,p229,sharper,Br60f,"['Br60f', '3']",8bf699cea25fd31a5fc4b70459b77053313723b699d6591625d8120e9b87ac4c,174193439,chunk_10,20260815T231124Z-8e185556
valid_971_b_1.nii.gz,p230,softer,Br40f,"['Br40f', '3']",3ce874c9200524c30c4398b0b8fa20d5ae133624b1329d82e57b0ff1df8b2fbc,150190129,chunk_10,20260815T231124Z-8e185556
valid_971_b_2.nii.gz,p230,sharper,Br60f,"['Br60f', '3']",c3760b8e59f13ea440122dfe4ee23bc6d80354cf5ba40b882c591dd546d618b2,171134069,chunk_10,20260815T231124Z-8e185556
valid_975_a_1.nii.gz,p231,softer,Br40f,"['Br40f', '3']",234a390ba78b4eac5484724403735b4eb2d9a2e53b3b10394ca96e28e12d5d42,133282161,chunk_10,20260815T231124Z-8e185556
valid_975_a_2.nii.gz,p231,sharper,Br60f,"['Br60f', '3']",1a2e5f0ade26ab47e85850af891770a377dcdd7dd1f4e674bf7aa8ab3310baec,151789896,chunk_10,20260815T231124Z-8e185556
valid_977_a_1.nii.gz,p232,softer,Br40f,"['Br40f', '3']",9f075462e69ec51f73e6a3e75e1a490de6b7dfbec034604e10600b4c1c414e30,162049462,chunk_10,20260815T231124Z-8e185556
valid_977_a_2.nii.gz,p232,sharper,Br60f,"['Br60f', '3']",2dcd24bd5b1fedc6760f34e3f32af1b9a6007f5cb120e039f09745536107fefc,179472441,chunk_10,20260815T231124Z-8e185556
valid_97_a_1.nii.gz,p233,softer,Br40f,"['Br40f', '3']",1cd1ebdc9b4ebfabe769154abab251d51d885711b61cdb8671042cc0779081b9,154226349,chunk_10,20260815T231124Z-8e185556
valid_97_a_2.nii.gz,p233,sharper,Br60f,"['Br60f', '3']",cf059eaf07e48bae1541b16d9d23cc54dfbe2e413ae5963b42f169da9b40e48a,176033940,chunk_10,20260815T231124Z-8e185556
valid_989_a_1.nii.gz,p234,softer,Br40f,"['Br40f', '3']",a5f89da551b6126025ed95752afe1440cd80276d589d0d87aaf3f889cdbe18ea,152137971,chunk_10,20260815T231124Z-8e185556
valid_989_a_2.nii.gz,p234,sharper,Br60f,"['Br60f', '3']",5e75e35d9a990c978d004ccf0d71328f6bb5ba23d5b490370519254cd4db5265,171648539,chunk_10,20260815T231124Z-8e185556
valid_991_a_1.nii.gz,p235,softer,Br40f,"['Br40f', '3']",1dc3ad6ecfd5c982730745b89ef1952587144b2773226678c20f62e524621674,174535529,chunk_10,20260815T231124Z-8e185556
valid_991_a_2.nii.gz,p235,sharper,Br60f,"['Br60f', '3']",f5efb333f3ab2101ec64e019154b0d154c12b66a7d9b2a65960472e78a7ebceb,195640387,chunk_10,20260815T231124Z-8e185556
valid_991_b_1.nii.gz,p236,softer,Br40f,"['Br40f', '3']",cb78ded8895a718a6d1c2dd47a4dee4aa055b5acefa071a3f58df8f2274d31c2,176732982,chunk_10,20260815T231124Z-8e185556
valid_991_b_2.nii.gz,p236,sharper,Br60f,"['Br60f', '3']",0c953fcb2fbe7ddb7ae1b30e88a0d4ce5e20b727b358156a3eac4b364382f0a5,198133430,chunk_10,20260815T231124Z-8e185556
valid_993_a_1.nii.gz,p237,softer,Br40f,"['Br40f', '3']",32823edece5f5b451d1b79bd1d7151fa2982074cab2f114ac9614376f1e139b4,162183108,chunk_10,20260815T231124Z-8e185556
valid_993_a_2.nii.gz,p237,sharper,Br60f,"['Br60f', '3']",23f22860f64757299ba52aa7d10702662fff793eeba95608159b141f1b5a0f88,182456543,chunk_10,20260815T231124Z-8e185556
valid_1007_a_2.nii.gz,p238,softer,Br40f,"['Br40f', '3']",3807d21d35ede4c82c61d23921b99f52de91be7b09f16676a9b44f93f0c08502,118556096,chunk_10,20260815T231124Z-8e185556
valid_1007_a_1.nii.gz,p238,sharper,Bl56f,"['Bl56f', '3']",792e4e5daa7b3e6729695e880af6bc3ff84edb729a24ba182e07fdcd89098d18,138163488,chunk_10,20260815T231124Z-8e185556
valid_1026_a_2.nii.gz,p239,softer,Br40f,"['Br40f', '3']",f877b25e9e546eb86525032a15c3d2716907c616c4ddc1e365c40c1af76784ba,132465621,chunk_10,20260815T231124Z-8e185556
valid_1026_a_1.nii.gz,p239,sharper,Bl56f,"['Bl56f', '3']",7c840137f76c4a9beeb8eca89612b2e4bbf73d5ae0c5a26ba8c1145c0ea04e21,153310952,chunk_10,20260815T231124Z-8e185556
valid_1031_a_2.nii.gz,p240,softer,Br40f,"['Br40f', '3']",15391925d926f375dc6783d95eb0dc83d217b52321fddaac551d157a0fad4c76,112556800,chunk_10,20260815T231124Z-8e185556
valid_1031_a_1.nii.gz,p240,sharper,Bl56f,"['Bl56f', '3']",5ac61f6200b7768ff3e0e8d77055b25eda27e7b4d452253ba4003d2284399939,128173165,chunk_10,20260815T231124Z-8e185556
valid_1035_a_2.nii.gz,p241,softer,Br40f,"['Br40f', '3']",e6cbaef0705a9430d120b472bf5956a522ae15e958f89b89038fa296da31a352,118278281,chunk_10,20260815T231124Z-8e185556
valid_1035_a_1.nii.gz,p241,sharper,Bl56f,"['Bl56f', '3']",b2275596b99def016101efaacbbf698958c7d899dfe81533a46b74bff7452b9c,137804723,chunk_10,20260815T231124Z-8e185556
valid_104_a_2.nii.gz,p242,softer,Br40f,"['Br40f', '3']",ac9302240bcbb4eaa379ff4beec31338abf34474e870bb8fab4105b5c44311d5,123518273,chunk_10,20260815T231124Z-8e185556
valid_104_a_1.nii.gz,p242,sharper,Bl56f,"['Bl56f', '3']",c9564d8164254f0a21e10dabb6557ed938a6b0ac3f2218b020591dd4c1508919,143062485,chunk_10,20260815T231124Z-8e185556
valid_1061_a_2.nii.gz,p243,softer,Br40f,"['Br40f', '3']",3414ce86c0a52900adcd3a89fa6ef131b0b4e9997f2c230645d76ee95ba8630f,105793372,chunk_10,20260815T231124Z-8e185556
valid_1061_a_1.nii.gz,p243,sharper,Bl56f,"['Bl56f', '3']",49b69e010288d8ac23226c14eebac33f2f8790a94bb4b36e32d5ddbff929cf55,122789926,chunk_10,20260815T231124Z-8e185556
valid_1093_a_2.nii.gz,p244,softer,Br40f,"['Br40f', '3']",6dbc30e4c36f08c09821934643967c5754f0e1d04fdac0a1fedb024da5e00986,114290021,chunk_10,20260815T231124Z-8e185556
valid_1093_a_1.nii.gz,p244,sharper,Bl56f,"['Bl56f', '3']",8f77560469958b28191f303d00ac43a4652ce7e227956d427f1488e4d6634735,133906857,chunk_10,20260815T231124Z-8e185556
valid_1097_c_2.nii.gz,p245,softer,Br40f,"['Br40f', '3']",4e1df694e14a8514731dcdccbae77bb5bf8a1882506c8b41ddd4ebd5fd0508f4,123654928,chunk_10,20260815T231124Z-8e185556
valid_1097_c_1.nii.gz,p245,sharper,Bl56f,"['Bl56f', '3']",4cbb588bc8d9ea192a03d1f9891bfbb458190f0405ed18b9af7a6008e921256a,141719280,chunk_10,20260815T231124Z-8e185556
valid_1104_a_2.nii.gz,p246,softer,Br40f,"['Br40f', '3']",35623eb4e011fe9b0436271c8bffc42266949962afa3f5b012a8b4d556de9bd4,107983055,chunk_10,20260815T231124Z-8e185556
valid_1104_a_1.nii.gz,p246,sharper,Bl56f,"['Bl56f', '3']",080e70297a32ee73f50ddfb2d7c91764e832d6139eb5a5ce6ca06307fe9c5104,124913055,chunk_10,20260815T231124Z-8e185556
valid_1117_a_2.nii.gz,p247,softer,Br40f,"['Br40f', '3']",23f45095a625c42522b19eaa4824dfe6664bf43d986a2f1559267ba957254b7f,151224961,chunk_10,20260815T231124Z-8e185556
valid_1117_a_1.nii.gz,p247,sharper,Bl56f,"['Bl56f', '3']",d04decac1488b04f6349a9e8a28102b8514a985a9f866f18be38b76ba2c6a14a,174936230,chunk_10,20260815T231124Z-8e185556
valid_1148_b_2.nii.gz,p248,softer,Br40f,"['Br40f', '3']",438733a25cc2fd1bce877c736e2116de5f4d4107201aa1210adf3d426a3623ef,102486239,chunk_10,20260815T231124Z-8e185556
valid_1148_b_1.nii.gz,p248,sharper,Bl56f,"['Bl56f', '3']",c17c5997bbdf374bfcfa91e48168aba6c50f7c7fe4f07c5ad1e299c885693a25,118782791,chunk_10,20260815T231124Z-8e185556
valid_1160_a_2.nii.gz,p249,softer,Br40f,"['Br40f', '3']",8931fa754491ca11f1d3afe7b9697998becd1824103153697d38bf33c72b871a,125103528,chunk_10,20260815T231124Z-8e185556
valid_1160_a_1.nii.gz,p249,sharper,Bl56f,"['Bl56f', '3']",c58b11c5fc0553736b1cc97fcbb319cf6c01558fdfa5042ecb3c5e126c344edb,145021096,chunk_10,20260815T231124Z-8e185556
valid_1175_a_2.nii.gz,p250,softer,Br40f,"['Br40f', '3']",c180ae55cd6302842794eea4bced4ea378b94fb8a7fa081e199af9c101412684,102607623,chunk_10,20260815T231124Z-8e185556
valid_1175_a_1.nii.gz,p250,sharper,Bl56f,"['Bl56f', '3']",c18465f8aef41eeaa0877eb8503b856873e7aedc0ff61104efe09d2395c640bb,118759436,chunk_10,20260815T231124Z-8e185556
valid_1188_a_2.nii.gz,p251,softer,Br40f,"['Br40f', '3']",c9fa7112902a3d52f46bb8cc1060344f0b03b76b10640d3c300a8fe2a12d2059,121599223,chunk_11,20260815T231124Z-8e185556
valid_1188_a_1.nii.gz,p251,sharper,Bl56f,"['Bl56f', '3']",927e119786019bf459a5f83de9f54a45bb120032122105479d4325df43f8c0df,140563332,chunk_11,20260815T231124Z-8e185556
valid_118_a_2.nii.gz,p252,softer,Br40f,"['Br40f', '3']",99a5b77fce1d5dfd2b87fa9b5369c3106e5dbe163ed16ce758172a78e735138d,117386561,chunk_11,20260815T231124Z-8e185556
valid_118_a_1.nii.gz,p252,sharper,Bl56f,"['Bl56f', '3']",9b906ac4d60210643a47d0a16e920fbbf863be183388f771e201b86697945e76,136616254,chunk_11,20260815T231124Z-8e185556
valid_118_c_2.nii.gz,p253,softer,Br40f,"['Br40f', '3']",2825982a72b5164d3521795af225bb2b66971961f7a488c0b2061047ac1cc046,120452219,chunk_11,20260815T231124Z-8e185556
valid_118_c_1.nii.gz,p253,sharper,Bl56f,"['Bl56f', '3']",137c683adf376005d3ae5f42a1a3959eadc868422a10002e1668ac9a37bab329,137564094,chunk_11,20260815T231124Z-8e185556
valid_118_d_2.nii.gz,p254,softer,Br40f,"['Br40f', '3']",2a230096f56f3a9c994d1c3dfa998082c366157bdd11c7b0a78a01cce6900259,120108505,chunk_11,20260815T231124Z-8e185556
valid_118_d_1.nii.gz,p254,sharper,Bl56f,"['Bl56f', '3']",69d94bb22fa925da47b82553021f225e97503b441a88ac683cd121834a05ec9a,138779134,chunk_11,20260815T231124Z-8e185556
valid_1194_a_2.nii.gz,p255,softer,Br40f,"['Br40f', '3']",e6bae49777fe9bb88f0d8c59e47a2dcfc2150784cf32d78d898a9da5c5c73f63,104556044,chunk_11,20260815T231124Z-8e185556
valid_1194_a_1.nii.gz,p255,sharper,Bl56f,"['Bl56f', '3']",5683aabdbcb174f0ededd4343e7a5d0aa21a2dc505f80ebca52089903512632d,121891191,chunk_11,20260815T231124Z-8e185556
valid_119_a_2.nii.gz,p256,softer,Br40f,"['Br40f', '3']",5b3f03642c88db04c2daeb57c9bbc4818c2592275e4c03b572aab66eef5b0e37,144429169,chunk_11,20260815T231124Z-8e185556
valid_119_a_1.nii.gz,p256,sharper,Bl56f,"['Bl56f', '3']",f62f97d52d33e8a24cbeac80a15a396258d0e0e3ece535d93e66d4b59e1cf7b3,166719492,chunk_11,20260815T231124Z-8e185556
valid_1202_a_2.nii.gz,p257,softer,Br40f,"['Br40f', '3']",6e28fbb67fcbae40d42c2c8b3469bcba77b351c7f40317921e1486be144626fa,124004379,chunk_11,20260815T231124Z-8e185556
valid_1202_a_1.nii.gz,p257,sharper,Bl56f,"['Bl56f', '3']",ad9f500e7e92eeb1a2c94ddc3cb31218234a5ea0ea6fa5c8992fefb2e61a4cb4,142647054,chunk_11,20260815T231124Z-8e185556
valid_1203_a_2.nii.gz,p258,softer,Br40f,"['Br40f', '3']",afe9b2436fa954311097b875d65a9ef683667eae8c3046429bcbdbf303613c51,128750157,chunk_11,20260815T231124Z-8e185556
valid_1203_a_1.nii.gz,p258,sharper,Bl56f,"['Bl56f', '3']",d840fe17302dc3b5f0cb41e775a52db1be3c459b8eaa67b9346025b79e1f9b94,147273591,chunk_11,20260815T231124Z-8e185556
valid_1219_a_2.nii.gz,p259,softer,Br40f,"['Br40f', '3']",9a61b9ca457eed91e1f4bcdc1c52ce0e4f1a1b0495ff0223dca39ffa69ce0e50,116948966,chunk_11,20260815T231124Z-8e185556
valid_1219_a_1.nii.gz,p259,sharper,Bl56f,"['Bl56f', '3']",84dba2b1581e610370947d90093077a7b275be7ac6fe7a1d673e1bddde507d53,136820767,chunk_11,20260815T231124Z-8e185556
valid_1237_a_2.nii.gz,p260,softer,Br40f,"['Br40f', '3']",6aef481baa67c3cfd0250b9d2c1639841bcef9c3406639e922731ab3036ecef6,118041805,chunk_11,20260815T231124Z-8e185556
valid_1237_a_1.nii.gz,p260,sharper,Bl56f,"['Bl56f', '3']",e118c498bf6a54f37dc41578e25c794547eeada508a0abc3ae2d5df640edc932,136610224,chunk_11,20260815T231124Z-8e185556
valid_1243_a_2.nii.gz,p261,softer,Br40f,"['Br40f', '3']",88c2782f53a5db34574276fafa88342208a0c2a9d49a4499efc038e280609db0,113730887,chunk_11,20260815T231124Z-8e185556
valid_1243_a_1.nii.gz,p261,sharper,Bl56f,"['Bl56f', '3']",10981e9b30badb8ec586c8db5926dc78c09cb8c4b06e7de24e5d941972f3c6d7,132196559,chunk_11,20260815T231124Z-8e185556
valid_1243_b_2.nii.gz,p262,softer,Br40f,"['Br40f', '3']",30b2007106c95df9cffce7f69f8215facb9e969984946ed15d9c2099a2e6f09f,120906640,chunk_11,20260815T231124Z-8e185556
valid_1243_b_1.nii.gz,p262,sharper,Bl56f,"['Bl56f', '3']",17a0efdd38cf53bc8c6ec26c1e1e5b1ea9896713927a02a50be3fadd6c6e126a,142216832,chunk_11,20260815T231124Z-8e185556
valid_1246_a_2.nii.gz,p263,softer,Br40f,"['Br40f', '3']",0df49ecdc8d22c32c46609bdf48c8da31698778ad563b85a087dc6c1f9e0ea74,124203033,chunk_11,20260815T231124Z-8e185556
valid_1246_a_1.nii.gz,p263,sharper,Bl56f,"['Bl56f', '3']",8b2d8e769347d7840609282a7db1168e84b97bcc45e29eaf8195730e8d5e3e22,143688344,chunk_11,20260815T231124Z-8e185556
valid_1258_a_2.nii.gz,p264,softer,Br40f,"['Br40f', '3']",14c7a802caa7e16fc7b4b64514955dfb342b0a57423e63cacaf25e10682a3e83,108400476,chunk_11,20260815T231124Z-8e185556
valid_1258_a_1.nii.gz,p264,sharper,Bl56f,"['Bl56f', '3']",1d47dfd4e5447e7ca84d514195be6d580eca1a9e6086d638cd2feaef227cfc9a,124665209,chunk_11,20260815T231124Z-8e185556
valid_1258_b_2.nii.gz,p265,softer,Br40f,"['Br40f', '3']",7c8a8dd4229e60e9e7aacd880b3d05b3e128a5d31374dfe9ad8d8772784afa72,128518612,chunk_11,20260815T231124Z-8e185556
valid_1258_b_1.nii.gz,p265,sharper,Bl56f,"['Bl56f', '3']",0a0aa8fc3e9401b916b680cac258d3126f5d0f6214dcccb06442a6dc8ea8a01e,148424525,chunk_11,20260815T231124Z-8e185556
valid_1268_a_2.nii.gz,p266,softer,Br40f,"['Br40f', '3']",59c280f41763b2c12991c08c710f8a9c5844b96d84c00c35f78e6e4a0f9c29e8,145739420,chunk_11,20260815T231124Z-8e185556
valid_1268_a_1.nii.gz,p266,sharper,Bl56f,"['Bl56f', '3']",be1034e38f851db88df2b5e674a28abb27418575c5b4ae8c4b9ecc1d324d6176,169525651,chunk_11,20260815T231124Z-8e185556
valid_1269_a_2.nii.gz,p267,softer,Br40f,"['Br40f', '3']",1359cdeb7328c769db986c3b96c2ac8cf7f5c5b8adb8df3a43e4bd6bcac5737b,115315666,chunk_11,20260815T231124Z-8e185556
valid_1269_a_1.nii.gz,p267,sharper,Bl56f,"['Bl56f', '3']",c5cd11ba724508c84c34600fef3b6603cf210b057cd0c0157badb7aa1be0666b,135975220,chunk_11,20260815T231124Z-8e185556
valid_126_a_2.nii.gz,p268,softer,Br40f,"['Br40f', '3']",3a42b5392deaadb94d7b85d900fdd757442b8142e1b2f2a7fcab0da37fb3bb3f,111133764,chunk_11,20260815T231124Z-8e185556
valid_126_a_1.nii.gz,p268,sharper,Bl56f,"['Bl56f', '3']",bd449e2e02ea3a4f7262c438762717a557ba401b5cd95665bce15611ef4e464b,129657031,chunk_11,20260815T231124Z-8e185556
valid_127_a_2.nii.gz,p269,softer,Br40f,"['Br40f', '3']",5071e3fc232f1e3b17fe6d07130082fa5d7eebd5b930d737e9c02aaca4abc2b6,127562973,chunk_11,20260815T231124Z-8e185556
valid_127_a_1.nii.gz,p269,sharper,Bl56f,"['Bl56f', '3']",b12cb280707df650e080ad35c7fda91aa61c6dfa9f00a54b51a4b0bf024bcc19,147408466,chunk_11,20260815T231124Z-8e185556
valid_1287_a_2.nii.gz,p270,softer,Br40f,"['Br40f', '3']",02a0499a7894682d028760a09a52b9ab9f016cd6b06867f0d877a1268eadd3bf,120191601,chunk_11,20260815T231124Z-8e185556
valid_1287_a_1.nii.gz,p270,sharper,Bl56f,"['Bl56f', '3']",73b274723cf9175bc75a70e4f29a5e0d0628354840338398a4faf4dc75ef4ed7,140739769,chunk_11,20260815T231124Z-8e185556
valid_1293_a_2.nii.gz,p271,softer,Br40f,"['Br40f', '3']",68ae831e9d0dc836697276140e2028150cf334cae74416a4e0ea6b035adf9aa4,130699181,chunk_11,20260815T231124Z-8e185556
valid_1293_a_1.nii.gz,p271,sharper,Bl56f,"['Bl56f', '3']",9063b69ffd882c1be348c7e73514b787f1f168128e540820a630e009e73321ed,151427487,chunk_11,20260815T231124Z-8e185556
valid_1298_a_2.nii.gz,p272,softer,Br40f,"['Br40f', '3']",81f4bea9e272f6af9432bf0be6ed4330480e3df1ac66d1f65c514d5b20b65eb9,124448312,chunk_11,20260815T231124Z-8e185556
valid_1298_a_1.nii.gz,p272,sharper,Bl56f,"['Bl56f', '3']",5ec81587780689391158e1342067754f7e085f7c0cd52ea3ceec7787e7eb3e02,143536227,chunk_11,20260815T231124Z-8e185556
valid_1303_a_2.nii.gz,p273,softer,Br40f,"['Br40f', '3']",ebaed1e76bfe1fb64298c31d3f61e8ca88cb95d43ed4a6cc6f7c65ed743e774d,132620974,chunk_11,20260815T231124Z-8e185556
valid_1303_a_1.nii.gz,p273,sharper,Bl56f,"['Bl56f', '3']",18711c9f64b299ee28b8c37647cc76d840a52a4e6a8f8dc434fde7beaaa3a21e,151712058,chunk_11,20260815T231124Z-8e185556
valid_151_c_2.nii.gz,p274,softer,Br40f,"['Br40f', '3']",1c9091b7592534da1b6c1d01892c0948633f7daa849b0cc995bb2c400a3757bb,126622614,chunk_11,20260815T231124Z-8e185556
valid_151_c_1.nii.gz,p274,sharper,Bl56f,"['Bl56f', '3']",4cbd08f737c83c9c398f0b549162cfcca19da2cdd78bc8101e9939fa6fab08f3,146190066,chunk_11,20260815T231124Z-8e185556
valid_153_a_2.nii.gz,p275,softer,Br40f,"['Br40f', '3']",93918dffe8695def61f87554d59f9ea0cea249d9c9000e16a67c3006e7cc2117,108140245,chunk_11,20260815T231124Z-8e185556
valid_153_a_1.nii.gz,p275,sharper,Bl56f,"['Bl56f', '3']",ea6de0418e2749cbdc5ab239610b3b9a9e0d69a2ee43ab150ad51c6866a5b186,124522195,chunk_11,20260815T231124Z-8e185556
valid_168_a_2.nii.gz,p276,softer,Br40f,"['Br40f', '3']",1be9e540b7f325a6451bcc51339a6eefafa9d76de464816d48728f32fecfd25f,152926606,chunk_12,20260815T231124Z-8e185556
valid_168_a_1.nii.gz,p276,sharper,Bl56f,"['Bl56f', '3']",6f8797c49c90ad7bafb84cedf168716de04bbae251c2d8a9669b6cf990decaa6,174533625,chunk_12,20260815T231124Z-8e185556
valid_168_b_2.nii.gz,p277,softer,Br40f,"['Br40f', '3']",930d8d64fab98502b73d8b6d087a25aa98d4953fcba50006e29253a5d0842aa8,137005648,chunk_12,20260815T231124Z-8e185556
valid_168_b_1.nii.gz,p277,sharper,Bl56f,"['Bl56f', '3']",de87f1e5ea6199abc484e062850fca046b249a33be766b504fae38cf0eb5da73,156779658,chunk_12,20260815T231124Z-8e185556
valid_169_a_2.nii.gz,p278,softer,Br40f,"['Br40f', '3']",d37d98f5523b8a2e0bb87f3eb77cb6a3282851b2afb4bc065f7f81d7067f0b39,126165965,chunk_12,20260815T231124Z-8e185556
valid_169_a_1.nii.gz,p278,sharper,Bl56f,"['Bl56f', '3']",e7cc41a16a480516f9e20b60e7fe8976b7d4dcdae7da363b976c7ec9d8e642b2,146206724,chunk_12,20260815T231124Z-8e185556
valid_174_a_2.nii.gz,p279,softer,Br40f,"['Br40f', '3']",4b6e16f8d53ebd76baa14323cced5471bfc5bf62318cfd66bbfb539792b7a3bd,111189686,chunk_12,20260815T231124Z-8e185556
valid_174_a_1.nii.gz,p279,sharper,Bl56f,"['Bl56f', '3']",2a8c27b77efa759efeb2618f77423cb51b673ff788a687c2be9a7dc4e96696df,129902948,chunk_12,20260815T231124Z-8e185556
valid_176_a_2.nii.gz,p280,softer,Br40f,"['Br40f', '3']",5811db1a66e5a3a14bb58c665cedb60cfefd01ade47e6a5d8f59ec155b6b722d,115010295,chunk_12,20260815T231124Z-8e185556
valid_176_a_1.nii.gz,p280,sharper,Bl56f,"['Bl56f', '3']",2a433eda349d5e8412c7924a1b186b6f0e58754b6d7c39b14ef5037d5b7fdc8c,133131637,chunk_12,20260815T231124Z-8e185556
valid_198_a_2.nii.gz,p281,softer,Br40f,"['Br40f', '3']",7876e934ac9fb0b8b3f6785017aa0d8b8e9611370ba8a90ffa56cd0e1906f1d0,128864381,chunk_12,20260815T231124Z-8e185556
valid_198_a_1.nii.gz,p281,sharper,Bl56f,"['Bl56f', '3']",a2429a3976f189d325eb2e2a3ecec9c086944c9affbefab7f26938cf216d1bf7,148741263,chunk_12,20260815T231124Z-8e185556
valid_220_a_2.nii.gz,p282,softer,Br40f,"['Br40f', '3']",fbc648971bc5fb1c0a74c1e1c21315f6fd5dde22a2d8756dfa70674c7bf6ea9e,113972425,chunk_12,20260815T231124Z-8e185556
valid_220_a_1.nii.gz,p282,sharper,Bl56f,"['Bl56f', '3']",1996e74527ce0fa9d0672d62382731468b660e45d52168812dfed32023e36aaa,131850950,chunk_12,20260815T231124Z-8e185556
valid_240_a_2.nii.gz,p283,softer,Br40f,"['Br40f', '3']",608cb5c2750460ce10500cf1905d17bbece9ceab7f7ab13b58a9c43ca8fa5698,135770175,chunk_12,20260815T231124Z-8e185556
valid_240_a_1.nii.gz,p283,sharper,Bl56f,"['Bl56f', '3']",3bc59b6bf3f2971c6ecf6f4910e202503dbc21c177d890caa312edb469507dce,156047221,chunk_12,20260815T231124Z-8e185556
valid_275_a_2.nii.gz,p284,softer,Br40f,"['Br40f', '3']",cf1309e9e626ebdedecfc273a623c99228ee6c9c022b49e8bef667b6912518ef,86564622,chunk_12,20260815T231124Z-8e185556
valid_275_a_1.nii.gz,p284,sharper,Bl56f,"['Bl56f', '3']",6a0d99752cec98c7247cffc186466a8f8837412be4459cbca9ed119310a83ed9,99104823,chunk_12,20260815T231124Z-8e185556
valid_277_a_2.nii.gz,p285,softer,Br40f,"['Br40f', '3']",e168a7a8a54a79688789dcfd5e651712c58300bb107b5d12e0c3c5decfa28ca0,125165260,chunk_12,20260815T231124Z-8e185556
valid_277_a_1.nii.gz,p285,sharper,Bl56f,"['Bl56f', '3']",4ce07ac4815692430ea4ec6fb6a0ad5d3ab7f600d3a92891c62fa8d29740f2b2,143854714,chunk_12,20260815T231124Z-8e185556
valid_277_b_2.nii.gz,p286,softer,Br40f,"['Br40f', '3']",ca011d83dc67748128d2a4e36b10b0d42b8eb4b6cd714e37bed5144f9161abd7,129022061,chunk_12,20260815T231124Z-8e185556
valid_277_b_1.nii.gz,p286,sharper,Bl56f,"['Bl56f', '3']",9f2d4487853676ae593b2de7f455aa4beec97f21723ba4902b1826351ac39710,148972672,chunk_12,20260815T231124Z-8e185556
valid_277_d_2.nii.gz,p287,softer,Br40f,"['Br40f', '3']",22f566382ab385061666362bfe05fea259bac8ef1ae982773910cd289855d3c3,120199137,chunk_12,20260815T231124Z-8e185556
valid_277_d_1.nii.gz,p287,sharper,Bl56f,"['Bl56f', '3']",f8b1459b8f5e46f194bf07ebffe46e31725e4c9ef04a1b6d44dce05178a746d8,138858638,chunk_12,20260815T231124Z-8e185556
valid_277_e_2.nii.gz,p288,softer,Br40f,"['Br40f', '3']",95a65db31d06e671e4e72f239f3d8ee0fd9dfe76036f0f2a401587e57631cb33,108854179,chunk_12,20260815T231124Z-8e185556
valid_277_e_1.nii.gz,p288,sharper,Bl56f,"['Bl56f', '3']",98d1e4087634f2c544e1a4fbd6e418e34fa8dd5f82fe51a637f9726161c07eb9,125560208,chunk_12,20260815T231124Z-8e185556
valid_277_f_2.nii.gz,p289,softer,Br40f,"['Br40f', '3']",cd270e851bcde2025f23ae46532743704bd47afb1e53913d33019f96bfbece7c,106770801,chunk_12,20260815T231124Z-8e185556
valid_277_f_1.nii.gz,p289,sharper,Bl56f,"['Bl56f', '3']",a22807040b1e4c06b8a08d16d291c03ff1daab9ce10488c6a16d93b0bca31fff,123321397,chunk_12,20260815T231124Z-8e185556
valid_278_b_2.nii.gz,p290,softer,Br40f,"['Br40f', '3']",72cb69c376e59ce6f90af7686960df00c9346251c929050b60d95b60fd203a52,121662533,chunk_12,20260815T231124Z-8e185556
valid_278_b_1.nii.gz,p290,sharper,Bl56f,"['Bl56f', '3']",acbe93bd6800a49fae1c1bb464a3ab6e91161ec3ebc9f3a4852baaf728ca4788,140986219,chunk_12,20260815T231124Z-8e185556
valid_281_a_2.nii.gz,p291,softer,Br40f,"['Br40f', '3']",a1de288fb60743dcbac25cfd1de349ff2c7cc94ac1c247933af9ac433bee8a9e,110153465,chunk_12,20260815T231124Z-8e185556
valid_281_a_1.nii.gz,p291,sharper,Bl56f,"['Bl56f', '3']",171b22b09194446aa81c80480fe03ebb498a924e13042173903e63e1d3a07100,127990216,chunk_12,20260815T231124Z-8e185556
valid_285_a_2.nii.gz,p292,softer,Br40f,"['Br40f', '3']",1d382a772c7cefb777f759cf1e9d6ac7181c3859866d291a34f54b1b4f77dabb,110680370,chunk_12,20260815T231124Z-8e185556
valid_285_a_1.nii.gz,p292,sharper,Bl56f,"['Bl56f', '3']",1926b51fb2a0cb5979acad40db39ff655aaf72f5da13f186720126c9040ab399,129459434,chunk_12,20260815T231124Z-8e185556
valid_286_a_2.nii.gz,p293,softer,Br40f,"['Br40f', '3']",847884b58888390747ba7579dd7e73dfd3e2fab7b27b06f50c077beb7af1d931,101624819,chunk_12,20260815T231124Z-8e185556
valid_286_a_1.nii.gz,p293,sharper,Bl56f,"['Bl56f', '3']",fb0e86924b9f81fffdb9471421d804260b46d0fee5f8f06d49feb6f15e137f38,118612981,chunk_12,20260815T231124Z-8e185556
valid_302_a_2.nii.gz,p294,softer,Br40f,"['Br40f', '3']",e1de2b64e80992e4a29138d0173b7ae6c81c8ee219c54f004a22a2365aaad789,134223660,chunk_12,20260815T231124Z-8e185556
valid_302_a_1.nii.gz,p294,sharper,Bl56f,"['Bl56f', '3']",d611da4e28c75cdd3a067adf1ba9bb2309bbefe2b6efb5f5a5f3db67e617d66c,156782150,chunk_12,20260815T231124Z-8e185556
valid_322_a_2.nii.gz,p295,softer,Br40f,"['Br40f', '3']",f096852480433e23d800671d305aba1824fbd158eedcf77bf64a497da4f32fdd,110193556,chunk_12,20260815T231124Z-8e185556
valid_322_a_1.nii.gz,p295,sharper,Bl56f,"['Bl56f', '3']",203c33eae55df30110d2a9d74172055d544198ed1d873a4b58b31b4492828e68,128353987,chunk_12,20260815T231124Z-8e185556
valid_331_e_2.nii.gz,p296,softer,Br40f,"['Br40f', '3']",d09c4bc05f6902cae4470a1361454322fe2f42271a699344857f42ca26d6482a,133050936,chunk_12,20260815T231124Z-8e185556
valid_331_e_1.nii.gz,p296,sharper,Bl56f,"['Bl56f', '3']",3222fbb4351dae78d605b9d4f3440ddfca81ade226296814dd9fc28c3ccee851,153065070,chunk_12,20260815T231124Z-8e185556
valid_333_b_2.nii.gz,p297,softer,Br40f,"['Br40f', '3']",0d3a6d53d874d089e3ba509e9789c86883c395380da97acf1a0a7fcd271b896e,120248836,chunk_12,20260815T231124Z-8e185556
valid_333_b_1.nii.gz,p297,sharper,Bl56f,"['Bl56f', '3']",ce66e0bdc2ecdaa9ae6312f9d974661aa8a7ddecae8a52715fc2487feeed8fda,140318422,chunk_12,20260815T231124Z-8e185556
valid_342_a_2.nii.gz,p298,softer,Br40f,"['Br40f', '3']",916980793b1a4104427f6f9da852ada940e60c8c85df96dba50162f27807b7a4,115128218,chunk_12,20260815T231124Z-8e185556
valid_342_a_1.nii.gz,p298,sharper,Bl56f,"['Bl56f', '3']",59cbcd20782f98bb0d1d7994fc6b6ce988410fe6672715551171e69dc6af8387,134048822,chunk_12,20260815T231124Z-8e185556
valid_359_a_2.nii.gz,p299,softer,Br40f,"['Br40f', '3']",245ee1d6397dc83df6d8de9cf36620d5d2097722b8cf25486f225a9281651021,127905842,chunk_12,20260815T231124Z-8e185556
valid_359_a_1.nii.gz,p299,sharper,Bl56f,"['Bl56f', '3']",228f82670de081d060a25b05209f6499ebf38e78a297677fff04435975880b40,148314322,chunk_12,20260815T231124Z-8e185556
valid_362_a_2.nii.gz,p300,softer,Br40f,"['Br40f', '3']",53bd0cacd24e5c36f67060c5cad622672b1bf4e4e4228cc7d94045e806ba23ba,106536581,chunk_12,20260815T231124Z-8e185556
valid_362_a_1.nii.gz,p300,sharper,Bl56f,"['Bl56f', '3']",b259fadd45eaa7d2419b337a1adf31147a679e097b1d9e2383d5d0d0458c7302,122031912,chunk_12,20260815T231124Z-8e185556
valid_362_b_2.nii.gz,p301,softer,Br40f,"['Br40f', '3']",1556f39cf3a15a114e003026274215a5a48f4146fbbebb4eb18f3a8e619cc322,101979955,chunk_13,20260815T231124Z-8e185556
valid_362_b_1.nii.gz,p301,sharper,Bl56f,"['Bl56f', '3']",491771b9e0f0d644debaa3d332577d51676ea0d19e7969a728a3d723e4e920d6,117884964,chunk_13,20260815T231124Z-8e185556
valid_377_a_2.nii.gz,p302,softer,Br40f,"['Br40f', '3']",fb58be43c69ae052126d625f8fecc78d143ae3aa43b216dac83658a16669a67c,116209398,chunk_13,20260815T231124Z-8e185556
valid_377_a_1.nii.gz,p302,sharper,Bl56f,"['Bl56f', '3']",106f75e4393ac7e46d37eaf729c3d2b5f361d5d458f6d8bf76940e0ac861efaf,134248799,chunk_13,20260815T231124Z-8e185556
valid_382_b_2.nii.gz,p303,softer,Br40f,"['Br40f', '3']",727ac7768de6b2bc5e5472cf0cd601c4fbd0ba9a81bd6cd010c30112153646df,116127726,chunk_13,20260815T231124Z-8e185556
valid_382_b_1.nii.gz,p303,sharper,Bl56f,"['Bl56f', '3']",03c9353c575046b16bd0433acb544697a0bd0aac96bd054e15e8043bc60f6c62,135466456,chunk_13,20260815T231124Z-8e185556
valid_382_c_2.nii.gz,p304,softer,Br40f,"['Br40f', '3']",343cba70e5d1e360bf9511871b4251204f5501feeefad2ef8a9b292bf168d690,111392422,chunk_13,20260815T231124Z-8e185556
valid_382_c_1.nii.gz,p304,sharper,Bl56f,"['Bl56f', '3']",6675036a0a62e6ad35e13c93466ba138542c9d94c310ed59979449542dbe964f,128687661,chunk_13,20260815T231124Z-8e185556
valid_397_a_2.nii.gz,p305,softer,Br40f,"['Br40f', '3']",245ca6930e68cd4853d9ba33d1f265858880cb9e11942aaa36a815a926285bfd,105323497,chunk_13,20260815T231124Z-8e185556
valid_397_a_1.nii.gz,p305,sharper,Bl56f,"['Bl56f', '3']",efdbd0324a98d370b0dbccbca3e8175f0b6640b60c291ba6cf9a1cea5695cccb,122167050,chunk_13,20260815T231124Z-8e185556
valid_406_a_2.nii.gz,p306,softer,Br40f,"['Br40f', '3']",cc17510f86392b1d0586f322a72983eb7011c709377bd54c976584e32de2fc5f,112275690,chunk_13,20260815T231124Z-8e185556
valid_406_a_1.nii.gz,p306,sharper,Bl56f,"['Bl56f', '3']",adfbe916b810b65a0434abba31bad99f1b2a4cb69335a8f92e106c7d0d273670,131666844,chunk_13,20260815T231124Z-8e185556
valid_419_a_2.nii.gz,p307,softer,Br40f,"['Br40f', '3']",cf9cae7c4e6bc1b9cc000f154d5b6d969700be5750c9e1f7b727962efd60f25e,121323065,chunk_13,20260815T231124Z-8e185556
valid_419_a_1.nii.gz,p307,sharper,Bl56f,"['Bl56f', '3']",0dec89771fc48d044a2bc80ccef0501ab82dcfa5872a3b0c1765c6a6ff796a97,140048362,chunk_13,20260815T231124Z-8e185556
valid_436_a_2.nii.gz,p308,softer,Br40f,"['Br40f', '3']",d08fc81762a48d0dd8d2f08aec96695d95f32a80288debb7a8674dd79f91ad45,119796823,chunk_13,20260815T231124Z-8e185556
valid_436_a_1.nii.gz,p308,sharper,Bl56f,"['Bl56f', '3']",6b2c90f33148d91a4c9dd529b930d5f841073b33c1cd9194c26d3a1794db74b9,139174798,chunk_13,20260815T231124Z-8e185556
valid_457_b_2.nii.gz,p309,softer,Br40f,"['Br40f', '3']",4edba1bb2fbe8be21e62078fcd8659f865d4d7009d2fc7fe031c7b08100d2db1,113810324,chunk_13,20260815T231124Z-8e185556
valid_457_b_1.nii.gz,p309,sharper,Bl56f,"['Bl56f', '3']",8fb9fb4a4521990325e6457fd8ec3ba7e558ce0982e7de10af72c55a35a5e698,132108285,chunk_13,20260815T231124Z-8e185556
valid_457_c_2.nii.gz,p310,softer,Br40f,"['Br40f', '3']",65cfc19ea7687c108199b524fb8e7d1cc7adba17c1879a71ac71500f97155c90,113551929,chunk_13,20260815T231124Z-8e185556
valid_457_c_1.nii.gz,p310,sharper,Bl56f,"['Bl56f', '3']",5f4052ed384f1bc97093e63be8838b5f6064d9f97c086d94bf091f41e244f19f,129821702,chunk_13,20260815T231124Z-8e185556
valid_457_d_2.nii.gz,p311,softer,Br40f,"['Br40f', '3']",0d1aad55f0b3fc2992ed9cde39a60d48d198b9759a3bdc7bfd69ff4f93e1bb3d,100456048,chunk_13,20260815T231124Z-8e185556
valid_457_d_1.nii.gz,p311,sharper,Bl56f,"['Bl56f', '3']",fd95174944a008380e8a653d466c5197fc3ebc4d101010452a12902e9f4f224e,116807994,chunk_13,20260815T231124Z-8e185556
valid_45_a_2.nii.gz,p312,softer,Br40f,"['Br40f', '3']",e58192592ebb170a51ccc7ea7cdcba47887f19ecdb888ff3897ca9b4d2e1e638,107070517,chunk_13,20260815T231124Z-8e185556
valid_45_a_1.nii.gz,p312,sharper,Bl56f,"['Bl56f', '3']",9ffd511e34785d2cda65f688b3f310d2b821cb13c023cf84740378e4b024d10f,122971194,chunk_13,20260815T231124Z-8e185556
valid_471_a_2.nii.gz,p313,softer,Br40f,"['Br40f', '3']",3eb5efd5822f3cd4801975da3d8d17e8fbba59360d349d97a21e8054403fd8f1,94811723,chunk_13,20260815T231124Z-8e185556
valid_471_a_1.nii.gz,p313,sharper,Bl56f,"['Bl56f', '3']",d76db87cf87f13890bfd1667c86cdf2b787ff06bb71de699409083f6e4d4980c,111164986,chunk_13,20260815T231124Z-8e185556
valid_47_a_2.nii.gz,p314,softer,Br40f,"['Br40f', '3']",4e0353cd222eb5653e6b0c7a497b6924b15cf02f78ebfbc4177316a14bba34ee,111165289,chunk_13,20260815T231124Z-8e185556
valid_47_a_1.nii.gz,p314,sharper,Bl56f,"['Bl56f', '3']",18ff750cb972e41994cfed71ea71cada07f561a89e2a1977ad176e4bfb7dc915,129223685,chunk_13,20260815T231124Z-8e185556
valid_482_g_2.nii.gz,p315,softer,Br40f,"['Br40f', '3']",480f6114ae735e644989502a233ec20d1c84a5bf814c8b0cba0cf15a392606c5,138600561,chunk_13,20260815T231124Z-8e185556
valid_482_g_1.nii.gz,p315,sharper,Bl56f,"['Bl56f', '3']",577919b95edcb47b9f927b3c8052ff4e2c1d4f4db14335452701d2a6eb37e4ca,159307296,chunk_13,20260815T231124Z-8e185556
valid_482_h_2.nii.gz,p316,softer,Br40f,"['Br40f', '3']",e14d4f55c197382d7f74ac9b30ec15d27b6c493654e7795efdada02645a96bb8,133509157,chunk_13,20260815T231124Z-8e185556
valid_482_h_1.nii.gz,p316,sharper,Bl56f,"['Bl56f', '3']",d58cd04ae8ec79155323c8bea412528923b423ac476d04039d423912d63b29c5,153311009,chunk_13,20260815T231124Z-8e185556
valid_493_b_2.nii.gz,p317,softer,Br40f,"['Br40f', '3']",f69c4ca75a2fec1c9a234f05d25868ff571c8fbb78d8c4e50d664871dac715f3,127178051,chunk_13,20260815T231124Z-8e185556
valid_493_b_1.nii.gz,p317,sharper,Bl56f,"['Bl56f', '3']",d5fbf3360834e9f0897286295dcb96fe02a55b8ca7aa459035d3e1b5c8387701,146513255,chunk_13,20260815T231124Z-8e185556
valid_493_c_2.nii.gz,p318,softer,Br40f,"['Br40f', '3']",2d830719b58696520ad92cf4f01ace3e990d33038a3ed8366c40a3700ab060aa,121061862,chunk_13,20260815T231124Z-8e185556
valid_493_c_1.nii.gz,p318,sharper,Bl56f,"['Bl56f', '3']",d479c84bcb17b01a050d08256884f076dd2842d7cab3fa2fb4ae8c804373a733,139276703,chunk_13,20260815T231124Z-8e185556
valid_497_a_2.nii.gz,p319,softer,Br40f,"['Br40f', '3']",b7e532e343a3f31b2e2dba1705c8a4401b2ebdb628008f785d0e096849a557f0,133785451,chunk_13,20260815T231124Z-8e185556
valid_497_a_1.nii.gz,p319,sharper,Bl56f,"['Bl56f', '3']",d1087b5eefaab3227b2446136cc218ae457aa0e4577e44bceaf484ec8fa71e2c,153800903,chunk_13,20260815T231124Z-8e185556
valid_523_a_2.nii.gz,p320,softer,Br40f,"['Br40f', '3']",195390fe1c5ee43c0da6d3c21d7c64fe8017d13036e54f53841825832ac485a0,111814966,chunk_13,20260815T231124Z-8e185556
valid_523_a_1.nii.gz,p320,sharper,Bl56f,"['Bl56f', '3']",abe9bd8799594102408b2c2b4d65dcd36767ead5c1f0e015c556051f91803a1b,129586796,chunk_13,20260815T231124Z-8e185556
valid_539_a_2.nii.gz,p321,softer,Br40f,"['Br40f', '3']",622705336127128fd823a49ad929cb70d6fd57576f12b693d5a375047966e46d,122568910,chunk_13,20260815T231124Z-8e185556
valid_539_a_1.nii.gz,p321,sharper,Bl56f,"['Bl56f', '3']",591fc133a5439a62942d7edff9255fc4bb42e476f89ad31367c8560ff81fdaed,141849705,chunk_13,20260815T231124Z-8e185556
valid_541_a_2.nii.gz,p322,softer,Br40f,"['Br40f', '3']",33f63c10f6b9add7290869322bdf4a3b7bf76ef199f20d3ef2b485391378a4d3,116620237,chunk_13,20260815T231124Z-8e185556
valid_541_a_1.nii.gz,p322,sharper,Bl56f,"['Bl56f', '3']",98770e411972c82542ee900b134da09d893c30af4cfdfd6bf35fd251e383dbff,135870926,chunk_13,20260815T231124Z-8e185556
valid_544_a_2.nii.gz,p323,softer,Br40f,"['Br40f', '3']",4645ec54123df3335cca32b51b54cf2eeb99c0ae25a22b34f98bed85933d15b5,105896075,chunk_13,20260815T231124Z-8e185556
valid_544_a_1.nii.gz,p323,sharper,Bl56f,"['Bl56f', '3']",79a5ed5835194b22beaa9ae3abf65b08fd89ad8af8945d8f06038e316962efae,120845551,chunk_13,20260815T231124Z-8e185556
valid_549_a_2.nii.gz,p324,softer,Br40f,"['Br40f', '3']",ce9a2fe74728d1d48733096b99f305f83a31bf03dde177d4b40feff78124e2a8,132308254,chunk_13,20260815T231124Z-8e185556
valid_549_a_1.nii.gz,p324,sharper,Bl56f,"['Bl56f', '3']",f2597ceee4e44c4868af7bed9e3b73f05cb5ab60e0dac67b7c56493088fd2aba,152825373,chunk_13,20260815T231124Z-8e185556
valid_569_c_2.nii.gz,p325,softer,Br40f,"['Br40f', '3']",9d52744c065310d3be64bca9434310d2fc50651604b5f41329bd7698fd8be715,127940606,chunk_13,20260815T231124Z-8e185556
valid_569_c_1.nii.gz,p325,sharper,Bl56f,"['Bl56f', '3']",0f8512afd955072caf4ebba5cd58af7c428028826ae99fbd527f422eca02dded,148807827,chunk_13,20260815T231124Z-8e185556
valid_56_a_2.nii.gz,p326,softer,Br40f,"['Br40f', '3']",887c8a9daca4d7aeb995fb42991395cd3fae0aeb81d77016ddf091215fe35464,124674636,chunk_14,20260815T231124Z-8e185556
valid_56_a_1.nii.gz,p326,sharper,Bl56f,"['Bl56f', '3']",b7362555b045cf79e984a3c67328420a6cdb0cf17dd44830dc4efa2ff559a38c,145745827,chunk_14,20260815T231124Z-8e185556
valid_578_a_2.nii.gz,p327,softer,Br40f,"['Br40f', '3']",1e4ed86b35c96e108809124ece0d3126389be136f182a530f29bca723363e302,106308466,chunk_14,20260815T231124Z-8e185556
valid_578_a_1.nii.gz,p327,sharper,Bl56f,"['Bl56f', '3']",4f44adc473cdd3912e77f7cd99427dd0ab727e8acfc15dad90fdf3bb2a65d5f9,123857571,chunk_14,20260815T231124Z-8e185556
valid_611_a_2.nii.gz,p328,softer,Br40f,"['Br40f', '3']",89dedbed61eca2f19458c4dd572f4fa1bd1c3258768ec01af368af1e2d2dae46,87071128,chunk_14,20260815T231124Z-8e185556
valid_611_a_1.nii.gz,p328,sharper,Bl56f,"['Bl56f', '3']",298109bf9e3dc03ec5e67c525b6f6d200e393f1e491a9297d2a652262e2049c3,101775168,chunk_14,20260815T231124Z-8e185556
valid_611_b_2.nii.gz,p329,softer,Br40f,"['Br40f', '3']",42706cc23535a90c7dbae40477e6306f12244d3480b43fac95b43d4444a30cfd,109512003,chunk_14,20260815T231124Z-8e185556
valid_611_b_1.nii.gz,p329,sharper,Bl56f,"['Bl56f', '3']",15e441a0741bddc925dddb7b71bd01656fdbff3a0a55dce9a4f48770eba2e284,129630821,chunk_14,20260815T231124Z-8e185556
valid_629_a_2.nii.gz,p330,softer,Br40f,"['Br40f', '3']",f74b5cdf5a231ef28ac4d60bbfe71f4bade674897fd2a5645fc08983728438da,128635109,chunk_14,20260815T231124Z-8e185556
valid_629_a_1.nii.gz,p330,sharper,Bl56f,"['Bl56f', '3']",0cf255609d096421d2bbc6d4b57b39b9d824b6acb3896f198d757dbe778d40fe,149077927,chunk_14,20260815T231124Z-8e185556
valid_668_a_2.nii.gz,p331,softer,Br40f,"['Br40f', '3']",bd0a39e48fdc93ab605773e4b31830d3860c61174cb4601d9e88bd82000f742f,117731305,chunk_14,20260815T231124Z-8e185556
valid_668_a_1.nii.gz,p331,sharper,Bl56f,"['Bl56f', '3']",021900001ca7bdfcb164ab75dc969224ac15508b82f67308b2458751391c1c2c,134832596,chunk_14,20260815T231124Z-8e185556
valid_694_b_2.nii.gz,p332,softer,Br40f,"['Br40f', '3']",9e5b0a425087439fe0c35e49bdabdf8873ce6a27c1d606d3dfe99228c4de2e93,110633840,chunk_14,20260815T231124Z-8e185556
valid_694_b_1.nii.gz,p332,sharper,Bl56f,"['Bl56f', '3']",213c701bcd97e96d57f3bacc51d95b138ae22df692b4a42cc3a493e6b5ef1b07,128165860,chunk_14,20260815T231124Z-8e185556
valid_706_a_2.nii.gz,p333,softer,Br40f,"['Br40f', '3']",8cbd03fbed430e22be32e2072b667080d45617ba41d78a2f771b1287fd10fa0c,136623041,chunk_14,20260815T231124Z-8e185556
valid_706_a_1.nii.gz,p333,sharper,Bl56f,"['Bl56f', '3']",f1e85d58fd7d14526c89abe989e8127ce9068a3937798bf61cd77aec32c1da41,156053408,chunk_14,20260815T231124Z-8e185556
valid_707_a_2.nii.gz,p334,softer,Br40f,"['Br40f', '3']",1c38326fe5f673207c2961548ec155a0f70f79432d3b166d5bbfdf033f285f6f,94665133,chunk_14,20260815T231124Z-8e185556
valid_707_a_1.nii.gz,p334,sharper,Bl56f,"['Bl56f', '3']",c98aa520b19301385918025fa36c1ef613a10b0bb50d5dd8169e5b9defbf98ab,109700323,chunk_14,20260815T231124Z-8e185556
valid_710_a_2.nii.gz,p335,softer,Br40f,"['Br40f', '3']",a919b601cb67cbaf8fadd67cf670a629f21b2755003a2c9f23df549b89d6fc90,115987578,chunk_14,20260815T231124Z-8e185556
valid_710_a_1.nii.gz,p335,sharper,Bl56f,"['Bl56f', '3']",d7c5d7f6f490856702c6e4146325fb7a5c872747d83a260b007e6672baa3edcd,134996458,chunk_14,20260815T231124Z-8e185556
valid_718_a_2.nii.gz,p336,softer,Br40f,"['Br40f', '3']",bf8c4d5ea046b2bde5bc8c768c7a75b084bf9f44b602acc9391ecee07ae1ac8f,136558036,chunk_14,20260815T231124Z-8e185556
valid_718_a_1.nii.gz,p336,sharper,Bl56f,"['Bl56f', '3']",0dcaf2670326f87b63c1c433fce72e2c97b678eda7397df58c8008616d314726,156580723,chunk_14,20260815T231124Z-8e185556
valid_722_b_2.nii.gz,p337,softer,Br40f,"['Br40f', '3']",e13d46dc66dd523ab1612aafd91be72f0f562e8395413a6d8cb7db644f273a53,124012472,chunk_14,20260815T231124Z-8e185556
valid_722_b_1.nii.gz,p337,sharper,Bl56f,"['Bl56f', '3']",340dc9c5e94ed56004b76cd54e225407d29ba59b056c9398480079a03ccaf421,146024204,chunk_14,20260815T231124Z-8e185556
valid_731_a_2.nii.gz,p338,softer,Br40f,"['Br40f', '3']",93314b0d4e80acf8422bffcdfa61457c447bb2eca6546c4ddd891c324f2267ed,124388542,chunk_14,20260815T231124Z-8e185556
valid_731_a_1.nii.gz,p338,sharper,Bl56f,"['Bl56f', '3']",be8356a03c0269c6f5a484ac4ab83cecfb6a9379d4614af06d3b3b73c2e47e13,143351494,chunk_14,20260815T231124Z-8e185556
valid_747_a_2.nii.gz,p339,softer,Br40f,"['Br40f', '3']",4539e6a3e9d6598042b02c7d2414593b88f9b7abfc9205c551da8e11691fa232,117404353,chunk_14,20260815T231124Z-8e185556
valid_747_a_1.nii.gz,p339,sharper,Bl56f,"['Bl56f', '3']",22714ef92d4d2cf33a87e5bb90fc824168ea8c185d9b17bbdd9b0a6d85e731ea,136566370,chunk_14,20260815T231124Z-8e185556
valid_756_a_2.nii.gz,p340,softer,Br40f,"['Br40f', '3']",980f048c52f384932fe3eff0e17d66efe1383e46aa8e642695dbea6d62f72f46,132942152,chunk_14,20260815T231124Z-8e185556
valid_756_a_1.nii.gz,p340,sharper,Bl56f,"['Bl56f', '3']",87470843f5491ce400dc069bc415dc5a0049aafd6b915b22e367f7e21233e4ee,152270044,chunk_14,20260815T231124Z-8e185556
valid_795_a_2.nii.gz,p341,softer,Br40f,"['Br40f', '3']",2563702129d513982a72883ce3ab0759a7afde1ccd524267ba24d31e82008c78,131244048,chunk_14,20260815T231124Z-8e185556
valid_795_a_1.nii.gz,p341,sharper,Bl56f,"['Bl56f', '3']",d98afbafe661c72f55e6b036acc2aa35c1a22044a498b6c47ccb66d921ed7130,150652371,chunk_14,20260815T231124Z-8e185556
valid_806_a_2.nii.gz,p342,softer,Br40f,"['Br40f', '3']",c86c3ba482eaa165a514f37739fa480ea0f1e9834945fd0edccf45eac5308bc4,114229329,chunk_14,20260815T231124Z-8e185556
valid_806_a_1.nii.gz,p342,sharper,Bl56f,"['Bl56f', '3']",0fc2d263eb4a9dd663802f3947c487eebfac99a4a128b709f881d934a86b042f,130687985,chunk_14,20260815T231124Z-8e185556
valid_824_a_2.nii.gz,p343,softer,Br40f,"['Br40f', '3']",9a69401324fbfbcacffbe2020c68ca46cc900b84c381fb183f41f315e3930c57,115039326,chunk_14,20260815T231124Z-8e185556
valid_824_a_1.nii.gz,p343,sharper,Bl56f,"['Bl56f', '3']",7ffb3ac08de4d9ede21bcab4227f1a6892032b7c92576a3612a577091d19dfd0,133265428,chunk_14,20260815T231124Z-8e185556
valid_829_b_2.nii.gz,p344,softer,Br40f,"['Br40f', '3']",f903f226c5633e4d1b3f658a7d3887dfd48d7620f08d40efc038619806f06620,124569921,chunk_14,20260815T231124Z-8e185556
valid_829_b_1.nii.gz,p344,sharper,Bl56f,"['Bl56f', '3']",eb9b6a1e91e95c38c492c69070ee112146813ccb21859ca2389c436fedcfdc9d,143142613,chunk_14,20260815T231124Z-8e185556
valid_842_a_2.nii.gz,p345,softer,Br40f,"['Br40f', '3']",8057079f8e960882f7b5da0251588fdc742a5b4139fb4e9fb54b91437cb8a5e1,110346436,chunk_14,20260815T231124Z-8e185556
valid_842_a_1.nii.gz,p345,sharper,Bl56f,"['Bl56f', '3']",cfe84aac6f6ec5ad9446c3a78afea406f709c6982028d158b8c61fbb3999b2eb,128247921,chunk_14,20260815T231124Z-8e185556
valid_848_a_2.nii.gz,p346,softer,Br40f,"['Br40f', '3']",4be111acb1e13e468da2f5e72cb501a8ee132aa7922be7de927a4b71a67d718c,109799433,chunk_14,20260815T231124Z-8e185556
valid_848_a_1.nii.gz,p346,sharper,Bl56f,"['Bl56f', '3']",6ac81ff9262447dbb0957781003e2230cc5f82e58ea92898a05e6afc1e8fe2cb,128291685,chunk_14,20260815T231124Z-8e185556
valid_84_a_2.nii.gz,p347,softer,Br40f,"['Br40f', '3']",8d35f267c8cebcf9345deaf9dd8c4636c8c1231a780f76e5514090715fb61833,104336831,chunk_14,20260815T231124Z-8e185556
valid_84_a_1.nii.gz,p347,sharper,Bl56f,"['Bl56f', '3']",35bda9c1bf88e1acfdc249cc804dd13052114da018dadf56b1167d9fe619ddc4,118480736,chunk_14,20260815T231124Z-8e185556
valid_854_a_2.nii.gz,p348,softer,Br40f,"['Br40f', '3']",0044676108f0ead496eaeb30f69ca737872a61c0e7dd450dbd1b7658b0cea9cc,109940123,chunk_14,20260815T231124Z-8e185556
valid_854_a_1.nii.gz,p348,sharper,Bl56f,"['Bl56f', '3']",ca9c14133a6ff3c37da487f22a6dc7f1658cdd782a6977d1560b98590b2a4941,126440615,chunk_14,20260815T231124Z-8e185556
valid_858_a_2.nii.gz,p349,softer,Br40f,"['Br40f', '3']",c6f6529c723a33a1d405d6889b8ffa3e4897b802b4cfe0a1ee56ebd08ad3c3cb,101324376,chunk_14,20260815T231124Z-8e185556
valid_858_a_1.nii.gz,p349,sharper,Bl56f,"['Bl56f', '3']",a1ba96858abc769dede1a37931fd725289e05187cd7ac30ac0cc178b19773f53,118914708,chunk_14,20260815T231124Z-8e185556
valid_864_a_2.nii.gz,p350,softer,Br40f,"['Br40f', '3']",74dfe2db17590002a61cce4f6b65d08aec89b9e5389ca8512a1ad62f217307c1,124695789,chunk_14,20260815T231124Z-8e185556
valid_864_a_1.nii.gz,p350,sharper,Bl56f,"['Bl56f', '3']",b03df6c4f6198976227523ea71ae2fa5abd89ac01c38110b1d225cac799a0400,146397027,chunk_14,20260815T231124Z-8e185556
valid_867_a_2.nii.gz,p351,softer,Br40f,"['Br40f', '3']",bb2592feb9d9efde6ea2c7f1445e018accfdee3a5539edd73815c190b6822e4b,110316671,chunk_15,20260815T231124Z-8e185556
valid_867_a_1.nii.gz,p351,sharper,Bl56f,"['Bl56f', '3']",0c57df296367ffb7651fafe9d668a9df9c099e43bb39896b0e0f81cd56285a55,127673151,chunk_15,20260815T231124Z-8e185556
valid_870_a_2.nii.gz,p352,softer,Br40f,"['Br40f', '3']",25eefbc37c107d61f227df42977e46f5f1e4e6ca401ec9dd9de6cb0b7298f706,139201539,chunk_15,20260815T231124Z-8e185556
valid_870_a_1.nii.gz,p352,sharper,Bl56f,"['Bl56f', '3']",659ee209f5789d6935a5fb7e9d15133e08b02d88e7d1fc2e9a24305c2d5f0d3d,161557939,chunk_15,20260815T231124Z-8e185556
valid_887_a_2.nii.gz,p353,softer,Br40f,"['Br40f', '3']",554535b2d91d992d66d17c3b982472eb8f729ce8e569d27ab26fa84da2c13172,132555270,chunk_15,20260815T231124Z-8e185556
valid_887_a_1.nii.gz,p353,sharper,Bl56f,"['Bl56f', '3']",46e57f9663c6778e35ab048d61037dc8afa62a62a55defd2a886c08201c0ac1d,152553726,chunk_15,20260815T231124Z-8e185556
valid_890_a_2.nii.gz,p354,softer,Br40f,"['Br40f', '3']",528cfbf64db2108915339b52d687d55c7dd9c53fb61dd897de709e99842266c4,127810319,chunk_15,20260815T231124Z-8e185556
valid_890_a_1.nii.gz,p354,sharper,Bl56f,"['Bl56f', '3']",9a87876c336a1b6c9e0ec3b34cf7e5def4d4c427a41648f36d35a86ed3555222,149887736,chunk_15,20260815T231124Z-8e185556
valid_900_a_2.nii.gz,p355,softer,Br40f,"['Br40f', '3']",c82d474f407a23813f8975cd0937df00ac23cc6eb7459d0b466e00077463719d,113687102,chunk_15,20260815T231124Z-8e185556
valid_900_a_1.nii.gz,p355,sharper,Bl56f,"['Bl56f', '3']",296d8eb720433c30c63a755dc4586abd027f742c02865b73fd5b197dd6d3517f,130309148,chunk_15,20260815T231124Z-8e185556
valid_90_a_2.nii.gz,p356,softer,Br40f,"['Br40f', '3']",9cb5578a9a06785ee0dc493021174762785332fc2fc3bd88eee1bb3675c1e991,104709550,chunk_15,20260815T231124Z-8e185556
valid_90_a_1.nii.gz,p356,sharper,Bl56f,"['Bl56f', '3']",00941c04e6d221fc3e5800df7baaac6af7d7cd39ac008562114874bd2468b58e,121180490,chunk_15,20260815T231124Z-8e185556
valid_90_c_2.nii.gz,p357,softer,Br40f,"['Br40f', '3']",a1cb59bc08c75c7fbbda3cd9827b3ead81c5851bd56b0b2b620211b56c81e359,111929468,chunk_15,20260815T231124Z-8e185556
valid_90_c_1.nii.gz,p357,sharper,Bl56f,"['Bl56f', '3']",6ffd46a2609a359fd51085c66769979434a81ed05d54232457db5198b3d90ab0,130275443,chunk_15,20260815T231124Z-8e185556
valid_921_a_2.nii.gz,p358,softer,Br40f,"['Br40f', '3']",fbb20cf62dde60118721212312d30b1dee86623cd4f7f9a1387d719a4b705755,100604885,chunk_15,20260815T231124Z-8e185556
valid_921_a_1.nii.gz,p358,sharper,Bl56f,"['Bl56f', '3']",e55ad487cbcc8f8b16abe83550f6d0620065cb5603d0364a08d813c552697e4f,116755068,chunk_15,20260815T231124Z-8e185556
valid_922_a_2.nii.gz,p359,softer,Br40f,"['Br40f', '3']",03a2ab0e76767639f7b9add6424cccb2af099ed2040ca9a85f4682a0ed927ee3,127661054,chunk_15,20260815T231124Z-8e185556
valid_922_a_1.nii.gz,p359,sharper,Bl56f,"['Bl56f', '3']",e05ea48aa0bd51e5e5d055444ccbe1cb8c108a066ef2f2d4c034fb32299ae929,146409492,chunk_15,20260815T231124Z-8e185556
valid_941_a_2.nii.gz,p360,softer,Br40f,"['Br40f', '3']",92b53dbaf901fa1f8cbfd41705b7276222d42e9c27ba27d59a2e89f778f2341b,117192284,chunk_15,20260815T231124Z-8e185556
valid_941_a_1.nii.gz,p360,sharper,Bl56f,"['Bl56f', '3']",a5ee370d7d78d1ccfabf17c9086d0b54e1ce6f8ab4e6455fb5086ddd244fe188,137693606,chunk_15,20260815T231124Z-8e185556
valid_949_a_2.nii.gz,p361,softer,Br40f,"['Br40f', '3']",59266bfc11abe07c24537e6b8dffcba0e72bf634d7ebf1265e434aaf6b5ef2b9,119709120,chunk_15,20260815T231124Z-8e185556
valid_949_a_1.nii.gz,p361,sharper,Bl56f,"['Bl56f', '3']",b59251028429bb8785d993dd7a27a80c58ee496e4257810ea0ef809c9c9189e2,140295808,chunk_15,20260815T231124Z-8e185556
valid_968_d_2.nii.gz,p362,softer,Br40f,"['Br40f', '3']",2d6a4c5b777afeec6aaa702915852919de9b74624be4261e4db7a54f344dc2ab,123282390,chunk_15,20260815T231124Z-8e185556
valid_968_d_1.nii.gz,p362,sharper,Bl56f,"['Bl56f', '3']",1ca19182321774dccfacaf3350bbb2a088536657608e14df642e3dfe74ffa030,143588478,chunk_15,20260815T231124Z-8e185556
valid_982_a_2.nii.gz,p363,softer,Br40f,"['Br40f', '3']",71ffc0e1332a1d1d9cd3e8326187e6ae5fbf90e966aa2aa7d8d320ac7b53fed2,126797629,chunk_15,20260815T231124Z-8e185556
valid_982_a_1.nii.gz,p363,sharper,Bl56f,"['Bl56f', '3']",6f62511427a0280b34c513eeedc20363c8d3266121ac82a0dbcec35924845774,145669994,chunk_15,20260815T231124Z-8e185556
valid_1006_b_2.nii.gz,p364,softer,Br36d,"['Br36d', '3']",3291b0d875e3045c2ad1aac6a9477dd3de0182ad442990053b10e28fbc909ab7,94713370,chunk_15,20260815T231124Z-8e185556
valid_1006_b_1.nii.gz,p364,sharper,Bl57d,"['Bl57d', '3']",dc43990362e595ffa29de8986bc932482f3a053db9870025f372286afca9d744,110437915,chunk_15,20260815T231124Z-8e185556
valid_1016_a_2.nii.gz,p365,softer,Br36d,"['Br36d', '3']",ac4088e79a7c4dcbc38b4a3c29834fa19c2a737ce7fa6a57760ab4d80e496280,108548994,chunk_15,20260815T231124Z-8e185556
valid_1016_a_1.nii.gz,p365,sharper,Bl57d,"['Bl57d', '3']",c70cd8aa3e532575c2a2fd7ef62a0db1f00d8963765e01d64c85c6313adbbb14,126021254,chunk_15,20260815T231124Z-8e185556
valid_1016_b_2.nii.gz,p366,softer,Br36d,"['Br36d', '3']",275347defe62cb3a8aec47f0523020ecd04e27c2f415fc60f074355a9f7414f0,97496516,chunk_15,20260815T231124Z-8e185556
valid_1016_b_1.nii.gz,p366,sharper,Bl57d,"['Bl57d', '3']",52ffdf9eb223c0946e2cf97b49cff058999873ef43ba6fbc82fd95338fe49356,113418342,chunk_15,20260815T231124Z-8e185556
valid_1041_b_2.nii.gz,p367,softer,Br36d,"['Br36d', '3']",03bfd3855b95278fd211377e8fe0ddf770a4138e458b0061be0310867943d393,96092231,chunk_15,20260815T231124Z-8e185556
valid_1041_b_1.nii.gz,p367,sharper,Bl57d,"['Bl57d', '3']",7e75bf2911fa24963d8e11e52daf6348b1a4878c77bbcb93a516243e8a0fe121,109038444,chunk_15,20260815T231124Z-8e185556
valid_1042_a_2.nii.gz,p368,softer,Br36d,"['Br36d', '3']",d9d35a4ec8f7258e40c406f1fde22984a9e106d0c43fd1bfdf898c078d62732a,112111637,chunk_15,20260815T231124Z-8e185556
valid_1042_a_1.nii.gz,p368,sharper,Bl57d,"['Bl57d', '3']",e4ce43abce176670c455b06ca62e77b6eedbe9863689a34d25b2407b4e649024,131491176,chunk_15,20260815T231124Z-8e185556
valid_1051_a_2.nii.gz,p369,softer,Br36d,"['Br36d', '3']",5ba0acb4af5b6a845beb28f902084ee7cf599f420b8ec1de4192a1b641746716,82573094,chunk_15,20260815T231124Z-8e185556
valid_1051_a_1.nii.gz,p369,sharper,Bl57d,"['Bl57d', '3']",444e6a6cc79588fab56f690c875121a3de8d9756c6335128deba0a1c6cd0e8c7,95200767,chunk_15,20260815T231124Z-8e185556
valid_1083_a_2.nii.gz,p370,softer,Br36d,"['Br36d', '3']",b9c46723c573c68c8caa9c1b15f9bf55380e862c95df09898066b168ca74021b,107916457,chunk_15,20260815T231124Z-8e185556
valid_1083_a_1.nii.gz,p370,sharper,Bl57d,"['Bl57d', '3']",d210b84766002681118d8e01a51f4d26c98fa2ebc541bdefaf3264b530a766a7,124697441,chunk_15,20260815T231124Z-8e185556
valid_1103_b_2.nii.gz,p371,softer,Br36d,"['Br36d', '3']",2ee0867074f4516257024a4f5b15e5342d9a88ca95f272cadb9ebf6571aef2c0,93001068,chunk_15,20260815T231124Z-8e185556
valid_1103_b_1.nii.gz,p371,sharper,Bl57d,"['Bl57d', '3']",95a9b2d3fd2d6638cecea5e4657e7c8d50e2aa549065c892138f0bbf87e8e80f,107589380,chunk_15,20260815T231124Z-8e185556
valid_1126_b_2.nii.gz,p372,softer,Br36d,"['Br36d', '3']",0ad748fa9481c2ce5934a97f96c09f377723c816bd7c9b137fd8943a52c26240,94259110,chunk_15,20260815T231124Z-8e185556
valid_1126_b_1.nii.gz,p372,sharper,Bl57d,"['Bl57d', '3']",f1f2ee98947197601890f5de4f8703eb18e4f00e11a976b71423b46b9531c009,108026107,chunk_15,20260815T231124Z-8e185556
valid_1126_c_2.nii.gz,p373,softer,Br36d,"['Br36d', '3']",26250187c8ab8ce1ea3c396fb573077640b789b20dd9431de3089552c058630f,98734706,chunk_15,20260815T231124Z-8e185556
valid_1126_c_1.nii.gz,p373,sharper,Bl57d,"['Bl57d', '3']",09b1db875492aa676ee9b680c84a16a8b25042a2a394aeb94c3b81c7ff7b1b01,113200434,chunk_15,20260815T231124Z-8e185556
valid_114_b_2.nii.gz,p374,softer,Br36d,"['Br36d', '3']",4eca216a0492f024b3ad871c5f4fedb820060c2eba4e7cb01714b1722c8eb778,96795528,chunk_15,20260815T231124Z-8e185556
valid_114_b_1.nii.gz,p374,sharper,Bl57d,"['Bl57d', '3']",70281e948b5d103e4bcf8fe4e107c8025e7031d17981337c77f9a55ae1ca3ba9,112085486,chunk_15,20260815T231124Z-8e185556
valid_117_b_2.nii.gz,p375,softer,Br36d,"['Br36d', '3']",04996e121d081fbe4386fb727ff19b6f8eea856e505d820d08f21966d024b063,96348741,chunk_15,20260815T231124Z-8e185556
valid_117_b_1.nii.gz,p375,sharper,Bl57d,"['Bl57d', '3']",0ec000e5fd61d9da9c7ee454395fbe55e2b1a74747587446f6613068c123a7e7,111805404,chunk_15,20260815T231124Z-8e185556
valid_121_a_2.nii.gz,p376,softer,Br36d,"['Br36d', '3']",9e81584196cf95ece280673231ba7398bc742439a3fc57a4a50b6da9349c6fb9,81002691,chunk_16,20260815T231124Z-8e185556
valid_121_a_1.nii.gz,p376,sharper,Bl57d,"['Bl57d', '3']",65e6b9dd6873a9f658801a2da33530036fee7838099675d59a3a7845abc7d894,93745409,chunk_16,20260815T231124Z-8e185556
valid_1220_a_2.nii.gz,p377,softer,Br36d,"['Br36d', '3']",a61759faeb31cb922238fb7a25d685686683a668106af774d31683a6b2d424cc,82436148,chunk_16,20260815T231124Z-8e185556
valid_1220_a_1.nii.gz,p377,sharper,Bl57d,"['Bl57d', '3']",5de81c48cd9962f44fe63e2375af5b470355eca644ceccb5d1c79cb84ccf7a36,94453956,chunk_16,20260815T231124Z-8e185556
valid_1257_a_2.nii.gz,p378,softer,Br36d,"['Br36d', '3']",aa0ef05986da2ecc2173940410ac1f95a3ea0d247c5a09044e0da431b42f5e61,58194042,chunk_16,20260815T231124Z-8e185556
valid_1257_a_1.nii.gz,p378,sharper,Bl57d,"['Bl57d', '3']",51ea5d3e9011d24907219ca8363550212b300fabfd5d0adcffbda5a26a57b50f,67547256,chunk_16,20260815T231124Z-8e185556
valid_1266_a_2.nii.gz,p379,softer,Br36d,"['Br36d', '3']",c07301375b25471b013fb803d9c59e19fe181e37a4902a1475009cf260dbd2e9,68586764,chunk_16,20260815T231124Z-8e185556
valid_1266_a_1.nii.gz,p379,sharper,Bl57d,"['Bl57d', '3']",d71e0f5c42b08917bfb1e54a9879605e1dc86567473630dc34981d3ca60186fb,80592676,chunk_16,20260815T231124Z-8e185556
valid_215_b_2.nii.gz,p380,softer,Br36d,"['Br36d', '3']",7dcfedee361fdd7c95fc088be5a5d19c4a550e238b502f0b829946f2b3ef997d,110301724,chunk_16,20260815T231124Z-8e185556
valid_215_b_1.nii.gz,p380,sharper,Bl57d,"['Bl57d', '3']",5806eb8a5fba33e9e8c7f52c67600a6cedd0ff9fed9bc843375e4ba04615bc8a,127408186,chunk_16,20260815T231124Z-8e185556
valid_215_c_2.nii.gz,p381,softer,Br36d,"['Br36d', '3']",fda98a258e816dd6ca25536085ca15292df8f4cf3c80016aea111148b075c46b,103305207,chunk_16,20260815T231124Z-8e185556
valid_215_c_1.nii.gz,p381,sharper,Bl57d,"['Bl57d', '3']",4cdeb4a5e8abaa0f2949a223c0de91c58e59bc0b029c06604ac4c540a738c65c,120420598,chunk_16,20260815T231124Z-8e185556
valid_21_a_2.nii.gz,p382,softer,Br36d,"['Br36d', '3']",35e3584d4df021ce301de6aeeb2c80173d396c31a69d9c227e67b770cf7724f9,99580876,chunk_16,20260815T231124Z-8e185556
valid_21_a_1.nii.gz,p382,sharper,Bl57d,"['Bl57d', '3']",e754aa9fe7eb75957b22419ba04655f24000fe630ba544d6b9ad7806843925c2,115507892,chunk_16,20260815T231124Z-8e185556
valid_244_a_2.nii.gz,p383,softer,Br36d,"['Br36d', '3']",0ffa9c03417ea3c2d81b213627a979d7086910349c688293898eeda9d382002d,78448154,chunk_16,20260815T231124Z-8e185556
valid_244_a_1.nii.gz,p383,sharper,Bl57d,"['Bl57d', '3']",967cbd43c56fa903be21424bcf53f15beec6d722b9f64cf167cb94bc32fa2aed,91187293,chunk_16,20260815T231124Z-8e185556
valid_254_a_2.nii.gz,p384,softer,Br36d,"['Br36d', '3']",7a2cd2f63a738df7f79230428637705b75a2e37b869ff9535a864e1e1c5046c0,58457860,chunk_16,20260815T231124Z-8e185556
valid_254_a_1.nii.gz,p384,sharper,Bl57d,"['Bl57d', '3']",c3d82798ec15dab5e7b546c8125e4bd598d7f1dbea896493c73181c5f506c0eb,69354448,chunk_16,20260815T231124Z-8e185556
valid_266_a_2.nii.gz,p385,softer,Br36d,"['Br36d', '3']",37b647bfc1c0fbc84412ef63e941fa590e21162d2ad719851f0d3d935bc43e03,65022897,chunk_16,20260815T231124Z-8e185556
valid_266_a_1.nii.gz,p385,sharper,Bl57d,"['Bl57d', '3']",1f055483d900375d865d1778e6c5adef897aa2201a4b532c3bd3d37c25776528,75631394,chunk_16,20260815T231124Z-8e185556
valid_276_a_2.nii.gz,p386,softer,Br36d,"['Br36d', '3']",16e2965da8e695b20a8be5d5b51b1934b7c2a15584bcaea4a235fdbe4620b5cf,94380581,chunk_16,20260815T231124Z-8e185556
valid_276_a_1.nii.gz,p386,sharper,Bl57d,"['Bl57d', '3']",e1b2076b75113c131551d46a9bf80d576c310c9d57933b2ed4d81a5331abff09,110056201,chunk_16,20260815T231124Z-8e185556
valid_2_a_2.nii.gz,p387,softer,Br36d,"['Br36d', '3']",0e67430175adb912f03afa17ae9b94af9bf159692540f7bc9eb8f50f116455b7,99584213,chunk_16,20260815T231124Z-8e185556
valid_2_a_1.nii.gz,p387,sharper,Bl57d,"['Bl57d', '3']",0deeab8b8e8923864ca25b2e869efa5d2a26e627978d23e29715a1dffb4a9b67,115910362,chunk_16,20260815T231124Z-8e185556
valid_323_a_2.nii.gz,p388,softer,Br36d,"['Br36d', '3']",b0e9c3e2f141d99ba4bf2f214d78ef069bfc963c703d6a72fed2bc41947b60dc,77577666,chunk_16,20260815T231124Z-8e185556
valid_323_a_1.nii.gz,p388,sharper,Bl57d,"['Bl57d', '3']",3256e6d456534ea15861cd3338395aae83f802fc683567e4de44a872de751903,89962805,chunk_16,20260815T231124Z-8e185556
valid_341_a_2.nii.gz,p389,softer,Br36d,"['Br36d', '3']",e7aba18699fce56ba7282aa82521e7d8778ecabd7e3ecd3e59ab3055378e93b3,93699643,chunk_16,20260815T231124Z-8e185556
valid_341_a_1.nii.gz,p389,sharper,Bl57d,"['Bl57d', '3']",668fa6c5f1ea1b631b4cb7d83ec510c51f5b7135d8d699ea70ab3a7239c11d8b,107487550,chunk_16,20260815T231124Z-8e185556
valid_360_a_2.nii.gz,p390,softer,Br36d,"['Br36d', '3']",a1dd8ef0e00eec15e7011759c76e62f51af28aa95eb1f9d0a6994366788d265b,101134095,chunk_16,20260815T231124Z-8e185556
valid_360_a_1.nii.gz,p390,sharper,Bl57d,"['Bl57d', '3']",bbc6555872db3b7c74b3bf0ce3a03cd52bf76c4a69c3384d94423a898c5cdc0b,117329966,chunk_16,20260815T231124Z-8e185556
valid_410_b_2.nii.gz,p391,softer,Br36d,"['Br36d', '3']",ae3432a3997a76b8318f2fac9d0ddb18a1f806f8b8772294057dd2c3ad72de57,92022528,chunk_16,20260815T231124Z-8e185556
valid_410_b_1.nii.gz,p391,sharper,Bl57d,"['Bl57d', '3']",d411919c063e3fa3ed6f190a5b49c03c566d8043ef7cd6713dfd144444b4f50f,108158459,chunk_16,20260815T231124Z-8e185556
valid_41_b_2.nii.gz,p392,softer,Br36d,"['Br36d', '3']",9574f0ed21c504b7d1d57942aa485021dd5ba2828ae04cdf82fba9d7cbe8ce14,73125321,chunk_16,20260815T231124Z-8e185556
valid_41_b_1.nii.gz,p392,sharper,Bl57d,"['Bl57d', '3']",e6fa19be9f3a08d9e222724f66e95d44011ba806aaf884c3ebc919ff0edcf231,84013456,chunk_16,20260815T231124Z-8e185556
valid_429_b_2.nii.gz,p393,softer,Br36d,"['Br36d', '3']",126c5131c0126dcdc09b76b3ea2ccdc3baf49ae28b58dc7fbf4f316673493560,80475661,chunk_16,20260815T231124Z-8e185556
valid_429_b_1.nii.gz,p393,sharper,Bl57d,"['Bl57d', '3']",308468e2558b243b8da7a847c37cff66b7979a7e55b0bdba2cd6f27ec0bb8ee0,92921562,chunk_16,20260815T231124Z-8e185556
valid_447_a_2.nii.gz,p394,softer,Br36d,"['Br36d', '3']",931d990fcbedcf091d28dc5a15a6edeca0b5ff2ac9cadd5fcd5f54d8265a831a,100653723,chunk_16,20260815T231124Z-8e185556
valid_447_a_1.nii.gz,p394,sharper,Bl57d,"['Bl57d', '3']",1d27c184c054de3654556c4adb93d453d3b10333bb254d4c117b778962adf93f,116573022,chunk_16,20260815T231124Z-8e185556
valid_459_a_2.nii.gz,p395,softer,Br36d,"['Br36d', '3']",9b8be08dfdfc3f9e9a407e19898695c7e5449d724c4fa9d1ade9c93ec49c6347,79237906,chunk_16,20260815T231124Z-8e185556
valid_459_a_1.nii.gz,p395,sharper,Bl57d,"['Bl57d', '3']",cd54097773313c4cea04166efda0380eda218b7e10c28ea9597cccac18069a62,93589306,chunk_16,20260815T231124Z-8e185556
valid_502_a_2.nii.gz,p396,softer,Br36d,"['Br36d', '3']",b7bff79ca97482051bfd93dc1ad220c6b5ca277611b20903382a45ad2508749e,94113304,chunk_16,20260815T231124Z-8e185556
valid_502_a_1.nii.gz,p396,sharper,Bl57d,"['Bl57d', '3']",139b017a2bbedf0e59ebb61c472372033b6f6664e1456b229b6ec032b5aca771,109568431,chunk_16,20260815T231124Z-8e185556
valid_513_a_2.nii.gz,p397,softer,Br36d,"['Br36d', '3']",865f346cc9ba6d55ece9780f2ee21efc80574b50964f4ada90df7153bb66a7dd,64145705,chunk_16,20260815T231124Z-8e185556
valid_513_a_1.nii.gz,p397,sharper,Bl57d,"['Bl57d', '3']",fa65c48a4d314db93ce74df9f455951b6b12244fa98409a5ca89e32f3b085e9e,75104858,chunk_16,20260815T231124Z-8e185556
valid_514_a_2.nii.gz,p398,softer,Br36d,"['Br36d', '3']",19de1029dec2df6be491d4955b83fcbbc2fd30ecec305928c42413966ea859c3,76080527,chunk_16,20260815T231124Z-8e185556
valid_514_a_1.nii.gz,p398,sharper,Bl57d,"['Bl57d', '3']",2f2ef8b96f4eeec4ccfbcb341d7eb14f546343f6463739ecfe8685f7ffb3a55c,88804300,chunk_16,20260815T231124Z-8e185556
valid_60_b_2.nii.gz,p399,softer,Br36d,"['Br36d', '3']",9f7a1638264f483a2c5f90cfc6e40ebfcc66aefcc929544c8fb77450dd153209,104059152,chunk_16,20260815T231124Z-8e185556
valid_60_b_1.nii.gz,p399,sharper,Bl57d,"['Bl57d', '3']",b4fc032f89f76fa75f54b322e2c6866d06c9b973ad99510f516d7e42898ceb84,120395297,chunk_16,20260815T231124Z-8e185556
valid_60_c_2.nii.gz,p400,softer,Br36d,"['Br36d', '3']",180a74c0eeaa78c91b1c4e33fd5847cf43c019ec83651df1d21eef2a9779aeb5,109367529,chunk_16,20260815T231124Z-8e185556
valid_60_c_1.nii.gz,p400,sharper,Bl57d,"['Bl57d', '3']",c7e85aa205645477f99633e3d560b9691dd943e5c7fb57e77e88053fb3c97134,127241106,chunk_16,20260815T231124Z-8e185556
valid_622_a_2.nii.gz,p401,softer,Br36d,"['Br36d', '3']",32acdbcf223430e00f2442b3128f4e1af117535fcf43515cbc88b18bb94d9061,69737471,chunk_17,20260815T231124Z-8e185556
valid_622_a_1.nii.gz,p401,sharper,Bl57d,"['Bl57d', '3']",7219be23d8344b34935a93a31d241e51c6436f0a5ef379aedbb048a4a00fc473,80206718,chunk_17,20260815T231124Z-8e185556
valid_624_b_2.nii.gz,p402,softer,Br36d,"['Br36d', '3']",2a9bbbc679e644290fed0d08c6d2628c97ec5b81931756c563e09d0aacae5696,83373089,chunk_17,20260815T231124Z-8e185556
valid_624_b_1.nii.gz,p402,sharper,Bl57d,"['Bl57d', '3']",6430034be2bdc36ae8db28195292d5a9eb0fef27a3fa63e58c3b0c5f5b4f4a8d,95329965,chunk_17,20260815T231124Z-8e185556
valid_64_b_2.nii.gz,p403,softer,Br36d,"['Br36d', '3']",bfd19f040e0b5083fe436eff90e1ca3089caf9cedff91589dd1422f9017f7ef4,104720974,chunk_17,20260815T231124Z-8e185556
valid_64_b_1.nii.gz,p403,sharper,Bl57d,"['Bl57d', '3']",a1c612f259f4481937e0672d11066034147eba68ed7f2034b481024cf8f674a0,120609054,chunk_17,20260815T231124Z-8e185556
valid_662_a_2.nii.gz,p404,softer,Br36d,"['Br36d', '3']",a9028aac7ff92140e84f07d3586f7456c3d7618e722318db81788fc305316115,104383919,chunk_17,20260815T231124Z-8e185556
valid_662_a_1.nii.gz,p404,sharper,Bl57d,"['Bl57d', '3']",903ede17bd1871438df796e811b1ba3493a405e76ccdb625d8551c6612d64b77,121332675,chunk_17,20260815T231124Z-8e185556
valid_668_b_2.nii.gz,p405,softer,Br36d,"['Br36d', '3']",63abcb4d0393e876be4a8b4fd89e1a7847f2f46d1a061138e2ff3cf8b685e6f5,90227379,chunk_17,20260815T231124Z-8e185556
valid_668_b_1.nii.gz,p405,sharper,Bl57d,"['Bl57d', '3']",349e78d31493474005fb75c006f18317ebcd9e6a8a53503f1e8fc8a4cc841902,103720746,chunk_17,20260815T231124Z-8e185556
valid_676_a_2.nii.gz,p406,softer,Br36d,"['Br36d', '3']",3379c55daabfe011c22cd2e13f748f25493fa23bd034b9633e826dd099642fae,98238557,chunk_17,20260815T231124Z-8e185556
valid_676_a_1.nii.gz,p406,sharper,Bl57d,"['Bl57d', '3']",3fbb3e51e7648da811cdfb325f94d5aaa71e0bb8d6ff404eee34fe8049bda813,113690967,chunk_17,20260815T231124Z-8e185556
valid_720_a_2.nii.gz,p407,softer,Br36d,"['Br36d', '3']",0a9cecb6d2151b015f2d986885472b80dae2c83bc4c02324210f4bc339881e63,102235687,chunk_17,20260815T231124Z-8e185556
valid_720_a_1.nii.gz,p407,sharper,Bl57d,"['Bl57d', '3']",de6729302eda424094cb18886aad214051ff6e1fbd54186147bed8c903353f7e,119068190,chunk_17,20260815T231124Z-8e185556
valid_732_a_2.nii.gz,p408,softer,Br36d,"['Br36d', '3']",755cfbeddfabd5f5d26e99c86c734090d0b7e4c74348bba3b4267e795c8d9df4,108817126,chunk_17,20260815T231124Z-8e185556
valid_732_a_1.nii.gz,p408,sharper,Bl57d,"['Bl57d', '3']",e4ac1894ba11601988a571b1641955e9ba1d7b90b30334aa9e728d91c218ef6c,126323070,chunk_17,20260815T231124Z-8e185556
valid_754_a_2.nii.gz,p409,softer,Br36d,"['Br36d', '3']",02b17b404b78ab17cc83515ab58d32446aa116238d6f62124e97d050867e56ad,79636103,chunk_17,20260815T231124Z-8e185556
valid_754_a_1.nii.gz,p409,sharper,Bl57d,"['Bl57d', '3']",939dfd373a211bdef60d92b0bb44b3f9f21b3e420de4d029101553a8c5ae31dd,92157703,chunk_17,20260815T231124Z-8e185556
valid_776_a_2.nii.gz,p410,softer,Br36d,"['Br36d', '3']",87b8ab176d3cb8aafbb0770700c8a1d04eb8a9c4350940dde42a04fb985b7a32,79753790,chunk_17,20260815T231124Z-8e185556
valid_776_a_1.nii.gz,p410,sharper,Bl57d,"['Bl57d', '3']",ecd574863993b2e87c5f1d62b36e14bed0c7b7b606dd7826374ed14ce2d8819d,92477146,chunk_17,20260815T231124Z-8e185556
valid_787_b_2.nii.gz,p411,softer,Br36d,"['Br36d', '3']",335a75ddf97dbbc349b7e62d1f48c5ef761de89c4b360ce8b8b861b18d02ac1a,96763888,chunk_17,20260815T231124Z-8e185556
valid_787_b_1.nii.gz,p411,sharper,Bl57d,"['Bl57d', '3']",bb922cbc3f6404e80c866ea059c8741946b58f5d917f3beff9076acc5d5e6ad9,110741023,chunk_17,20260815T231124Z-8e185556
valid_787_c_2.nii.gz,p412,softer,Br36d,"['Br36d', '3']",775d59b3bbae225c66db4a42e5c1e615565fd4b6b6e78feb7a2920b8307ae188,111490432,chunk_17,20260815T231124Z-8e185556
valid_787_c_1.nii.gz,p412,sharper,Bl57d,"['Bl57d', '3']",4f8825eb0465bccf66c237c807c5e1e8b4fa72e8f96e4180d5480472d4d4320c,127701827,chunk_17,20260815T231124Z-8e185556
valid_787_d_2.nii.gz,p413,softer,Br36d,"['Br36d', '3']",61f277b78669dc7815af49368df0d78c280933c0b11029a4120e173b8576ddbe,102946047,chunk_17,20260815T231124Z-8e185556
valid_787_d_1.nii.gz,p413,sharper,Bl57d,"['Bl57d', '3']",d7483ab92f3add9baef108140b18195aef63eeae1215a6f508e0c26d0920803b,117092512,chunk_17,20260815T231124Z-8e185556
valid_790_a_2.nii.gz,p414,softer,Br36d,"['Br36d', '3']",7c9cea78890f8b81b021b72b78c07b099802c1f1fa1c2eb24d90d4bc3afb8232,105644021,chunk_17,20260815T231124Z-8e185556
valid_790_a_1.nii.gz,p414,sharper,Bl57d,"['Bl57d', '3']",0584a23b1c34240e616cb3f7591974649b1c21cc1ae8e9e280d7fb29dab30ec3,119821601,chunk_17,20260815T231124Z-8e185556
valid_815_c_2.nii.gz,p415,softer,Br36d,"['Br36d', '3']",6a9eeb3cc4de2fbcf166863056a12e52ef88fb19be7b3d3cd4c3036d042457dd,97702763,chunk_17,20260815T231124Z-8e185556
valid_815_c_1.nii.gz,p415,sharper,Bl57d,"['Bl57d', '3']",77506a32f12cdcc5262f8706027d9d19219019c4bccd75f54f00cabb53721d96,112142120,chunk_17,20260815T231124Z-8e185556
valid_824_b_2.nii.gz,p416,softer,Br36d,"['Br36d', '3']",a43123c9b05ac19a3b7bf41cd0948d70c83319cd403579a4f26528ead0569fcb,100355588,chunk_17,20260815T231124Z-8e185556
valid_824_b_1.nii.gz,p416,sharper,Bl57d,"['Bl57d', '3']",ecc2a8560457fbe3a2404f41d61dbfb0356f361b88b95607a809e9ba5335e929,116301641,chunk_17,20260815T231124Z-8e185556
valid_829_a_2.nii.gz,p417,softer,Br36d,"['Br36d', '3']",3bc9f8206e656d8c4bbbbbac9eae49202ce1919d435518212549e66552c5ffcc,103144962,chunk_17,20260815T231124Z-8e185556
valid_829_a_1.nii.gz,p417,sharper,Bl57d,"['Bl57d', '3']",ab9e713e6c97f572355e6184a408a77ddc53edae1dbc5bd8ea21c64dc0a9113e,118331880,chunk_17,20260815T231124Z-8e185556
valid_830_c_2.nii.gz,p418,softer,Br36d,"['Br36d', '3']",f2a4c80accceb0cc0afa5ef6ac6c4a05aec08d345782285ca3200b6feb102a1e,90846959,chunk_17,20260815T231124Z-8e185556
valid_830_c_1.nii.gz,p418,sharper,Bl57d,"['Bl57d', '3']",45ddc3a2791a71953715e11b51e5011667e5d8c9648fe886b65c7995335a3d93,105099772,chunk_17,20260815T231124Z-8e185556
valid_914_a_2.nii.gz,p419,softer,Br36d,"['Br36d', '3']",56eadcf98fe6c8be5708a184ddbc5ef7e05ce5cb867beb7ba3bb9887997ebc00,104896200,chunk_17,20260815T231124Z-8e185556
valid_914_a_1.nii.gz,p419,sharper,Bl57d,"['Bl57d', '3']",38a69e5cb982fb706e9b7bbf59db19c69b1f7fa46286594fd493ebbabf3360d4,120667512,chunk_17,20260815T231124Z-8e185556
valid_932_a_2.nii.gz,p420,softer,Br36d,"['Br36d', '3']",1293a2e7392588f84d0efdc0dd335e5f921a28170f9ec916702eb096ba9c641c,77975328,chunk_17,20260815T231124Z-8e185556
valid_932_a_1.nii.gz,p420,sharper,Bl57d,"['Bl57d', '3']",bd41cc109c8adb525828a8bb0988861fe7a45c684c30cd246f43f76a09189d21,91152475,chunk_17,20260815T231124Z-8e185556
valid_974_a_2.nii.gz,p421,softer,Br36d,"['Br36d', '3']",a936343afb57703644297fd57588d9e6a6e257c9ce898cae8d78f17887afd3e6,92823295,chunk_17,20260815T231124Z-8e185556
valid_974_a_1.nii.gz,p421,sharper,Bl57d,"['Bl57d', '3']",cf2873a3720a9126e3afc3e9feda705b27b979ef1ad7db586b0c1bacae769be1,108142810,chunk_17,20260815T231124Z-8e185556
valid_17_a_1.nii.gz,p422,softer,Br40f,"['Br40f', '3']",30dc9dcc64c911958f5e9fdf584773c8968ce85cbde690a85808f073611f3a00,136948706,chunk_17,20260815T231124Z-8e185556
valid_17_a_2.nii.gz,p422,sharper,Br44f,"['Br44f', '3']",f9e7828ee6fffa8d7c490cfed92cfe57f1427e6a8b9bd61ca86cbc28a363fa99,139676333,chunk_17,20260815T231124Z-8e185556
valid_647_a_1.nii.gz,p423,softer,Br40f,"['Br40f', '3']",7b944712910c16b0d7b6963b90bc983e72404ffc81a4a47d71b0bf506a0ee908,136575128,chunk_17,20260815T231124Z-8e185556
valid_647_a_2.nii.gz,p423,sharper,Br44f,"['Br44f', '3']",4368a0e8453ecec8da69c160f56add421c6ebaf8144a05beb6705b406deac803,139258953,chunk_17,20260815T231124Z-8e185556
valid_736_a_1.nii.gz,p424,softer,Br40f,"['Br40f', '3']",22fa8451906a2e87c90f2cecfad2ae3d42c3e6780246f2fcaf660c3575a9c863,104590665,chunk_17,20260815T231124Z-8e185556
valid_736_a_2.nii.gz,p424,sharper,Br44f,"['Br44f', '3']",3e01a5bec2148090dea3e351bb4f80087b18096a3367f9cf8dda780760508956,106395002,chunk_17,20260815T231124Z-8e185556
valid_804_b_1.nii.gz,p425,softer,Br40f,"['Br40f', '3']",1b3d2fdffcadf0d8bc52771611fda252b3455017bf7202fd0029657733d683da,155075581,chunk_17,20260815T231124Z-8e185556
valid_804_b_2.nii.gz,p425,sharper,Br44f,"['Br44f', '3']",ebff0bada29c3e0c34bfb034428d3f702c068f8daa539fb45e69cd412b3c7691,157882640,chunk_17,20260815T231124Z-8e185556
