path,size,crc
train/derivatives/sub-stroke0001/ses-01/perfusion-maps/sub-stroke0001_ses-01_space-ncct_cbf.nii.gz,7582482,1c35f0aa
train/derivatives/sub-stroke0001/ses-01/perfusion-maps/sub-stroke0001_ses-01_space-ncct_cbv.nii.gz,7693725,8c9af642
train/derivatives/sub-stroke0001/ses-01/perfusion-maps/sub-stroke0001_ses-01_space-ncct_mtt.nii.gz,7316642,0ed8d3e9
train/derivatives/sub-stroke0001/ses-01/perfusion-maps/sub-stroke0001_ses-01_space-ncct_tmax.nii.gz,6580435,bf32937b
train/derivatives/sub-stroke0001/ses-01/sub-stroke0001_ses-01_space-ncct_cow-msk.nii.gz,100652,35246af3
train/derivatives/sub-stroke0001/ses-01/sub-stroke0001_ses-01_space-ncct_cta.nii.gz,15120317,eb9c81f8
train/derivatives/sub-stroke0001/ses-01/sub-stroke0001_ses-01_space-ncct_ctp.nii.gz,451587495,a9896903
train/derivatives/sub-stroke0001/ses-01/sub-stroke0001_ses-01_space-ncct_lvo-msk.nii.gz,99901,97a363f0
train/derivatives/sub-stroke0001/ses-02/sub-stroke0001_ses-02_space-ncct_adc.nii.gz,18527888,b6e6f44f
train/derivatives/sub-stroke0001/ses-02/sub-stroke0001_ses-02_space-ncct_dwi.nii.gz,31514460,944f150d
train/derivatives/sub-stroke0001/ses-02/sub-stroke0001_ses-02_space-ncct_lesion-msk.nii.gz,806372,16070303
train/derivatives/sub-stroke0002/ses-01/perfusion-maps/sub-stroke0002_ses-01_space-ncct_cbf.nii.gz,5622568,e4b1c0f5
train/derivatives/sub-stroke0002/ses-01/perfusion-maps/sub-stroke0002_ses-01_space-ncct_cbv.nii.gz,5609974,3a6fbd82
train/derivatives/sub-stroke0002/ses-01/perfusion-maps/sub-stroke0002_ses-01_space-ncct_mtt.nii.gz,5340054,a0d80206
train/derivatives/sub-stroke0002/ses-01/perfusion-maps/sub-stroke0002_ses-01_space-ncct_tmax.nii.gz,5234971,35382dea
train/derivatives/sub-stroke0002/ses-01/sub-stroke0002_ses-01_space-ncct_cow-msk.nii.gz,103296,053c62d1
train/derivatives/sub-stroke0002/ses-01/sub-stroke0002_ses-01_space-ncct_cta.nii.gz,11669502,5f2ce679
train/derivatives/sub-stroke0002/ses-01/sub-stroke0002_ses-01_space-ncct_ctp.nii.gz,288978179,7668454e
train/derivatives/sub-stroke0002/ses-01/sub-stroke0002_ses-01_space-ncct_lvo-msk.nii.gz,101576,c0ee3f79
train/derivatives/sub-stroke0002/ses-02/sub-stroke0002_ses-02_space-ncct_adc.nii.gz,13159915,ef68a21b
train/derivatives/sub-stroke0002/ses-02/sub-stroke0002_ses-02_space-ncct_dwi.nii.gz,21957062,92af5401
train/derivatives/sub-stroke0002/ses-02/sub-stroke0002_ses-02_space-ncct_lesion-msk.nii.gz,874036,6f5fe413
train/derivatives/sub-stroke0003/ses-01/perfusion-maps/sub-stroke0003_ses-01_space-ncct_cbf.nii.gz,7981207,dda5cb6d
train/derivatives/sub-stroke0003/ses-01/perfusion-maps/sub-stroke0003_ses-01_space-ncct_cbv.nii.gz,8080135,e83b41c1
train/derivatives/sub-stroke0003/ses-01/perfusion-maps/sub-stroke0003_ses-01_space-ncct_mtt.nii.gz,7813139,e036bf53
train/derivatives/sub-stroke0003/ses-01/perfusion-maps/sub-stroke0003_ses-01_space-ncct_tmax.nii.gz,7391497,4b248b24
train/derivatives/sub-stroke0003/ses-01/sub-stroke0003_ses-01_space-ncct_cow-msk.nii.gz,101751,273de5d9
train/derivatives/sub-stroke0003/ses-01/sub-stroke0003_ses-01_space-ncct_cta.nii.gz,16521008,fa66fdd4
train/derivatives/sub-stroke0003/ses-01/sub-stroke0003_ses-01_space-ncct_ctp.nii.gz,541659169,df87b42c
train/derivatives/sub-stroke0003/ses-01/sub-stroke0003_ses-01_space-ncct_lvo-msk.nii.gz,99194,fddfb5ac
train/derivatives/sub-stroke0003/ses-02/sub-stroke0003_ses-02_space-ncct_adc.nii.gz,29696378,ff93519c
train/derivatives/sub-stroke0003/ses-02/sub-stroke0003_ses-02_space-ncct_dwi.nii.gz,29650944,09388894
train/derivatives/sub-stroke0003/ses-02/sub-stroke0003_ses-02_space-ncct_lesion-msk.nii.gz,793722,3d186448
train/derivatives/sub-stroke0004/ses-01/perfusion-maps/sub-stroke0004_ses-01_space-ncct_cbf.nii.gz,4685581,76cda98e
train/derivatives/sub-stroke0004/ses-01/perfusion-maps/sub-stroke0004_ses-01_space-ncct_cbv.nii.gz,4700438,2e3901a4
train/derivatives/sub-stroke0004/ses-01/perfusion-maps/sub-stroke0004_ses-01_space-ncct_mtt.nii.gz,4536994,2935d4b5
train/derivatives/sub-stroke0004/ses-01/perfusion-maps/sub-stroke0004_ses-01_space-ncct_tmax.nii.gz,4446430,6055345d
train/derivatives/sub-stroke0004/ses-01/sub-stroke0004_ses-01_space-ncct_cow-msk.nii.gz,93292,baf5ded2
train/derivatives/sub-stroke0004/ses-01/sub-stroke0004_ses-01_space-ncct_cta.nii.gz,15444783,c21d2862
train/derivatives/sub-stroke0004/ses-01/sub-stroke0004_ses-01_space-ncct_ctp.nii.gz,301241240,a68d7f3b
train/derivatives/sub-stroke0004/ses-01/sub-stroke0004_ses-01_space-ncct_lvo-msk.nii.gz,90688,0c49fe7c
train/derivatives/sub-stroke0004/ses-02/sub-stroke0004_ses-02_space-ncct_adc.nii.gz,30521456,0e77239b
train/derivatives/sub-stroke0004/ses-02/sub-stroke0004_ses-02_space-ncct_dwi.nii.gz,30493358,a05e795c
train/derivatives/sub-stroke0004/ses-02/sub-stroke0004_ses-02_space-ncct_lesion-msk.nii.gz,729348,8cc59f9a
train/derivatives/sub-stroke0005/ses-01/perfusion-maps/sub-stroke0005_ses-01_space-ncct_cbf.nii.gz,8412865,fd2b7a1f
train/derivatives/sub-stroke0005/ses-01/perfusion-maps/sub-stroke0005_ses-01_space-ncct_cbv.nii.gz,8443830,6b2904fc
train/derivatives/sub-stroke0005/ses-01/perfusion-maps/sub-stroke0005_ses-01_space-ncct_mtt.nii.gz,7814287,9edf24ee
train/derivatives/sub-stroke0005/ses-01/perfusion-maps/sub-stroke0005_ses-01_space-ncct_tmax.nii.gz,6739833,1fb30b0a
train/derivatives/sub-stroke0005/ses-01/sub-stroke0005_ses-01_space-ncct_cow-msk.nii.gz,84839,9342411e
train/derivatives/sub-stroke0005/ses-01/sub-stroke0005_ses-01_space-ncct_cta.nii.gz,17509147,faeeb699
train/derivatives/sub-stroke0005/ses-01/sub-stroke0005_ses-01_space-ncct_ctp.nii.gz,543790722,56605b6a
train/derivatives/sub-stroke0005/ses-01/sub-stroke0005_ses-01_space-ncct_lvo-msk.nii.gz,82836,0b52c843
train/derivatives/sub-stroke0005/ses-02/sub-stroke0005_ses-02_space-ncct_adc.nii.gz,32825008,6be48cf4
train/derivatives/sub-stroke0005/ses-02/sub-stroke0005_ses-02_space-ncct_dwi.nii.gz,32781800,5fce7bbd
train/derivatives/sub-stroke0005/ses-02/sub-stroke0005_ses-02_space-ncct_lesion-msk.nii.gz,715760,3b36f111
train/derivatives/sub-stroke0006/ses-01/perfusion-maps/sub-stroke0006_ses-01_space-ncct_cbf.nii.gz,9052705,739092c3
train/derivatives/sub-stroke0006/ses-01/perfusion-maps/sub-stroke0006_ses-01_space-ncct_cbv.nii.gz,9334653,6b20c7b6
train/derivatives/sub-stroke0006/ses-01/perfusion-maps/sub-stroke0006_ses-01_space-ncct_mtt.nii.gz,8981194,8da0cdd0
train/derivatives/sub-stroke0006/ses-01/perfusion-maps/sub-stroke0006_ses-01_space-ncct_tmax.nii.gz,8414332,6a0458ee
train/derivatives/sub-stroke0006/ses-01/sub-stroke0006_ses-01_space-ncct_cow-msk.nii.gz,80175,7683af5f
train/derivatives/sub-stroke0006/ses-01/sub-stroke0006_ses-01_space-ncct_cta.nii.gz,14917718,309bcf5b
train/derivatives/sub-stroke0006/ses-01/sub-stroke0006_ses-01_space-ncct_ctp.nii.gz,556694329,a1ef1f01
train/derivatives/sub-stroke0006/ses-01/sub-stroke0006_ses-01_space-ncct_lvo-msk.nii.gz,77987,7892a70c
train/derivatives/sub-stroke0006/ses-02/sub-stroke0006_ses-02_space-ncct_adc.nii.gz,34638101,858bdae2
train/derivatives/sub-stroke0006/ses-02/sub-stroke0006_ses-02_space-ncct_dwi.nii.gz,34541361,fd9ed3cd
train/derivatives/sub-stroke0006/ses-02/sub-stroke0006_ses-02_space-ncct_lesion-msk.nii.gz,700826,60f1870a
train/derivatives/sub-stroke0007/ses-01/perfusion-maps/sub-stroke0007_ses-01_space-ncct_cbf.nii.gz,9691621,11ba8977
train/derivatives/sub-stroke0007/ses-01/perfusion-maps/sub-stroke0007_ses-01_space-ncct_cbv.nii.gz,9789742,fd75e189
train/derivatives/sub-stroke0007/ses-01/perfusion-maps/sub-stroke0007_ses-01_space-ncct_mtt.nii.gz,9319030,8e87436d
train/derivatives/sub-stroke0007/ses-01/perfusion-maps/sub-stroke0007_ses-01_space-ncct_tmax.nii.gz,8654138,1cc2302f
train/derivatives/sub-stroke0007/ses-01/sub-stroke0007_ses-01_space-ncct_cow-msk.nii.gz,93263,5081f224
train/derivatives/sub-stroke0007/ses-01/sub-stroke0007_ses-01_space-ncct_cta.nii.gz,18906705,ea72522a
train/derivatives/sub-stroke0007/ses-01/sub-stroke0007_ses-01_space-ncct_ctp.nii.gz,580462876,80acae77
train/derivatives/sub-stroke0007/ses-01/sub-stroke0007_ses-01_space-ncct_lvo-msk.nii.gz,90525,90f4b237
train/derivatives/sub-stroke0007/ses-02/sub-stroke0007_ses-02_space-ncct_adc.nii.gz,42092741,711bb6c9
train/derivatives/sub-stroke0007/ses-02/sub-stroke0007_ses-02_space-ncct_dwi.nii.gz,42042961,19ca5c6c
train/derivatives/sub-stroke0007/ses-02/sub-stroke0007_ses-02_space-ncct_lesion-msk.nii.gz,778869,415fb168
train/derivatives/sub-stroke0008/ses-01/perfusion-maps/sub-stroke0008_ses-01_space-ncct_cbf.nii.gz,19188507,883d884f
train/derivatives/sub-stroke0008/ses-01/perfusion-maps/sub-stroke0008_ses-01_space-ncct_cbv.nii.gz,15015082,000d07c5
train/derivatives/sub-stroke0008/ses-01/perfusion-maps/sub-stroke0008_ses-01_space-ncct_mtt.nii.gz,14796999,9da707b9
train/derivatives/sub-stroke0008/ses-01/perfusion-maps/sub-stroke0008_ses-01_space-ncct_tmax.nii.gz,14206926,1516e878
train/derivatives/sub-stroke0008/ses-01/sub-stroke0008_ses-01_space-ncct_cow-msk.nii.gz,101276,4143f346
train/derivatives/sub-stroke0008/ses-01/sub-stroke0008_ses-01_space-ncct_cta.nii.gz,19195313,5b5d3cc3
train/derivatives/sub-stroke0008/ses-01/sub-stroke0008_ses-01_space-ncct_ctp.nii.gz,633884502,869f21f6
train/derivatives/sub-stroke0008/ses-01/sub-stroke0008_ses-01_space-ncct_lvo-msk.nii.gz,99270,0a36b1bc
train/derivatives/sub-stroke0008/ses-02/sub-stroke0008_ses-02_space-ncct_adc.nii.gz,39486431,2f578026
train/derivatives/sub-stroke0008/ses-02/sub-stroke0008_ses-02_space-ncct_dwi.nii.gz,39403955,721732c0
train/derivatives/sub-stroke0008/ses-02/sub-stroke0008_ses-02_space-ncct_lesion-msk.nii.gz,809222,c7c85399
train/derivatives/sub-stroke0009/ses-01/perfusion-maps/sub-stroke0009_ses-01_space-ncct_cbf.nii.gz,7007998,da0db4e3
train/derivatives/sub-stroke0009/ses-01/perfusion-maps/sub-stroke0009_ses-01_space-ncct_cbv.nii.gz,7012594,f09dc814
train/derivatives/sub-stroke0009/ses-01/perfusion-maps/sub-stroke0009_ses-01_space-ncct_mtt.nii.gz,6562565,e3b43caf
train/derivatives/sub-stroke0009/ses-01/perfusion-maps/sub-stroke0009_ses-01_space-ncct_tmax.nii.gz,5627554,ed307f11
train/derivatives/sub-stroke0009/ses-01/sub-stroke0009_ses-01_space-ncct_cow-msk.nii.gz,84812,d190d3b8
train/derivatives/sub-stroke0009/ses-01/sub-stroke0009_ses-01_space-ncct_cta.nii.gz,14694767,6e2e0342
train/derivatives/sub-stroke0009/ses-01/sub-stroke0009_ses-01_space-ncct_ctp.nii.gz,449377372,da24f2a7
train/derivatives/sub-stroke0009/ses-01/sub-stroke0009_ses-01_space-ncct_lvo-msk.nii.gz,83465,df590e31
train/derivatives/sub-stroke0009/ses-02/sub-stroke0009_ses-02_space-ncct_adc.nii.gz,30144801,9107ce20
train/derivatives/sub-stroke0009/ses-02/sub-stroke0009_ses-02_space-ncct_dwi.nii.gz,30046454,581fc222
train/derivatives/sub-stroke0009/ses-02/sub-stroke0009_ses-02_space-ncct_lesion-msk.nii.gz,677898,4ab5a7fa
train/derivatives/sub-stroke0010/ses-01/perfusion-maps/sub-stroke0010_ses-01_space-ncct_cbf.nii.gz,8591467,eaf1b6b0
train/derivatives/sub-stroke0010/ses-01/perfusion-maps/sub-stroke0010_ses-01_space-ncct_cbv.nii.gz,8659439,a4fad767
train/derivatives/sub-stroke0010/ses-01/perfusion-maps/sub-stroke0010_ses-01_space-ncct_mtt.nii.gz,8242199,b6cd2954
train/derivatives/sub-stroke0010/ses-01/perfusion-maps/sub-stroke0010_ses-01_space-ncct_tmax.nii.gz,8290297,e6d51afb
train/derivatives/sub-stroke0010/ses-01/sub-stroke0010_ses-01_space-ncct_cow-msk.nii.gz,109238,6385dfb7
train/derivatives/sub-stroke0010/ses-01/sub-stroke0010_ses-01_space-ncct_cta.nii.gz,20296642,10b4b246
train/derivatives/sub-stroke0010/ses-01/sub-stroke0010_ses-01_space-ncct_ctp.nii.gz,591135262,d838885e
train/derivatives/sub-stroke0010/ses-01/sub-stroke0010_ses-01_space-ncct_lvo-msk.nii.gz,106647,369e6323
train/derivatives/sub-stroke0010/ses-02/sub-stroke0010_ses-02_space-ncct_adc.nii.gz,24006372,a237fbb1
train/derivatives/sub-stroke0010/ses-02/sub-stroke0010_ses-02_space-ncct_dwi.nii.gz,40652522,3eb7ed98
train/derivatives/sub-stroke0010/ses-02/sub-stroke0010_ses-02_space-ncct_lesion-msk.nii.gz,868095,318a407e
train/derivatives/sub-stroke0011/ses-01/perfusion-maps/sub-stroke0011_ses-01_space-ncct_cbf.nii.gz,8519276,2efe2275
train/derivatives/sub-stroke0011/ses-01/perfusion-maps/sub-stroke0011_ses-01_space-ncct_cbv.nii.gz,8643279,7fd922c3
train/derivatives/sub-stroke0011/ses-01/perfusion-maps/sub-stroke0011_ses-01_space-ncct_mtt.nii.gz,8180104,22910fe8
train/derivatives/sub-stroke0011/ses-01/perfusion-maps/sub-stroke0011_ses-01_space-ncct_tmax.nii.gz,6789000,edfa715e
train/derivatives/sub-stroke0011/ses-01/sub-stroke0011_ses-01_space-ncct_cow-msk.nii.gz,106816,20c41e60
train/derivatives/sub-stroke0011/ses-01/sub-stroke0011_ses-01_space-ncct_cta.nii.gz,17821143,7d47e147
train/derivatives/sub-stroke0011/ses-01/sub-stroke0011_ses-01_space-ncct_ctp.nii.gz,524683910,5422162b
train/derivatives/sub-stroke0011/ses-01/sub-stroke0011_ses-01_space-ncct_lvo-msk.nii.gz,104535,e30dbeb7
train/derivatives/sub-stroke0011/ses-02/sub-stroke0011_ses-02_space-ncct_adc.nii.gz,35213898,e32962df
train/derivatives/sub-stroke0011/ses-02/sub-stroke0011_ses-02_space-ncct_dwi.nii.gz,35166375,f9554055
train/derivatives/sub-stroke0011/ses-02/sub-stroke0011_ses-02_space-ncct_lesion-msk.nii.gz,887927,7a5f9e56
train/derivatives/sub-stroke0012/ses-01/perfusion-maps/sub-stroke0012_ses-01_space-ncct_cbf.nii.gz,5704267,67979d70
train/derivatives/sub-stroke0012/ses-01/perfusion-maps/sub-stroke0012_ses-01_space-ncct_cbv.nii.gz,5778766,ed148c53
train/derivatives/sub-stroke0012/ses-01/perfusion-maps/sub-stroke0012_ses-01_space-ncct_mtt.nii.gz,5523268,6e4cb978
train/derivatives/sub-stroke0012/ses-01/perfusion-maps/sub-stroke0012_ses-01_space-ncct_tmax.nii.gz,5362057,8b8875ea
train/derivatives/sub-stroke0012/ses-01/sub-stroke0012_ses-01_space-ncct_cow-msk.nii.gz,104908,6f92fb47
train/derivatives/sub-stroke0012/ses-01/sub-stroke0012_ses-01_space-ncct_cta.nii.gz,17705020,beabc455
train/derivatives/sub-stroke0012/ses-01/sub-stroke0012_ses-01_space-ncct_ctp.nii.gz,344016263,e856cb7c
train/derivatives/sub-stroke0012/ses-01/sub-stroke0012_ses-01_space-ncct_lvo-msk.nii.gz,102764,5ac8c063
train/derivatives/sub-stroke0012/ses-02/sub-stroke0012_ses-02_space-ncct_adc.nii.gz,39381976,772006ff
train/derivatives/sub-stroke0012/ses-02/sub-stroke0012_ses-02_space-ncct_dwi.nii.gz,39320776,407e0e2a
train/derivatives/sub-stroke0012/ses-02/sub-stroke0012_ses-02_space-ncct_lesion-msk.nii.gz,846228,36b6d4ab
train/derivatives/sub-stroke0013/ses-01/perfusion-maps/sub-stroke0013_ses-01_space-ncct_cbf.nii.gz,9384546,299ff64f
train/derivatives/sub-stroke0013/ses-01/perfusion-maps/sub-stroke0013_ses-01_space-ncct_cbv.nii.gz,9508818,6b7eecb3
train/derivatives/sub-stroke0013/ses-01/perfusion-maps/sub-stroke0013_ses-01_space-ncct_mtt.nii.gz,9022253,bef99569
train/derivatives/sub-stroke0013/ses-01/perfusion-maps/sub-stroke0013_ses-01_space-ncct_tmax.nii.gz,8487955,ad5c1184
train/derivatives/sub-stroke0013/ses-01/sub-stroke0013_ses-01_space-ncct_cow-msk.nii.gz,102193,f67a1f55
train/derivatives/sub-stroke0013/ses-01/sub-stroke0013_ses-01_space-ncct_cta.nii.gz,18344235,bb84daa6
train/derivatives/sub-stroke0013/ses-01/sub-stroke0013_ses-01_space-ncct_ctp.nii.gz,560365428,8471e970
train/derivatives/sub-stroke0013/ses-01/sub-stroke0013_ses-01_space-ncct_lvo-msk.nii.gz,98920,7c617a05
train/derivatives/sub-stroke0013/ses-02/sub-stroke0013_ses-02_space-ncct_adc.nii.gz,22473128,2c0585d4
train/derivatives/sub-stroke0013/ses-02/sub-stroke0013_ses-02_space-ncct_dwi.nii.gz,38160725,a79356c2
train/derivatives/sub-stroke0013/ses-02/sub-stroke0013_ses-02_space-ncct_lesion-msk.nii.gz,791848,34d882d4
train/derivatives/sub-stroke0014/ses-01/perfusion-maps/sub-stroke0014_ses-01_space-ncct_cbf.nii.gz,8821701,6330ed70
train/derivatives/sub-stroke0014/ses-01/perfusion-maps/sub-stroke0014_ses-01_space-ncct_cbv.nii.gz,9023404,20e7725b
train/derivatives/sub-stroke0014/ses-01/perfusion-maps/sub-stroke0014_ses-01_space-ncct_mtt.nii.gz,8587676,9e0c011a
train/derivatives/sub-stroke0014/ses-01/perfusion-maps/sub-stroke0014_ses-01_space-ncct_tmax.nii.gz,7351338,3253d7a6
train/derivatives/sub-stroke0014/ses-01/sub-stroke0014_ses-01_space-ncct_cow-msk.nii.gz,100700,96c5a8f2
train/derivatives/sub-stroke0014/ses-01/sub-stroke0014_ses-01_space-ncct_cta.nii.gz,19839659,15afd9c8
train/derivatives/sub-stroke0014/ses-01/sub-stroke0014_ses-01_space-ncct_ctp.nii.gz,602608739,1e6fb433
train/derivatives/sub-stroke0014/ses-01/sub-stroke0014_ses-01_space-ncct_lvo-msk.nii.gz,97101,fc8f1557
train/derivatives/sub-stroke0014/ses-02/sub-stroke0014_ses-02_space-ncct_adc.nii.gz,37295976,e910ff38
train/derivatives/sub-stroke0014/ses-02/sub-stroke0014_ses-02_space-ncct_dwi.nii.gz,37282196,a66bdd04
train/derivatives/sub-stroke0014/ses-02/sub-stroke0014_ses-02_space-ncct_lesion-msk.nii.gz,885722,96cca286
train/derivatives/sub-stroke0015/ses-01/perfusion-maps/sub-stroke0015_ses-01_space-ncct_cbf.nii.gz,13770156,34f8ed9c
train/derivatives/sub-stroke0015/ses-01/perfusion-maps/sub-stroke0015_ses-01_space-ncct_cbv.nii.gz,14795946,c35cda26
train/derivatives/sub-stroke0015/ses-01/perfusion-maps/sub-stroke0015_ses-01_space-ncct_mtt.nii.gz,14713915,2b5bcbe2
train/derivatives/sub-stroke0015/ses-01/perfusion-maps/sub-stroke0015_ses-01_space-ncct_tmax.nii.gz,9945291,9386a84b
train/derivatives/sub-stroke0015/ses-01/sub-stroke0015_ses-01_space-ncct_cow-msk.nii.gz,85224,1fde64b0
train/derivatives/sub-stroke0015/ses-01/sub-stroke0015_ses-01_space-ncct_cta.nii.gz,17948105,f4954a12
train/derivatives/sub-stroke0015/ses-01/sub-stroke0015_ses-01_space-ncct_ctp.nii.gz,625089368,99735e86
train/derivatives/sub-stroke0015/ses-01/sub-stroke0015_ses-01_space-ncct_lvo-msk.nii.gz,82665,b6a840a7
train/derivatives/sub-stroke0015/ses-02/sub-stroke0015_ses-02_space-ncct_adc.nii.gz,35630483,30a595e9
train/derivatives/sub-stroke0015/ses-02/sub-stroke0015_ses-02_space-ncct_dwi.nii.gz,35534755,e1a4ec1c
train/derivatives/sub-stroke0015/ses-02/sub-stroke0015_ses-02_space-ncct_lesion-msk.nii.gz,664665,fc79f711
train/derivatives/sub-stroke0016/ses-01/perfusion-maps/sub-stroke0016_ses-01_space-ncct_cbf.nii.gz,6084812,3b278f4e
train/derivatives/sub-stroke0016/ses-01/perfusion-maps/sub-stroke0016_ses-01_space-ncct_cbv.nii.gz,6367474,5dc8b5c9
train/derivatives/sub-stroke0016/ses-01/perfusion-maps/sub-stroke0016_ses-01_space-ncct_mtt.nii.gz,6193510,3475d254
train/derivatives/sub-stroke0016/ses-01/perfusion-maps/sub-stroke0016_ses-01_space-ncct_tmax.nii.gz,4774099,cdaf414a
train/derivatives/sub-stroke0016/ses-01/sub-stroke0016_ses-01_space-ncct_cow-msk.nii.gz,59719,c8817d49
train/derivatives/sub-stroke0016/ses-01/sub-stroke0016_ses-01_space-ncct_cta.nii.gz,8932848,5a50b641
train/derivatives/sub-stroke0016/ses-01/sub-stroke0016_ses-01_space-ncct_ctp.nii.gz,259806145,f62f2c42
train/derivatives/sub-stroke0016/ses-01/sub-stroke0016_ses-01_space-ncct_lvo-msk.nii.gz,109236,924219aa
train/derivatives/sub-stroke0016/ses-02/sub-stroke0016_ses-02_space-ncct_adc.nii.gz,14303777,0efcc6c6
train/derivatives/sub-stroke0016/ses-02/sub-stroke0016_ses-02_space-ncct_dwi.nii.gz,4031536,ad371a3e
train/derivatives/sub-stroke0016/ses-02/sub-stroke0016_ses-02_space-ncct_lesion-msk.nii.gz,886675,2ed77732
train/derivatives/sub-stroke0017/ses-01/perfusion-maps/sub-stroke0017_ses-01_space-ncct_cbf.nii.gz,6492880,4efbaa34
train/derivatives/sub-stroke0017/ses-01/perfusion-maps/sub-stroke0017_ses-01_space-ncct_cbv.nii.gz,6566775,a7a58d19
train/derivatives/sub-stroke0017/ses-01/perfusion-maps/sub-stroke0017_ses-01_space-ncct_mtt.nii.gz,6321094,d6a4fe2f
train/derivatives/sub-stroke0017/ses-01/perfusion-maps/sub-stroke0017_ses-01_space-ncct_tmax.nii.gz,5944037,dec35b85
train/derivatives/sub-stroke0017/ses-01/sub-stroke0017_ses-01_space-ncct_cow-msk.nii.gz,89527,f6c4e21a
train/derivatives/sub-stroke0017/ses-01/sub-stroke0017_ses-01_space-ncct_cta.nii.gz,12811324,c9dfd5a6
train/derivatives/sub-stroke0017/ses-01/sub-stroke0017_ses-01_space-ncct_ctp.nii.gz,441069615,5b4774f8
train/derivatives/sub-stroke0017/ses-01/sub-stroke0017_ses-01_space-ncct_lvo-msk.nii.gz,87638,3e2c3f60
train/derivatives/sub-stroke0017/ses-02/sub-stroke0017_ses-02_space-ncct_adc.nii.gz,25702396,b002099f
train/derivatives/sub-stroke0017/ses-02/sub-stroke0017_ses-02_space-ncct_dwi.nii.gz,25536773,3094cdcf
train/derivatives/sub-stroke0017/ses-02/sub-stroke0017_ses-02_space-ncct_lesion-msk.nii.gz,777416,48179a10
train/derivatives/sub-stroke0019/ses-01/perfusion-maps/sub-stroke0019_ses-01_space-ncct_cbf.nii.gz,10305271,e8f31df0
train/derivatives/sub-stroke0019/ses-01/perfusion-maps/sub-stroke0019_ses-01_space-ncct_cbv.nii.gz,10560656,148ed81b
train/derivatives/sub-stroke0019/ses-01/perfusion-maps/sub-stroke0019_ses-01_space-ncct_mtt.nii.gz,10096726,91da8a5a
train/derivatives/sub-stroke0019/ses-01/perfusion-maps/sub-stroke0019_ses-01_space-ncct_tmax.nii.gz,8775702,84cb9179
train/derivatives/sub-stroke0019/ses-01/sub-stroke0019_ses-01_space-ncct_cow-msk.nii.gz,106905,71390f3f
train/derivatives/sub-stroke0019/ses-01/sub-stroke0019_ses-01_space-ncct_cta.nii.gz,21410615,6f2c2111
train/derivatives/sub-stroke0019/ses-01/sub-stroke0019_ses-01_space-ncct_ctp.nii.gz,597917821,00078201
train/derivatives/sub-stroke0019/ses-01/sub-stroke0019_ses-01_space-ncct_lvo-msk.nii.gz,103238,47af8f63
train/derivatives/sub-stroke0019/ses-02/sub-stroke0019_ses-02_space-ncct_adc.nii.gz,42181888,5cab85c5
train/derivatives/sub-stroke0019/ses-02/sub-stroke0019_ses-02_space-ncct_dwi.nii.gz,42103456,d1e4638f
train/derivatives/sub-stroke0019/ses-02/sub-stroke0019_ses-02_space-ncct_lesion-msk.nii.gz,830959,bc32fed6
train/derivatives/sub-stroke0020/ses-01/perfusion-maps/sub-stroke0020_ses-01_space-ncct_cbf.nii.gz,10150271,21ce1b4d
train/derivatives/sub-stroke0020/ses-01/perfusion-maps/sub-stroke0020_ses-01_space-ncct_cbv.nii.gz,10330598,0dc83f6e
train/derivatives/sub-stroke0020/ses-01/perfusion-maps/sub-stroke0020_ses-01_space-ncct_mtt.nii.gz,9986851,bb27f77e
train/derivatives/sub-stroke0020/ses-01/perfusion-maps/sub-stroke0020_ses-01_space-ncct_tmax.nii.gz,9029707,99ff0d1e
train/derivatives/sub-stroke0020/ses-01/sub-stroke0020_ses-01_space-ncct_cow-msk.nii.gz,93629,d5804be0
train/derivatives/sub-stroke0020/ses-01/sub-stroke0020_ses-01_space-ncct_cta.nii.gz,21564776,c1ce93ac
train/derivatives/sub-stroke0020/ses-01/sub-stroke0020_ses-01_space-ncct_ctp.nii.gz,710136261,6fdc81a8
train/derivatives/sub-stroke0020/ses-01/sub-stroke0020_ses-01_space-ncct_lvo-msk.nii.gz,91759,55c72439
train/derivatives/sub-stroke0020/ses-02/sub-stroke0020_ses-02_space-ncct_adc.nii.gz,42952473,442acd83
train/derivatives/sub-stroke0020/ses-02/sub-stroke0020_ses-02_space-ncct_dwi.nii.gz,42789105,6f746103
train/derivatives/sub-stroke0020/ses-02/sub-stroke0020_ses-02_space-ncct_lesion-msk.nii.gz,734930,2cd38ef7
train/derivatives/sub-stroke0021/ses-01/perfusion-maps/sub-stroke0021_ses-01_space-ncct_cbf.nii.gz,6213336,3bac26c2
train/derivatives/sub-stroke0021/ses-01/perfusion-maps/sub-stroke0021_ses-01_space-ncct_cbv.nii.gz,6195739,b399524d
train/derivatives/sub-stroke0021/ses-01/perfusion-maps/sub-stroke0021_ses-01_space-ncct_mtt.nii.gz,5779210,bf41a75f
train/derivatives/sub-stroke0021/ses-01/perfusion-maps/sub-stroke0021_ses-01_space-ncct_tmax.nii.gz,5377087,63899f40
train/derivatives/sub-stroke0021/ses-01/sub-stroke0021_ses-01_space-ncct_cow-msk.nii.gz,90569,00a4df48
train/derivatives/sub-stroke0021/ses-01/sub-stroke0021_ses-01_space-ncct_cta.nii.gz,13690859,9fc86451
train/derivatives/sub-stroke0021/ses-01/sub-stroke0021_ses-01_space-ncct_ctp.nii.gz,425179549,d8ef070a
train/derivatives/sub-stroke0021/ses-01/sub-stroke0021_ses-01_space-ncct_lvo-msk.nii.gz,88031,05d89599
train/derivatives/sub-stroke0021/ses-02/sub-stroke0021_ses-02_space-ncct_adc.nii.gz,24531423,eabc34a5
train/derivatives/sub-stroke0021/ses-02/sub-stroke0021_ses-02_space-ncct_dwi.nii.gz,24373960,426884f2
train/derivatives/sub-stroke0021/ses-02/sub-stroke0021_ses-02_space-ncct_lesion-msk.nii.gz,717006,6ff0db3d
train/derivatives/sub-stroke0022/ses-01/perfusion-maps/sub-stroke0022_ses-01_space-ncct_cbf.nii.gz,5864468,bf1f61af
train/derivatives/sub-stroke0022/ses-01/perfusion-maps/sub-stroke0022_ses-01_space-ncct_cbv.nii.gz,5803726,0f34b89a
train/derivatives/sub-stroke0022/ses-01/perfusion-maps/sub-stroke0022_ses-01_space-ncct_mtt.nii.gz,5547201,c139257c
train/derivatives/sub-stroke0022/ses-01/perfusion-maps/sub-stroke0022_ses-01_space-ncct_tmax.nii.gz,5524731,35aa555b
train/derivatives/sub-stroke0022/ses-01/sub-stroke0022_ses-01_space-ncct_cow-msk.nii.gz,91276,50ae909c
train/derivatives/sub-stroke0022/ses-01/sub-stroke0022_ses-01_space-ncct_cta.nii.gz,12835008,7daacdce
train/derivatives/sub-stroke0022/ses-01/sub-stroke0022_ses-01_space-ncct_ctp.nii.gz,410300532,8bff7c4c
train/derivatives/sub-stroke0022/ses-01/sub-stroke0022_ses-01_space-ncct_lvo-msk.nii.gz,89542,c2271bae
train/derivatives/sub-stroke0022/ses-02/sub-stroke0022_ses-02_space-ncct_adc.nii.gz,23583097,954245ad
train/derivatives/sub-stroke0022/ses-02/sub-stroke0022_ses-02_space-ncct_dwi.nii.gz,23563840,4986705e
train/derivatives/sub-stroke0022/ses-02/sub-stroke0022_ses-02_space-ncct_lesion-msk.nii.gz,734529,89c8fec7
train/derivatives/sub-stroke0025/ses-01/perfusion-maps/sub-stroke0025_ses-01_space-ncct_cbf.nii.gz,9989747,f859057f
train/derivatives/sub-stroke0025/ses-01/perfusion-maps/sub-stroke0025_ses-01_space-ncct_cbv.nii.gz,10180113,229dd03e
train/derivatives/sub-stroke0025/ses-01/perfusion-maps/sub-stroke0025_ses-01_space-ncct_mtt.nii.gz,9714212,894706c9
train/derivatives/sub-stroke0025/ses-01/perfusion-maps/sub-stroke0025_ses-01_space-ncct_tmax.nii.gz,8555511,49ec14a4
train/derivatives/sub-stroke0025/ses-01/sub-stroke0025_ses-01_space-ncct_cow-msk.nii.gz,96568,a028a240
train/derivatives/sub-stroke0025/ses-01/sub-stroke0025_ses-01_space-ncct_cta.nii.gz,17207213,b3200ef1
train/derivatives/sub-stroke0025/ses-01/sub-stroke0025_ses-01_space-ncct_ctp.nii.gz,537787086,f3082f6a
train/derivatives/sub-stroke0025/ses-01/sub-stroke0025_ses-01_space-ncct_lvo-msk.nii.gz,94248,30c79367
train/derivatives/sub-stroke0025/ses-02/sub-stroke0025_ses-02_space-ncct_adc.nii.gz,22143609,fe00ea23
train/derivatives/sub-stroke0025/ses-02/sub-stroke0025_ses-02_space-ncct_dwi.nii.gz,21772876,2b1a13a9
train/derivatives/sub-stroke0025/ses-02/sub-stroke0025_ses-02_space-ncct_lesion-msk.nii.gz,797919,874fcde3
train/derivatives/sub-stroke0026/ses-01/perfusion-maps/sub-stroke0026_ses-01_space-ncct_cbf.nii.gz,8050449,938226e8
train/derivatives/sub-stroke0026/ses-01/perfusion-maps/sub-stroke0026_ses-01_space-ncct_cbv.nii.gz,8276525,d4bc900e
train/derivatives/sub-stroke0026/ses-01/perfusion-maps/sub-stroke0026_ses-01_space-ncct_mtt.nii.gz,8015048,08b1d031
train/derivatives/sub-stroke0026/ses-01/perfusion-maps/sub-stroke0026_ses-01_space-ncct_tmax.nii.gz,7157328,bb215ef1
train/derivatives/sub-stroke0026/ses-01/sub-stroke0026_ses-01_space-ncct_cow-msk.nii.gz,110171,5d08b738
train/derivatives/sub-stroke0026/ses-01/sub-stroke0026_ses-01_space-ncct_cta.nii.gz,18832908,a62f93c7
train/derivatives/sub-stroke0026/ses-01/sub-stroke0026_ses-01_space-ncct_ctp.nii.gz,545194996,c7f66770
train/derivatives/sub-stroke0026/ses-01/sub-stroke0026_ses-01_space-ncct_lvo-msk.nii.gz,108347,cf833cb0
train/derivatives/sub-stroke0026/ses-02/sub-stroke0026_ses-02_space-ncct_adc.nii.gz,35017324,f7f10d4e
train/derivatives/sub-stroke0026/ses-02/sub-stroke0026_ses-02_space-ncct_dwi.nii.gz,34959264,7a8a9425
train/derivatives/sub-stroke0026/ses-02/sub-stroke0026_ses-02_space-ncct_lesion-msk.nii.gz,898740,8537c259
train/derivatives/sub-stroke0027/ses-01/perfusion-maps/sub-stroke0027_ses-01_space-ncct_cbf.nii.gz,7600174,d08fbfe4
train/derivatives/sub-stroke0027/ses-01/perfusion-maps/sub-stroke0027_ses-01_space-ncct_cbv.nii.gz,7633190,cee9ace6
train/derivatives/sub-stroke0027/ses-01/perfusion-maps/sub-stroke0027_ses-01_space-ncct_mtt.nii.gz,7136522,90fd36dc
train/derivatives/sub-stroke0027/ses-01/perfusion-maps/sub-stroke0027_ses-01_space-ncct_tmax.nii.gz,6209790,985fdbb5
train/derivatives/sub-stroke0027/ses-01/sub-stroke0027_ses-01_space-ncct_cow-msk.nii.gz,90859,df377c77
train/derivatives/sub-stroke0027/ses-01/sub-stroke0027_ses-01_space-ncct_cta.nii.gz,14004913,b7e144e1
train/derivatives/sub-stroke0027/ses-01/sub-stroke0027_ses-01_space-ncct_ctp.nii.gz,492539625,3a3f8500
train/derivatives/sub-stroke0027/ses-01/sub-stroke0027_ses-01_space-ncct_lvo-msk.nii.gz,89080,113b7b0b
train/derivatives/sub-stroke0027/ses-02/sub-stroke0027_ses-02_space-ncct_adc.nii.gz,29735856,7c018e92
train/derivatives/sub-stroke0027/ses-02/sub-stroke0027_ses-02_space-ncct_dwi.nii.gz,29702015,bcf1922c
train/derivatives/sub-stroke0027/ses-02/sub-stroke0027_ses-02_space-ncct_lesion-msk.nii.gz,778077,23b7ae3b
train/derivatives/sub-stroke0028/ses-01/perfusion-maps/sub-stroke0028_ses-01_space-ncct_cbf.nii.gz,6859070,a648962b
train/derivatives/sub-stroke0028/ses-01/perfusion-maps/sub-stroke0028_ses-01_space-ncct_cbv.nii.gz,6918566,430d8fa3
train/derivatives/sub-stroke0028/ses-01/perfusion-maps/sub-stroke0028_ses-01_space-ncct_mtt.nii.gz,6641719,2cce7a33
train/derivatives/sub-stroke0028/ses-01/perfusion-maps/sub-stroke0028_ses-01_space-ncct_tmax.nii.gz,5967341,dca648b3
train/derivatives/sub-stroke0028/ses-01/sub-stroke0028_ses-01_space-ncct_cow-msk.nii.gz,112762,ed77f921
train/derivatives/sub-stroke0028/ses-01/sub-stroke0028_ses-01_space-ncct_cta.nii.gz,14764016,8ad634db
train/derivatives/sub-stroke0028/ses-01/sub-stroke0028_ses-01_space-ncct_ctp.nii.gz,462536886,1503429d
train/derivatives/sub-stroke0028/ses-01/sub-stroke0028_ses-01_space-ncct_lvo-msk.nii.gz,110300,5a9d7ca7
train/derivatives/sub-stroke0028/ses-02/sub-stroke0028_ses-02_space-ncct_adc.nii.gz,28961909,c64e4a23
train/derivatives/sub-stroke0028/ses-02/sub-stroke0028_ses-02_space-ncct_dwi.nii.gz,28901209,52b2d6b4
train/derivatives/sub-stroke0028/ses-02/sub-stroke0028_ses-02_space-ncct_lesion-msk.nii.gz,893076,84bf449c
train/derivatives/sub-stroke0030/ses-01/perfusion-maps/sub-stroke0030_ses-01_space-ncct_cbf.nii.gz,4458897,f1c87815
train/derivatives/sub-stroke0030/ses-01/perfusion-maps/sub-stroke0030_ses-01_space-ncct_cbv.nii.gz,4584607,454be5ee
train/derivatives/sub-stroke0030/ses-01/perfusion-maps/sub-stroke0030_ses-01_space-ncct_mtt.nii.gz,4404214,6bfc7360
train/derivatives/sub-stroke0030/ses-01/perfusion-maps/sub-stroke0030_ses-01_space-ncct_tmax.nii.gz,3682861,5432dc82
train/derivatives/sub-stroke0030/ses-01/sub-stroke0030_ses-01_space-ncct_cow-msk.nii.gz,86352,ce10ba4f
train/derivatives/sub-stroke0030/ses-01/sub-stroke0030_ses-01_space-ncct_cta.nii.gz,13529145,31b54ac3
train/derivatives/sub-stroke0030/ses-01/sub-stroke0030_ses-01_space-ncct_ctp.nii.gz,263964584,6c17c04d
train/derivatives/sub-stroke0030/ses-01/sub-stroke0030_ses-01_space-ncct_lvo-msk.nii.gz,84009,9a374687
train/derivatives/sub-stroke0030/ses-02/sub-stroke0030_ses-02_space-ncct_adc.nii.gz,30841400,d7828b6a
train/derivatives/sub-stroke0030/ses-02/sub-stroke0030_ses-02_space-ncct_dwi.nii.gz,30791596,e46a1deb
train/derivatives/sub-stroke0030/ses-02/sub-stroke0030_ses-02_space-ncct_lesion-msk.nii.gz,681718,a4c535ed
train/derivatives/sub-stroke0033/ses-01/perfusion-maps/sub-stroke0033_ses-01_space-ncct_cbf.nii.gz,9688281,3ab3aa27
train/derivatives/sub-stroke0033/ses-01/perfusion-maps/sub-stroke0033_ses-01_space-ncct_cbv.nii.gz,9994726,bf4de4ca
train/derivatives/sub-stroke0033/ses-01/perfusion-maps/sub-stroke0033_ses-01_space-ncct_mtt.nii.gz,9657409,0f200c35
train/derivatives/sub-stroke0033/ses-01/perfusion-maps/sub-stroke0033_ses-01_space-ncct_tmax.nii.gz,8903952,82508eda
train/derivatives/sub-stroke0033/ses-01/sub-stroke0033_ses-01_space-ncct_cow-msk.nii.gz,109075,6a6f67ed
train/derivatives/sub-stroke0033/ses-01/sub-stroke0033_ses-01_space-ncct_cta.nii.gz,21958244,8e2d765e
train/derivatives/sub-stroke0033/ses-01/sub-stroke0033_ses-01_space-ncct_ctp.nii.gz,606613912,34191031
train/derivatives/sub-stroke0033/ses-01/sub-stroke0033_ses-01_space-ncct_lvo-msk.nii.gz,106635,cf80c846
train/derivatives/sub-stroke0033/ses-02/sub-stroke0033_ses-02_space-ncct_adc.nii.gz,38686660,12c24e0f
train/derivatives/sub-stroke0033/ses-02/sub-stroke0033_ses-02_space-ncct_dwi.nii.gz,38626959,a00938c0
train/derivatives/sub-stroke0033/ses-02/sub-stroke0033_ses-02_space-ncct_lesion-msk.nii.gz,861003,e55f5c76
train/derivatives/sub-stroke0036/ses-01/perfusion-maps/sub-stroke0036_ses-01_space-ncct_cbf.nii.gz,8952285,c922b492
train/derivatives/sub-stroke0036/ses-01/perfusion-maps/sub-stroke0036_ses-01_space-ncct_cbv.nii.gz,9026811,3d8dc41a
train/derivatives/sub-stroke0036/ses-01/perfusion-maps/sub-stroke0036_ses-01_space-ncct_mtt.nii.gz,8334757,6467dc9c
train/derivatives/sub-stroke0036/ses-01/perfusion-maps/sub-stroke0036_ses-01_space-ncct_tmax.nii.gz,7042964,3efe4a95
train/derivatives/sub-stroke0036/ses-01/sub-stroke0036_ses-01_space-ncct_cow-msk.nii.gz,87136,7269ce84
train/derivatives/sub-stroke0036/ses-01/sub-stroke0036_ses-01_space-ncct_cta.nii.gz,17490184,b09c9033
train/derivatives/sub-stroke0036/ses-01/sub-stroke0036_ses-01_space-ncct_ctp.nii.gz,527640296,97df417b
train/derivatives/sub-stroke0036/ses-01/sub-stroke0036_ses-01_space-ncct_lvo-msk.nii.gz,84088,58a9e03c
train/derivatives/sub-stroke0036/ses-02/sub-stroke0036_ses-02_space-ncct_adc.nii.gz,36794008,4f7b7052
train/derivatives/sub-stroke0036/ses-02/sub-stroke0036_ses-02_space-ncct_dwi.nii.gz,36731499,1d7f93d3
train/derivatives/sub-stroke0036/ses-02/sub-stroke0036_ses-02_space-ncct_lesion-msk.nii.gz,682966,ad1a4d7c
train/derivatives/sub-stroke0037/ses-01/perfusion-maps/sub-stroke0037_ses-01_space-ncct_cbf.nii.gz,2988207,2158876e
train/derivatives/sub-stroke0037/ses-01/perfusion-maps/sub-stroke0037_ses-01_space-ncct_cbv.nii.gz,2992416,b3709618
train/derivatives/sub-stroke0037/ses-01/perfusion-maps/sub-stroke0037_ses-01_space-ncct_mtt.nii.gz,2898474,595d5d8e
train/derivatives/sub-stroke0037/ses-01/perfusion-maps/sub-stroke0037_ses-01_space-ncct_tmax.nii.gz,2849493,1b5df6b2
train/derivatives/sub-stroke0037/ses-01/sub-stroke0037_ses-01_space-ncct_cow-msk.nii.gz,60572,9732d756
train/derivatives/sub-stroke0037/ses-01/sub-stroke0037_ses-01_space-ncct_cta.nii.gz,8123001,82f1912a
train/derivatives/sub-stroke0037/ses-01/sub-stroke0037_ses-01_space-ncct_ctp.nii.gz,191514307,501892e0
train/derivatives/sub-stroke0037/ses-01/sub-stroke0037_ses-01_space-ncct_lvo-msk.nii.gz,59205,a7fc0cef
train/derivatives/sub-stroke0037/ses-02/sub-stroke0037_ses-02_space-ncct_adc.nii.gz,15798519,457f967b
train/derivatives/sub-stroke0037/ses-02/sub-stroke0037_ses-02_space-ncct_dwi.nii.gz,15687964,c7e8a460
train/derivatives/sub-stroke0037/ses-02/sub-stroke0037_ses-02_space-ncct_lesion-msk.nii.gz,483040,671ea805
train/derivatives/sub-stroke0038/ses-01/perfusion-maps/sub-stroke0038_ses-01_space-ncct_cbf.nii.gz,5971838,5ce0657a
train/derivatives/sub-stroke0038/ses-01/perfusion-maps/sub-stroke0038_ses-01_space-ncct_cbv.nii.gz,5982306,6f554dbf
train/derivatives/sub-stroke0038/ses-01/perfusion-maps/sub-stroke0038_ses-01_space-ncct_mtt.nii.gz,5561509,3b9c7f3e
train/derivatives/sub-stroke0038/ses-01/perfusion-maps/sub-stroke0038_ses-01_space-ncct_tmax.nii.gz,4521098,cee3da63
train/derivatives/sub-stroke0038/ses-01/sub-stroke0038_ses-01_space-ncct_cow-msk.nii.gz,83169,6c0bb004
train/derivatives/sub-stroke0038/ses-01/sub-stroke0038_ses-01_space-ncct_cta.nii.gz,11003194,222857a8
train/derivatives/sub-stroke0038/ses-01/sub-stroke0038_ses-01_space-ncct_ctp.nii.gz,400270032,60c1b98d
train/derivatives/sub-stroke0038/ses-01/sub-stroke0038_ses-01_space-ncct_lvo-msk.nii.gz,81248,7b01e190
train/derivatives/sub-stroke0038/ses-02/sub-stroke0038_ses-02_space-ncct_adc.nii.gz,22791395,7070bc90
train/derivatives/sub-stroke0038/ses-02/sub-stroke0038_ses-02_space-ncct_dwi.nii.gz,22738818,8621ee08
train/derivatives/sub-stroke0038/ses-02/sub-stroke0038_ses-02_space-ncct_lesion-msk.nii.gz,651487,60d41f90
train/derivatives/sub-stroke0040/ses-01/perfusion-maps/sub-stroke0040_ses-01_space-ncct_cbf.nii.gz,17682888,9c2b0d18
train/derivatives/sub-stroke0040/ses-01/perfusion-maps/sub-stroke0040_ses-01_space-ncct_cbv.nii.gz,17759225,b5a9263d
train/derivatives/sub-stroke0040/ses-01/perfusion-maps/sub-stroke0040_ses-01_space-ncct_mtt.nii.gz,16496357,13687491
train/derivatives/sub-stroke0040/ses-01/perfusion-maps/sub-stroke0040_ses-01_space-ncct_tmax.nii.gz,15999938,f8c227c2
train/derivatives/sub-stroke0040/ses-01/sub-stroke0040_ses-01_space-ncct_cow-msk.nii.gz,207808,902be23b
train/derivatives/sub-stroke0040/ses-01/sub-stroke0040_ses-01_space-ncct_cta.nii.gz,30310289,4cac1bac
train/derivatives/sub-stroke0040/ses-01/sub-stroke0040_ses-01_space-ncct_ctp.nii.gz,1699158957,7a03ac14
train/derivatives/sub-stroke0040/ses-01/sub-stroke0040_ses-01_space-ncct_lvo-msk.nii.gz,202709,cee6f3c0
train/derivatives/sub-stroke0040/ses-02/sub-stroke0040_ses-02_space-ncct_adc.nii.gz,44582529,a3134dd4
train/derivatives/sub-stroke0040/ses-02/sub-stroke0040_ses-02_space-ncct_dwi.nii.gz,44352800,7573c1cf
train/derivatives/sub-stroke0040/ses-02/sub-stroke0040_ses-02_space-ncct_lesion-msk.nii.gz,1653122,0cee8cb0
train/derivatives/sub-stroke0043/ses-01/perfusion-maps/sub-stroke0043_ses-01_space-ncct_cbf.nii.gz,18538,65ee6fb5
train/derivatives/sub-stroke0043/ses-01/perfusion-maps/sub-stroke0043_ses-01_space-ncct_cbv.nii.gz,7944698,b9a1d89f
train/derivatives/sub-stroke0043/ses-01/perfusion-maps/sub-stroke0043_ses-01_space-ncct_mtt.nii.gz,7746576,840b0ffd
train/derivatives/sub-stroke0043/ses-01/perfusion-maps/sub-stroke0043_ses-01_space-ncct_tmax.nii.gz,6799058,16421577
train/derivatives/sub-stroke0043/ses-01/sub-stroke0043_ses-01_space-ncct_cow-msk.nii.gz,104267,7fb5886e
train/derivatives/sub-stroke0043/ses-01/sub-stroke0043_ses-01_space-ncct_cta.nii.gz,14765752,a0597778
train/derivatives/sub-stroke0043/ses-01/sub-stroke0043_ses-01_space-ncct_ctp.nii.gz,458668976,25abffd4
train/derivatives/sub-stroke0043/ses-01/sub-stroke0043_ses-01_space-ncct_lvo-msk.nii.gz,101898,7429dd8d
train/derivatives/sub-stroke0043/ses-02/sub-stroke0043_ses-02_space-ncct_adc.nii.gz,31188063,71531428
train/derivatives/sub-stroke0043/ses-02/sub-stroke0043_ses-02_space-ncct_dwi.nii.gz,31156163,6f38d6f9
train/derivatives/sub-stroke0043/ses-02/sub-stroke0043_ses-02_space-ncct_lesion-msk.nii.gz,818138,fd10425a
train/derivatives/sub-stroke0045/ses-01/perfusion-maps/sub-stroke0045_ses-01_space-ncct_cbf.nii.gz,8276713,ff96bfd1
train/derivatives/sub-stroke0045/ses-01/perfusion-maps/sub-stroke0045_ses-01_space-ncct_cbv.nii.gz,8320247,84582e9a
train/derivatives/sub-stroke0045/ses-01/perfusion-maps/sub-stroke0045_ses-01_space-ncct_mtt.nii.gz,7881529,571f1e29
train/derivatives/sub-stroke0045/ses-01/perfusion-maps/sub-stroke0045_ses-01_space-ncct_tmax.nii.gz,7069983,b9250613
train/derivatives/sub-stroke0045/ses-01/sub-stroke0045_ses-01_space-ncct_cow-msk.nii.gz,110958,58487f45
train/derivatives/sub-stroke0045/ses-01/sub-stroke0045_ses-01_space-ncct_cta.nii.gz,18444878,d5d37226
train/derivatives/sub-stroke0045/ses-01/sub-stroke0045_ses-01_space-ncct_ctp.nii.gz,545503458,4a95dbcb
train/derivatives/sub-stroke0045/ses-01/sub-stroke0045_ses-01_space-ncct_lvo-msk.nii.gz,108514,6455d9cb
train/derivatives/sub-stroke0045/ses-02/sub-stroke0045_ses-02_space-ncct_adc.nii.gz,33905518,128d4fd7
train/derivatives/sub-stroke0045/ses-02/sub-stroke0045_ses-02_space-ncct_dwi.nii.gz,33723459,d319d483
train/derivatives/sub-stroke0045/ses-02/sub-stroke0045_ses-02_space-ncct_lesion-msk.nii.gz,879007,12e12bf7
train/derivatives/sub-stroke0047/ses-01/perfusion-maps/sub-stroke0047_ses-01_space-ncct_cbf.nii.gz,8434089,790486d0
train/derivatives/sub-stroke0047/ses-01/perfusion-maps/sub-stroke0047_ses-01_space-ncct_cbv.nii.gz,8512846,fe10a76f
train/derivatives/sub-stroke0047/ses-01/perfusion-maps/sub-stroke0047_ses-01_space-ncct_mtt.nii.gz,7962542,ca29307b
train/derivatives/sub-stroke0047/ses-01/perfusion-maps/sub-stroke0047_ses-01_space-ncct_tmax.nii.gz,6696025,7fcda888
train/derivatives/sub-stroke0047/ses-01/sub-stroke0047_ses-01_space-ncct_cow-msk.nii.gz,94810,843d77be
train/derivatives/sub-stroke0047/ses-01/sub-stroke0047_ses-01_space-ncct_cta.nii.gz,17212779,9f0839c7
train/derivatives/sub-stroke0047/ses-01/sub-stroke0047_ses-01_space-ncct_ctp.nii.gz,530723036,6fd26772
train/derivatives/sub-stroke0047/ses-01/sub-stroke0047_ses-01_space-ncct_lvo-msk.nii.gz,91931,63753723
train/derivatives/sub-stroke0047/ses-02/sub-stroke0047_ses-02_space-ncct_adc.nii.gz,36360519,34c2400d
train/derivatives/sub-stroke0047/ses-02/sub-stroke0047_ses-02_space-ncct_dwi.nii.gz,36256609,375e3615
train/derivatives/sub-stroke0047/ses-02/sub-stroke0047_ses-02_space-ncct_lesion-msk.nii.gz,739964,7cc93611
train/derivatives/sub-stroke0048/ses-01/perfusion-maps/sub-stroke0048_ses-01_space-ncct_cbf.nii.gz,8907815,0cf6fdfe
train/derivatives/sub-stroke0048/ses-01/perfusion-maps/sub-stroke0048_ses-01_space-ncct_cbv.nii.gz,9100295,59868daf
train/derivatives/sub-stroke0048/ses-01/perfusion-maps/sub-stroke0048_ses-01_space-ncct_mtt.nii.gz,8691448,1cc1ea42
train/derivatives/sub-stroke0048/ses-01/perfusion-maps/sub-stroke0048_ses-01_space-ncct_tmax.nii.gz,7645107,c27fa98c
train/derivatives/sub-stroke0048/ses-01/sub-stroke0048_ses-01_space-ncct_cow-msk.nii.gz,98617,5279c97d
train/derivatives/sub-stroke0048/ses-01/sub-stroke0048_ses-01_space-ncct_cta.nii.gz,17275431,9ebdb29c
train/derivatives/sub-stroke0048/ses-01/sub-stroke0048_ses-01_space-ncct_ctp.nii.gz,527525382,a9597169
train/derivatives/sub-stroke0048/ses-01/sub-stroke0048_ses-01_space-ncct_lvo-msk.nii.gz,96563,ec1dd980
train/derivatives/sub-stroke0048/ses-02/sub-stroke0048_ses-02_space-ncct_adc.nii.gz,37233406,648c2b5d
train/derivatives/sub-stroke0048/ses-02/sub-stroke0048_ses-02_space-ncct_dwi.nii.gz,37145076,9da5ab2b
train/derivatives/sub-stroke0048/ses-02/sub-stroke0048_ses-02_space-ncct_lesion-msk.nii.gz,774541,1303b5e3
train/derivatives/sub-stroke0049/ses-01/perfusion-maps/sub-stroke0049_ses-01_space-ncct_cbf.nii.gz,8185341,3974a9e3
train/derivatives/sub-stroke0049/ses-01/perfusion-maps/sub-stroke0049_ses-01_space-ncct_cbv.nii.gz,8268341,929f30be
train/derivatives/sub-stroke0049/ses-01/perfusion-maps/sub-stroke0049_ses-01_space-ncct_mtt.nii.gz,7781434,2d0b70cd
train/derivatives/sub-stroke0049/ses-01/perfusion-maps/sub-stroke0049_ses-01_space-ncct_tmax.nii.gz,6854806,04b89bd5
train/derivatives/sub-stroke0049/ses-01/sub-stroke0049_ses-01_space-ncct_cow-msk.nii.gz,102703,818e37df
train/derivatives/sub-stroke0049/ses-01/sub-stroke0049_ses-01_space-ncct_cta.nii.gz,18084162,701700e5
train/derivatives/sub-stroke0049/ses-01/sub-stroke0049_ses-01_space-ncct_ctp.nii.gz,518613024,2354b34b
train/derivatives/sub-stroke0049/ses-01/sub-stroke0049_ses-01_space-ncct_lvo-msk.nii.gz,101179,2d30d615
train/derivatives/sub-stroke0049/ses-02/sub-stroke0049_ses-02_space-ncct_adc.nii.gz,31746562,a3ae7271
train/derivatives/sub-stroke0049/ses-02/sub-stroke0049_ses-02_space-ncct_dwi.nii.gz,31680448,d2828539
train/derivatives/sub-stroke0049/ses-02/sub-stroke0049_ses-02_space-ncct_lesion-msk.nii.gz,814282,1dc050e4
train/derivatives/sub-stroke0052/ses-01/perfusion-maps/sub-stroke0052_ses-01_space-ncct_cbf.nii.gz,9746218,09ad9984
train/derivatives/sub-stroke0052/ses-01/perfusion-maps/sub-stroke0052_ses-01_space-ncct_cbv.nii.gz,9945768,7746848b
train/derivatives/sub-stroke0052/ses-01/perfusion-maps/sub-stroke0052_ses-01_space-ncct_mtt.nii.gz,9513824,dd08065c
train/derivatives/sub-stroke0052/ses-01/perfusion-maps/sub-stroke0052_ses-01_space-ncct_tmax.nii.gz,8764424,13a792cd
train/derivatives/sub-stroke0052/ses-01/sub-stroke0052_ses-01_space-ncct_cow-msk.nii.gz,96689,aaad6fa8
train/derivatives/sub-stroke0052/ses-01/sub-stroke0052_ses-01_space-ncct_cta.nii.gz,19109213,66396af2
train/derivatives/sub-stroke0052/ses-01/sub-stroke0052_ses-01_space-ncct_ctp.nii.gz,554107418,b1b24f7c
train/derivatives/sub-stroke0052/ses-01/sub-stroke0052_ses-01_space-ncct_lvo-msk.nii.gz,93399,98a5cfd8
train/derivatives/sub-stroke0052/ses-02/sub-stroke0052_ses-02_space-ncct_adc.nii.gz,38687515,e96b1cc8
train/derivatives/sub-stroke0052/ses-02/sub-stroke0052_ses-02_space-ncct_dwi.nii.gz,38669109,be759a27
train/derivatives/sub-stroke0052/ses-02/sub-stroke0052_ses-02_space-ncct_lesion-msk.nii.gz,772295,4adaaeae
train/derivatives/sub-stroke0053/ses-01/perfusion-maps/sub-stroke0053_ses-01_space-ncct_cbf.nii.gz,6214172,59991f71
train/derivatives/sub-stroke0053/ses-01/perfusion-maps/sub-stroke0053_ses-01_space-ncct_cbv.nii.gz,6353004,25743b3b
train/derivatives/sub-stroke0053/ses-01/perfusion-maps/sub-stroke0053_ses-01_space-ncct_mtt.nii.gz,6167989,3c0a2c5c
train/derivatives/sub-stroke0053/ses-01/perfusion-maps/sub-stroke0053_ses-01_space-ncct_tmax.nii.gz,5626288,7ebd9947
train/derivatives/sub-stroke0053/ses-01/sub-stroke0053_ses-01_space-ncct_cow-msk.nii.gz,85639,e007ba67
train/derivatives/sub-stroke0053/ses-01/sub-stroke0053_ses-01_space-ncct_cta.nii.gz,11270561,a1d4bb50
train/derivatives/sub-stroke0053/ses-01/sub-stroke0053_ses-01_space-ncct_ctp.nii.gz,384487502,be599b0c
train/derivatives/sub-stroke0053/ses-01/sub-stroke0053_ses-01_space-ncct_lvo-msk.nii.gz,83703,d40eb671
train/derivatives/sub-stroke0053/ses-02/sub-stroke0053_ses-02_space-ncct_adc.nii.gz,21333266,6a2c84bd
train/derivatives/sub-stroke0053/ses-02/sub-stroke0053_ses-02_space-ncct_dwi.nii.gz,21322759,511aba60
train/derivatives/sub-stroke0053/ses-02/sub-stroke0053_ses-02_space-ncct_lesion-msk.nii.gz,672412,65822613
train/derivatives/sub-stroke0054/ses-01/perfusion-maps/sub-stroke0054_ses-01_space-ncct_cbf.nii.gz,9418811,853c7281
train/derivatives/sub-stroke0054/ses-01/perfusion-maps/sub-stroke0054_ses-01_space-ncct_cbv.nii.gz,9496550,d1693ec5
train/derivatives/sub-stroke0054/ses-01/perfusion-maps/sub-stroke0054_ses-01_space-ncct_mtt.nii.gz,8904824,3d91417c
train/derivatives/sub-stroke0054/ses-01/perfusion-maps/sub-stroke0054_ses-01_space-ncct_tmax.nii.gz,7850403,f9311f8e
train/derivatives/sub-stroke0054/ses-01/sub-stroke0054_ses-01_space-ncct_cow-msk.nii.gz,89476,12fd4f31
train/derivatives/sub-stroke0054/ses-01/sub-stroke0054_ses-01_space-ncct_cta.nii.gz,18630183,9b709add
train/derivatives/sub-stroke0054/ses-01/sub-stroke0054_ses-01_space-ncct_ctp.nii.gz,528439835,f220e7bf
train/derivatives/sub-stroke0054/ses-01/sub-stroke0054_ses-01_space-ncct_lvo-msk.nii.gz,86694,a38310fc
train/derivatives/sub-stroke0054/ses-02/sub-stroke0054_ses-02_space-ncct_adc.nii.gz,37751412,6c61b39e
train/derivatives/sub-stroke0054/ses-02/sub-stroke0054_ses-02_space-ncct_dwi.nii.gz,37695620,73808104
train/derivatives/sub-stroke0054/ses-02/sub-stroke0054_ses-02_space-ncct_lesion-msk.nii.gz,703641,3bd2400b
train/derivatives/sub-stroke0055/ses-01/perfusion-maps/sub-stroke0055_ses-01_space-ncct_cbf.nii.gz,9708924,aa27c120
train/derivatives/sub-stroke0055/ses-01/perfusion-maps/sub-stroke0055_ses-01_space-ncct_cbv.nii.gz,9769955,1272e38e
train/derivatives/sub-stroke0055/ses-01/perfusion-maps/sub-stroke0055_ses-01_space-ncct_mtt.nii.gz,9131302,77c241da
train/derivatives/sub-stroke0055/ses-01/perfusion-maps/sub-stroke0055_ses-01_space-ncct_tmax.nii.gz,7995879,54cf6a51
train/derivatives/sub-stroke0055/ses-01/sub-stroke0055_ses-01_space-ncct_cow-msk.nii.gz,89101,50c945dc
train/derivatives/sub-stroke0055/ses-01/sub-stroke0055_ses-01_space-ncct_cta.nii.gz,18993326,860fdd7c
train/derivatives/sub-stroke0055/ses-01/sub-stroke0055_ses-01_space-ncct_ctp.nii.gz,543510748,1e6b2bcc
train/derivatives/sub-stroke0055/ses-01/sub-stroke0055_ses-01_space-ncct_lvo-msk.nii.gz,86687,62427e6d
train/derivatives/sub-stroke0055/ses-02/sub-stroke0055_ses-02_space-ncct_adc.nii.gz,38828683,84de2cb1
train/derivatives/sub-stroke0055/ses-02/sub-stroke0055_ses-02_space-ncct_dwi.nii.gz,38537565,d1d1783f
train/derivatives/sub-stroke0055/ses-02/sub-stroke0055_ses-02_space-ncct_lesion-msk.nii.gz,696972,73e22d3c
train/derivatives/sub-stroke0057/ses-01/perfusion-maps/sub-stroke0057_ses-01_space-ncct_cbf.nii.gz,5664692,25a4c298
train/derivatives/sub-stroke0057/ses-01/perfusion-maps/sub-stroke0057_ses-01_space-ncct_cbv.nii.gz,5659370,7aef3a4b
train/derivatives/sub-stroke0057/ses-01/perfusion-maps/sub-stroke0057_ses-01_space-ncct_mtt.nii.gz,5269052,2576192b
train/derivatives/sub-stroke0057/ses-01/perfusion-maps/sub-stroke0057_ses-01_space-ncct_tmax.nii.gz,4731082,86bfea60
train/derivatives/sub-stroke0057/ses-01/sub-stroke0057_ses-01_space-ncct_cow-msk.nii.gz,84771,8f687ac4
train/derivatives/sub-stroke0057/ses-01/sub-stroke0057_ses-01_space-ncct_cta.nii.gz,10191069,88339d2c
train/derivatives/sub-stroke0057/ses-01/sub-stroke0057_ses-01_space-ncct_ctp.nii.gz,352404809,3df4a039
train/derivatives/sub-stroke0057/ses-01/sub-stroke0057_ses-01_space-ncct_lvo-msk.nii.gz,82832,a8efba03
train/derivatives/sub-stroke0057/ses-02/sub-stroke0057_ses-02_space-ncct_adc.nii.gz,21404626,244cb17d
train/derivatives/sub-stroke0057/ses-02/sub-stroke0057_ses-02_space-ncct_dwi.nii.gz,21377898,a4ae6ef7
train/derivatives/sub-stroke0057/ses-02/sub-stroke0057_ses-02_space-ncct_lesion-msk.nii.gz,663214,e345b068
train/derivatives/sub-stroke0062/ses-01/perfusion-maps/sub-stroke0062_ses-01_space-ncct_cbf.nii.gz,9744702,be9110f3
train/derivatives/sub-stroke0062/ses-01/perfusion-maps/sub-stroke0062_ses-01_space-ncct_cbv.nii.gz,9886156,79239190
train/derivatives/sub-stroke0062/ses-01/perfusion-maps/sub-stroke0062_ses-01_space-ncct_mtt.nii.gz,9391646,038c214a
train/derivatives/sub-stroke0062/ses-01/perfusion-maps/sub-stroke0062_ses-01_space-ncct_tmax.nii.gz,8322658,b36bbd15
train/derivatives/sub-stroke0062/ses-01/sub-stroke0062_ses-01_space-ncct_cow-msk.nii.gz,89004,b033e5a1
train/derivatives/sub-stroke0062/ses-01/sub-stroke0062_ses-01_space-ncct_cta.nii.gz,19582610,5b314e14
train/derivatives/sub-stroke0062/ses-01/sub-stroke0062_ses-01_space-ncct_ctp.nii.gz,587791884,37893f0c
train/derivatives/sub-stroke0062/ses-01/sub-stroke0062_ses-01_space-ncct_lvo-msk.nii.gz,86857,0a258900
train/derivatives/sub-stroke0062/ses-02/sub-stroke0062_ses-02_space-ncct_adc.nii.gz,40729612,d425774e
train/derivatives/sub-stroke0062/ses-02/sub-stroke0062_ses-02_space-ncct_dwi.nii.gz,40625041,9fed5935
train/derivatives/sub-stroke0062/ses-02/sub-stroke0062_ses-02_space-ncct_lesion-msk.nii.gz,708078,fe4f3497
train/derivatives/sub-stroke0066/ses-01/perfusion-maps/sub-stroke0066_ses-01_space-ncct_cbf.nii.gz,5004647,9ded3346
train/derivatives/sub-stroke0066/ses-01/perfusion-maps/sub-stroke0066_ses-01_space-ncct_cbv.nii.gz,5020335,122ec632
train/derivatives/sub-stroke0066/ses-01/perfusion-maps/sub-stroke0066_ses-01_space-ncct_mtt.nii.gz,4726237,cc013386
train/derivatives/sub-stroke0066/ses-01/perfusion-maps/sub-stroke0066_ses-01_space-ncct_tmax.nii.gz,4215286,c74d8cc8
train/derivatives/sub-stroke0066/ses-01/sub-stroke0066_ses-01_space-ncct_cow-msk.nii.gz,92388,f9e1e759
train/derivatives/sub-stroke0066/ses-01/sub-stroke0066_ses-01_space-ncct_cta.nii.gz,13446397,1ff27202
train/derivatives/sub-stroke0066/ses-01/sub-stroke0066_ses-01_space-ncct_ctp.nii.gz,329781639,ebdc8509
train/derivatives/sub-stroke0066/ses-01/sub-stroke0066_ses-01_space-ncct_lvo-msk.nii.gz,89835,b77db5d3
train/derivatives/sub-stroke0066/ses-02/sub-stroke0066_ses-02_space-ncct_adc.nii.gz,29887915,5c58b447
train/derivatives/sub-stroke0066/ses-02/sub-stroke0066_ses-02_space-ncct_dwi.nii.gz,29681145,0b88c4c6
train/derivatives/sub-stroke0066/ses-02/sub-stroke0066_ses-02_space-ncct_lesion-msk.nii.gz,761082,5293d844
train/derivatives/sub-stroke0068/ses-01/perfusion-maps/sub-stroke0068_ses-01_space-ncct_cbf.nii.gz,9387178,7f0f75ab
train/derivatives/sub-stroke0068/ses-01/perfusion-maps/sub-stroke0068_ses-01_space-ncct_cbv.nii.gz,9505769,6575ad41
train/derivatives/sub-stroke0068/ses-01/perfusion-maps/sub-stroke0068_ses-01_space-ncct_mtt.nii.gz,8963080,b887355f
train/derivatives/sub-stroke0068/ses-01/perfusion-maps/sub-stroke0068_ses-01_space-ncct_tmax.nii.gz,8355981,643d2ba9
train/derivatives/sub-stroke0068/ses-01/sub-stroke0068_ses-01_space-ncct_cow-msk.nii.gz,90057,5f24259f
train/derivatives/sub-stroke0068/ses-01/sub-stroke0068_ses-01_space-ncct_cta.nii.gz,18103956,c0c8d4e3
train/derivatives/sub-stroke0068/ses-01/sub-stroke0068_ses-01_space-ncct_ctp.nii.gz,564728769,7ce174b1
train/derivatives/sub-stroke0068/ses-01/sub-stroke0068_ses-01_space-ncct_lvo-msk.nii.gz,87654,9201233f
train/derivatives/sub-stroke0068/ses-02/sub-stroke0068_ses-02_space-ncct_adc.nii.gz,36294253,0daa95a3
train/derivatives/sub-stroke0068/ses-02/sub-stroke0068_ses-02_space-ncct_dwi.nii.gz,36274362,251610c6
train/derivatives/sub-stroke0068/ses-02/sub-stroke0068_ses-02_space-ncct_lesion-msk.nii.gz,712097,e0d4043f
train/derivatives/sub-stroke0070/ses-01/perfusion-maps/sub-stroke0070_ses-01_space-ncct_cbf.nii.gz,6254886,80c253a4
train/derivatives/sub-stroke0070/ses-01/perfusion-maps/sub-stroke0070_ses-01_space-ncct_cbv.nii.gz,6240675,c77a9e34
train/derivatives/sub-stroke0070/ses-01/perfusion-maps/sub-stroke0070_ses-01_space-ncct_mtt.nii.gz,5946239,91d7cc58
train/derivatives/sub-stroke0070/ses-01/perfusion-maps/sub-stroke0070_ses-01_space-ncct_tmax.nii.gz,5784199,4f554fe7
train/derivatives/sub-stroke0070/ses-01/sub-stroke0070_ses-01_space-ncct_cow-msk.nii.gz,90112,9c3dfee6
train/derivatives/sub-stroke0070/ses-01/sub-stroke0070_ses-01_space-ncct_cta.nii.gz,11864057,821a4148
train/derivatives/sub-stroke0070/ses-01/sub-stroke0070_ses-01_space-ncct_ctp.nii.gz,405723972,cb85ffd1
train/derivatives/sub-stroke0070/ses-01/sub-stroke0070_ses-01_space-ncct_lvo-msk.nii.gz,87964,7e6168cf
train/derivatives/sub-stroke0070/ses-02/sub-stroke0070_ses-02_space-ncct_adc.nii.gz,12888759,9a5248f4
train/derivatives/sub-stroke0070/ses-02/sub-stroke0070_ses-02_space-ncct_dwi.nii.gz,12731680,6cdbd0fb
train/derivatives/sub-stroke0070/ses-02/sub-stroke0070_ses-02_space-ncct_lesion-msk.nii.gz,770653,89a275d8
train/derivatives/sub-stroke0071/ses-01/perfusion-maps/sub-stroke0071_ses-01_space-ncct_cbf.nii.gz,6621330,6779d5d8
train/derivatives/sub-stroke0071/ses-01/perfusion-maps/sub-stroke0071_ses-01_space-ncct_cbv.nii.gz,6653784,c2ce70f8
train/derivatives/sub-stroke0071/ses-01/perfusion-maps/sub-stroke0071_ses-01_space-ncct_mtt.nii.gz,6235316,efa8b375
train/derivatives/sub-stroke0071/ses-01/perfusion-maps/sub-stroke0071_ses-01_space-ncct_tmax.nii.gz,4955251,30b9e3af
train/derivatives/sub-stroke0071/ses-01/sub-stroke0071_ses-01_space-ncct_cow-msk.nii.gz,89454,2ff066e2
train/derivatives/sub-stroke0071/ses-01/sub-stroke0071_ses-01_space-ncct_cta.nii.gz,12476746,47c95ce8
train/derivatives/sub-stroke0071/ses-01/sub-stroke0071_ses-01_space-ncct_ctp.nii.gz,414746821,b6ca1fe9
train/derivatives/sub-stroke0071/ses-01/sub-stroke0071_ses-01_space-ncct_lvo-msk.nii.gz,87200,d0ed337e
train/derivatives/sub-stroke0071/ses-02/sub-stroke0071_ses-02_space-ncct_adc.nii.gz,28468130,c1ed7fc9
train/derivatives/sub-stroke0071/ses-02/sub-stroke0071_ses-02_space-ncct_dwi.nii.gz,28258626,eced8306
train/derivatives/sub-stroke0071/ses-02/sub-stroke0071_ses-02_space-ncct_lesion-msk.nii.gz,705176,29f5ca43
train/derivatives/sub-stroke0073/ses-01/perfusion-maps/sub-stroke0073_ses-01_space-ncct_cbf.nii.gz,6499361,4d99b4d3
train/derivatives/sub-stroke0073/ses-01/perfusion-maps/sub-stroke0073_ses-01_space-ncct_cbv.nii.gz,6584848,97f7465b
train/derivatives/sub-stroke0073/ses-01/perfusion-maps/sub-stroke0073_ses-01_space-ncct_mtt.nii.gz,6181714,a10e1bc1
train/derivatives/sub-stroke0073/ses-01/perfusion-maps/sub-stroke0073_ses-01_space-ncct_tmax.nii.gz,4604541,fe195215
train/derivatives/sub-stroke0073/ses-01/sub-stroke0073_ses-01_space-ncct_cow-msk.nii.gz,83524,001de570
train/derivatives/sub-stroke0073/ses-01/sub-stroke0073_ses-01_space-ncct_cta.nii.gz,12073692,d6e50b45
train/derivatives/sub-stroke0073/ses-01/sub-stroke0073_ses-01_space-ncct_ctp.nii.gz,433286250,26ec0c27
train/derivatives/sub-stroke0073/ses-01/sub-stroke0073_ses-01_space-ncct_lvo-msk.nii.gz,81234,046dcbbf
train/derivatives/sub-stroke0073/ses-02/sub-stroke0073_ses-02_space-ncct_adc.nii.gz,25524303,b18c8f23
train/derivatives/sub-stroke0073/ses-02/sub-stroke0073_ses-02_space-ncct_dwi.nii.gz,25462974,903c99e1
train/derivatives/sub-stroke0073/ses-02/sub-stroke0073_ses-02_space-ncct_lesion-msk.nii.gz,665201,12ec3118
train/derivatives/sub-stroke0074/ses-01/perfusion-maps/sub-stroke0074_ses-01_space-ncct_cbf.nii.gz,7557990,7b76d630
train/derivatives/sub-stroke0074/ses-01/perfusion-maps/sub-stroke0074_ses-01_space-ncct_cbv.nii.gz,7643331,777ecad9
train/derivatives/sub-stroke0074/ses-01/perfusion-maps/sub-stroke0074_ses-01_space-ncct_mtt.nii.gz,7216678,195b57e5
train/derivatives/sub-stroke0074/ses-01/perfusion-maps/sub-stroke0074_ses-01_space-ncct_tmax.nii.gz,6557924,ca9b786a
train/derivatives/sub-stroke0074/ses-01/sub-stroke0074_ses-01_space-ncct_cow-msk.nii.gz,84613,cef69b6b
train/derivatives/sub-stroke0074/ses-01/sub-stroke0074_ses-01_space-ncct_cta.nii.gz,13512760,3f0fbd11
train/derivatives/sub-stroke0074/ses-01/sub-stroke0074_ses-01_space-ncct_ctp.nii.gz,453431007,f7b56fe8
train/derivatives/sub-stroke0074/ses-01/sub-stroke0074_ses-01_space-ncct_lvo-msk.nii.gz,82619,bf5ead26
train/derivatives/sub-stroke0074/ses-02/sub-stroke0074_ses-02_space-ncct_adc.nii.gz,28072148,013fb595
train/derivatives/sub-stroke0074/ses-02/sub-stroke0074_ses-02_space-ncct_dwi.nii.gz,27899269,6805b531
train/derivatives/sub-stroke0074/ses-02/sub-stroke0074_ses-02_space-ncct_lesion-msk.nii.gz,665458,5661c142
train/derivatives/sub-stroke0075/ses-01/perfusion-maps/sub-stroke0075_ses-01_space-ncct_cbf.nii.gz,9372253,6ab52edd
train/derivatives/sub-stroke0075/ses-01/perfusion-maps/sub-stroke0075_ses-01_space-ncct_cbv.nii.gz,9563161,ba4ae87e
train/derivatives/sub-stroke0075/ses-01/perfusion-maps/sub-stroke0075_ses-01_space-ncct_mtt.nii.gz,9223767,da6e6381
train/derivatives/sub-stroke0075/ses-01/perfusion-maps/sub-stroke0075_ses-01_space-ncct_tmax.nii.gz,8756440,4118f7d4
train/derivatives/sub-stroke0075/ses-01/sub-stroke0075_ses-01_space-ncct_cow-msk.nii.gz,99093,97bb6dea
train/derivatives/sub-stroke0075/ses-01/sub-stroke0075_ses-01_space-ncct_cta.nii.gz,17952200,c89c47d8
train/derivatives/sub-stroke0075/ses-01/sub-stroke0075_ses-01_space-ncct_ctp.nii.gz,533527115,cc3df32f
train/derivatives/sub-stroke0075/ses-01/sub-stroke0075_ses-01_space-ncct_lvo-msk.nii.gz,96409,6f5b8ccd
train/derivatives/sub-stroke0075/ses-02/sub-stroke0075_ses-02_space-ncct_adc.nii.gz,35500533,ed5273cd
train/derivatives/sub-stroke0075/ses-02/sub-stroke0075_ses-02_space-ncct_dwi.nii.gz,35394518,8b01d485
train/derivatives/sub-stroke0075/ses-02/sub-stroke0075_ses-02_space-ncct_lesion-msk.nii.gz,774407,2bc6d33f
train/derivatives/sub-stroke0076/ses-01/perfusion-maps/sub-stroke0076_ses-01_space-ncct_cbf.nii.gz,7191529,f8bbecfc
train/derivatives/sub-stroke0076/ses-01/perfusion-maps/sub-stroke0076_ses-01_space-ncct_cbv.nii.gz,7307829,048d158a
train/derivatives/sub-stroke0076/ses-01/perfusion-maps/sub-stroke0076_ses-01_space-ncct_mtt.nii.gz,6984302,cc8b40a1
train/derivatives/sub-stroke0076/ses-01/perfusion-maps/sub-stroke0076_ses-01_space-ncct_tmax.nii.gz,6642513,63674879
train/derivatives/sub-stroke0076/ses-01/sub-stroke0076_ses-01_space-ncct_cow-msk.nii.gz,110104,7ee5e297
train/derivatives/sub-stroke0076/ses-01/sub-stroke0076_ses-01_space-ncct_cta.nii.gz,15312030,cd8f754b
train/derivatives/sub-stroke0076/ses-01/sub-stroke0076_ses-01_space-ncct_ctp.nii.gz,452313818,8d2763ac
train/derivatives/sub-stroke0076/ses-01/sub-stroke0076_ses-01_space-ncct_lvo-msk.nii.gz,108011,c6c1b091
train/derivatives/sub-stroke0076/ses-02/sub-stroke0076_ses-02_space-ncct_adc.nii.gz,27086354,3cc49669
train/derivatives/sub-stroke0076/ses-02/sub-stroke0076_ses-02_space-ncct_dwi.nii.gz,27024848,410a34b1
train/derivatives/sub-stroke0076/ses-02/sub-stroke0076_ses-02_space-ncct_lesion-msk.nii.gz,867025,94f170c2
train/derivatives/sub-stroke0077/ses-01/perfusion-maps/sub-stroke0077_ses-01_space-ncct_cbf.nii.gz,9626525,e21b5960
train/derivatives/sub-stroke0077/ses-01/perfusion-maps/sub-stroke0077_ses-01_space-ncct_cbv.nii.gz,9900324,1a99fd2f
train/derivatives/sub-stroke0077/ses-01/perfusion-maps/sub-stroke0077_ses-01_space-ncct_mtt.nii.gz,9557894,630ef21a
train/derivatives/sub-stroke0077/ses-01/perfusion-maps/sub-stroke0077_ses-01_space-ncct_tmax.nii.gz,8857098,6bff1ba7
train/derivatives/sub-stroke0077/ses-01/sub-stroke0077_ses-01_space-ncct_cow-msk.nii.gz,83801,7b1143aa
train/derivatives/sub-stroke0077/ses-01/sub-stroke0077_ses-01_space-ncct_cta.nii.gz,17706180,7f3c0b14
train/derivatives/sub-stroke0077/ses-01/sub-stroke0077_ses-01_space-ncct_ctp.nii.gz,595468598,679b11fc
train/derivatives/sub-stroke0077/ses-01/sub-stroke0077_ses-01_space-ncct_lvo-msk.nii.gz,81468,0fba502c
train/derivatives/sub-stroke0077/ses-02/sub-stroke0077_ses-02_space-ncct_adc.nii.gz,28273408,26c2ef2d
train/derivatives/sub-stroke0077/ses-02/sub-stroke0077_ses-02_space-ncct_dwi.nii.gz,26525205,e6be5129
train/derivatives/sub-stroke0077/ses-02/sub-stroke0077_ses-02_space-ncct_lesion-msk.nii.gz,659928,a339b7a0
train/derivatives/sub-stroke0078/ses-01/perfusion-maps/sub-stroke0078_ses-01_space-ncct_cbf.nii.gz,9668098,9953511a
train/derivatives/sub-stroke0078/ses-01/perfusion-maps/sub-stroke0078_ses-01_space-ncct_cbv.nii.gz,9857373,c3a96282
train/derivatives/sub-stroke0078/ses-01/perfusion-maps/sub-stroke0078_ses-01_space-ncct_mtt.nii.gz,9517984,c4dc94bb
train/derivatives/sub-stroke0078/ses-01/perfusion-maps/sub-stroke0078_ses-01_space-ncct_tmax.nii.gz,8297160,e83abf59
train/derivatives/sub-stroke0078/ses-01/sub-stroke0078_ses-01_space-ncct_cow-msk.nii.gz,86903,a01c2257
train/derivatives/sub-stroke0078/ses-01/sub-stroke0078_ses-01_space-ncct_cta.nii.gz,18056523,c36573cb
train/derivatives/sub-stroke0078/ses-01/sub-stroke0078_ses-01_space-ncct_ctp.nii.gz,570151306,e8268a3b
train/derivatives/sub-stroke0078/ses-01/sub-stroke0078_ses-01_space-ncct_lvo-msk.nii.gz,84920,ab457356
train/derivatives/sub-stroke0078/ses-02/sub-stroke0078_ses-02_space-ncct_adc.nii.gz,29013688,0aeebac9
train/derivatives/sub-stroke0078/ses-02/sub-stroke0078_ses-02_space-ncct_dwi.nii.gz,27175585,6e9c3bff
train/derivatives/sub-stroke0078/ses-02/sub-stroke0078_ses-02_space-ncct_lesion-msk.nii.gz,756652,8f30fed7
train/derivatives/sub-stroke0079/ses-01/perfusion-maps/sub-stroke0079_ses-01_space-ncct_cbf.nii.gz,8220242,5ccc5277
train/derivatives/sub-stroke0079/ses-01/perfusion-maps/sub-stroke0079_ses-01_space-ncct_cbv.nii.gz,8397469,cf76b281
train/derivatives/sub-stroke0079/ses-01/perfusion-maps/sub-stroke0079_ses-01_space-ncct_mtt.nii.gz,8100895,ccb7ca06
train/derivatives/sub-stroke0079/ses-01/perfusion-maps/sub-stroke0079_ses-01_space-ncct_tmax.nii.gz,7682903,531c8cfd
train/derivatives/sub-stroke0079/ses-01/sub-stroke0079_ses-01_space-ncct_cow-msk.nii.gz,86625,e052ac31
train/derivatives/sub-stroke0079/ses-01/sub-stroke0079_ses-01_space-ncct_cta.nii.gz,16824908,2a4f3284
train/derivatives/sub-stroke0079/ses-01/sub-stroke0079_ses-01_space-ncct_ctp.nii.gz,529570877,63aeed2d
train/derivatives/sub-stroke0079/ses-01/sub-stroke0079_ses-01_space-ncct_lvo-msk.nii.gz,84846,9a636862
train/derivatives/sub-stroke0079/ses-02/sub-stroke0079_ses-02_space-ncct_adc.nii.gz,26127511,3647dd48
train/derivatives/sub-stroke0079/ses-02/sub-stroke0079_ses-02_space-ncct_dwi.nii.gz,22908476,8b8ec531
train/derivatives/sub-stroke0079/ses-02/sub-stroke0079_ses-02_space-ncct_lesion-msk.nii.gz,683602,f0814b2e
train/derivatives/sub-stroke0080/ses-01/perfusion-maps/sub-stroke0080_ses-01_space-ncct_cbf.nii.gz,8674098,5d7039de
train/derivatives/sub-stroke0080/ses-01/perfusion-maps/sub-stroke0080_ses-01_space-ncct_cbv.nii.gz,8658410,dec138a2
train/derivatives/sub-stroke0080/ses-01/perfusion-maps/sub-stroke0080_ses-01_space-ncct_mtt.nii.gz,7845719,bee43519
train/derivatives/sub-stroke0080/ses-01/perfusion-maps/sub-stroke0080_ses-01_space-ncct_tmax.nii.gz,6784881,2e6a5e28
train/derivatives/sub-stroke0080/ses-01/sub-stroke0080_ses-01_space-ncct_cow-msk.nii.gz,92051,b89252dd
train/derivatives/sub-stroke0080/ses-01/sub-stroke0080_ses-01_space-ncct_cta.nii.gz,19336542,26a12788
train/derivatives/sub-stroke0080/ses-01/sub-stroke0080_ses-01_space-ncct_ctp.nii.gz,516068171,b4ce35ee
train/derivatives/sub-stroke0080/ses-01/sub-stroke0080_ses-01_space-ncct_lvo-msk.nii.gz,91385,9254f6e6
train/derivatives/sub-stroke0080/ses-02/sub-stroke0080_ses-02_space-ncct_adc.nii.gz,27871257,260961c8
train/derivatives/sub-stroke0080/ses-02/sub-stroke0080_ses-02_space-ncct_dwi.nii.gz,24474117,b5b227f7
train/derivatives/sub-stroke0080/ses-02/sub-stroke0080_ses-02_space-ncct_lesion-msk.nii.gz,829265,9c04c448
train/derivatives/sub-stroke0081/ses-01/perfusion-maps/sub-stroke0081_ses-01_space-ncct_cbf.nii.gz,9157871,1db2afdb
train/derivatives/sub-stroke0081/ses-01/perfusion-maps/sub-stroke0081_ses-01_space-ncct_cbv.nii.gz,9160855,9eaf6f7f
train/derivatives/sub-stroke0081/ses-01/perfusion-maps/sub-stroke0081_ses-01_space-ncct_mtt.nii.gz,8504226,384b80a2
train/derivatives/sub-stroke0081/ses-01/perfusion-maps/sub-stroke0081_ses-01_space-ncct_tmax.nii.gz,7155953,3ba6bcc1
train/derivatives/sub-stroke0081/ses-01/sub-stroke0081_ses-01_space-ncct_cow-msk.nii.gz,95608,6d20d5e1
train/derivatives/sub-stroke0081/ses-01/sub-stroke0081_ses-01_space-ncct_cta.nii.gz,18322768,f1cf8f44
train/derivatives/sub-stroke0081/ses-01/sub-stroke0081_ses-01_space-ncct_ctp.nii.gz,515941354,43e74846
train/derivatives/sub-stroke0081/ses-01/sub-stroke0081_ses-01_space-ncct_lvo-msk.nii.gz,93637,02564b13
train/derivatives/sub-stroke0081/ses-02/sub-stroke0081_ses-02_space-ncct_adc.nii.gz,31309434,be8424c6
train/derivatives/sub-stroke0081/ses-02/sub-stroke0081_ses-02_space-ncct_dwi.nii.gz,28478555,a667e04a
train/derivatives/sub-stroke0081/ses-02/sub-stroke0081_ses-02_space-ncct_lesion-msk.nii.gz,775499,4d7eb39f
train/derivatives/sub-stroke0082/ses-01/perfusion-maps/sub-stroke0082_ses-01_space-ncct_cbf.nii.gz,9038382,21109dd5
train/derivatives/sub-stroke0082/ses-01/perfusion-maps/sub-stroke0082_ses-01_space-ncct_cbv.nii.gz,9212712,3102b61b
train/derivatives/sub-stroke0082/ses-01/perfusion-maps/sub-stroke0082_ses-01_space-ncct_mtt.nii.gz,8743412,aa8b6f4d
train/derivatives/sub-stroke0082/ses-01/perfusion-maps/sub-stroke0082_ses-01_space-ncct_tmax.nii.gz,7528459,0bc95aef
train/derivatives/sub-stroke0082/ses-01/sub-stroke0082_ses-01_space-ncct_cow-msk.nii.gz,94890,8f052a1e
train/derivatives/sub-stroke0082/ses-01/sub-stroke0082_ses-01_space-ncct_cta.nii.gz,19451752,ce740d73
train/derivatives/sub-stroke0082/ses-01/sub-stroke0082_ses-01_space-ncct_ctp.nii.gz,554902993,bac01249
train/derivatives/sub-stroke0082/ses-01/sub-stroke0082_ses-01_space-ncct_lvo-msk.nii.gz,92170,453a536d
train/derivatives/sub-stroke0082/ses-02/sub-stroke0082_ses-02_space-ncct_adc.nii.gz,29771584,c2b71fee
train/derivatives/sub-stroke0082/ses-02/sub-stroke0082_ses-02_space-ncct_dwi.nii.gz,27260448,a08ac3eb
train/derivatives/sub-stroke0082/ses-02/sub-stroke0082_ses-02_space-ncct_lesion-msk.nii.gz,810644,57e00c55
train/derivatives/sub-stroke0083/ses-01/perfusion-maps/sub-stroke0083_ses-01_space-ncct_cbf.nii.gz,7953810,7fd21b08
train/derivatives/sub-stroke0083/ses-01/perfusion-maps/sub-stroke0083_ses-01_space-ncct_cbv.nii.gz,8032469,10f534ea
train/derivatives/sub-stroke0083/ses-01/perfusion-maps/sub-stroke0083_ses-01_space-ncct_mtt.nii.gz,7444565,ecb9bcb3
train/derivatives/sub-stroke0083/ses-01/perfusion-maps/sub-stroke0083_ses-01_space-ncct_tmax.nii.gz,6163002,8c528320
train/derivatives/sub-stroke0083/ses-01/sub-stroke0083_ses-01_space-ncct_cow-msk.nii.gz,86514,953a0ac4
train/derivatives/sub-stroke0083/ses-01/sub-stroke0083_ses-01_space-ncct_cta.nii.gz,17279906,50edc2b4
train/derivatives/sub-stroke0083/ses-01/sub-stroke0083_ses-01_space-ncct_ctp.nii.gz,479380493,ec70f549
train/derivatives/sub-stroke0083/ses-01/sub-stroke0083_ses-01_space-ncct_lvo-msk.nii.gz,83290,007fa2e2
train/derivatives/sub-stroke0083/ses-02/sub-stroke0083_ses-02_space-ncct_adc.nii.gz,26729087,6f102519
train/derivatives/sub-stroke0083/ses-02/sub-stroke0083_ses-02_space-ncct_dwi.nii.gz,23171394,80853672
train/derivatives/sub-stroke0083/ses-02/sub-stroke0083_ses-02_space-ncct_lesion-msk.nii.gz,678782,7a961310
train/derivatives/sub-stroke0084/ses-01/perfusion-maps/sub-stroke0084_ses-01_space-ncct_cbf.nii.gz,7260757,32098649
train/derivatives/sub-stroke0084/ses-01/perfusion-maps/sub-stroke0084_ses-01_space-ncct_cbv.nii.gz,7479349,dffa6519
train/derivatives/sub-stroke0084/ses-01/perfusion-maps/sub-stroke0084_ses-01_space-ncct_mtt.nii.gz,7213611,ce140d68
train/derivatives/sub-stroke0084/ses-01/perfusion-maps/sub-stroke0084_ses-01_space-ncct_tmax.nii.gz,6425789,0bcbe3f5
train/derivatives/sub-stroke0084/ses-01/sub-stroke0084_ses-01_space-ncct_cow-msk.nii.gz,86227,75ec5ff0
train/derivatives/sub-stroke0084/ses-01/sub-stroke0084_ses-01_space-ncct_cta.nii.gz,14938079,8f8dadf9
train/derivatives/sub-stroke0084/ses-01/sub-stroke0084_ses-01_space-ncct_ctp.nii.gz,453877236,7a24f55d
train/derivatives/sub-stroke0084/ses-01/sub-stroke0084_ses-01_space-ncct_lvo-msk.nii.gz,83692,7f2ae022
train/derivatives/sub-stroke0084/ses-02/sub-stroke0084_ses-02_space-ncct_adc.nii.gz,20488618,d1df0bf9
train/derivatives/sub-stroke0084/ses-02/sub-stroke0084_ses-02_space-ncct_dwi.nii.gz,18927661,06241a75
train/derivatives/sub-stroke0084/ses-02/sub-stroke0084_ses-02_space-ncct_lesion-msk.nii.gz,670980,bf3f8c51
train/derivatives/sub-stroke0085/ses-01/perfusion-maps/sub-stroke0085_ses-01_space-ncct_cbf.nii.gz,8094794,b672fe87
train/derivatives/sub-stroke0085/ses-01/perfusion-maps/sub-stroke0085_ses-01_space-ncct_cbv.nii.gz,8422776,be72f8ce
train/derivatives/sub-stroke0085/ses-01/perfusion-maps/sub-stroke0085_ses-01_space-ncct_mtt.nii.gz,8171106,82cbcf45
train/derivatives/sub-stroke0085/ses-01/perfusion-maps/sub-stroke0085_ses-01_space-ncct_tmax.nii.gz,7408985,57ec1784
train/derivatives/sub-stroke0085/ses-01/sub-stroke0085_ses-01_space-ncct_cow-msk.nii.gz,88711,e0e69c6e
train/derivatives/sub-stroke0085/ses-01/sub-stroke0085_ses-01_space-ncct_cta.nii.gz,18656628,d7322314
train/derivatives/sub-stroke0085/ses-01/sub-stroke0085_ses-01_space-ncct_ctp.nii.gz,599682279,c7e7ce10
train/derivatives/sub-stroke0085/ses-01/sub-stroke0085_ses-01_space-ncct_lvo-msk.nii.gz,85986,72632654
train/derivatives/sub-stroke0085/ses-02/sub-stroke0085_ses-02_space-ncct_adc.nii.gz,27236309,32fce046
train/derivatives/sub-stroke0085/ses-02/sub-stroke0085_ses-02_space-ncct_dwi.nii.gz,23812181,2a25af3b
train/derivatives/sub-stroke0085/ses-02/sub-stroke0085_ses-02_space-ncct_lesion-msk.nii.gz,702906,c6dd37b9
train/derivatives/sub-stroke0086/ses-01/perfusion-maps/sub-stroke0086_ses-01_space-ncct_cbf.nii.gz,8185159,d9bf79da
train/derivatives/sub-stroke0086/ses-01/perfusion-maps/sub-stroke0086_ses-01_space-ncct_cbv.nii.gz,8142026,14ffd675
train/derivatives/sub-stroke0086/ses-01/perfusion-maps/sub-stroke0086_ses-01_space-ncct_mtt.nii.gz,7643406,80af03d5
train/derivatives/sub-stroke0086/ses-01/perfusion-maps/sub-stroke0086_ses-01_space-ncct_tmax.nii.gz,7331183,a37884a6
train/derivatives/sub-stroke0086/ses-01/sub-stroke0086_ses-01_space-ncct_cow-msk.nii.gz,85785,15875c45
train/derivatives/sub-stroke0086/ses-01/sub-stroke0086_ses-01_space-ncct_cta.nii.gz,18008253,be105d7c
train/derivatives/sub-stroke0086/ses-01/sub-stroke0086_ses-01_space-ncct_ctp.nii.gz,533999620,a5c23fd8
train/derivatives/sub-stroke0086/ses-01/sub-stroke0086_ses-01_space-ncct_lvo-msk.nii.gz,83567,13af3e04
train/derivatives/sub-stroke0086/ses-02/sub-stroke0086_ses-02_space-ncct_adc.nii.gz,24447850,d64ed68d
train/derivatives/sub-stroke0086/ses-02/sub-stroke0086_ses-02_space-ncct_dwi.nii.gz,23624013,c4c69781
train/derivatives/sub-stroke0086/ses-02/sub-stroke0086_ses-02_space-ncct_lesion-msk.nii.gz,668010,dd89d140
train/derivatives/sub-stroke0087/ses-01/perfusion-maps/sub-stroke0087_ses-01_space-ncct_cbf.nii.gz,7705557,86c07b6e
train/derivatives/sub-stroke0087/ses-01/perfusion-maps/sub-stroke0087_ses-01_space-ncct_cbv.nii.gz,7585665,909e482e
train/derivatives/sub-stroke0087/ses-01/perfusion-maps/sub-stroke0087_ses-01_space-ncct_mtt.nii.gz,6781639,32deacdc
train/derivatives/sub-stroke0087/ses-01/perfusion-maps/sub-stroke0087_ses-01_space-ncct_tmax.nii.gz,6240622,9b0674bd
train/derivatives/sub-stroke0087/ses-01/sub-stroke0087_ses-01_space-ncct_cow-msk.nii.gz,92185,f1d631af
train/derivatives/sub-stroke0087/ses-01/sub-stroke0087_ses-01_space-ncct_cta.nii.gz,16809746,2cc15eca
train/derivatives/sub-stroke0087/ses-01/sub-stroke0087_ses-01_space-ncct_ctp.nii.gz,493337621,d4e26779
train/derivatives/sub-stroke0087/ses-01/sub-stroke0087_ses-01_space-ncct_lvo-msk.nii.gz,89310,7d1324b4
train/derivatives/sub-stroke0087/ses-02/sub-stroke0087_ses-02_space-ncct_adc.nii.gz,27743713,17507e49
train/derivatives/sub-stroke0087/ses-02/sub-stroke0087_ses-02_space-ncct_dwi.nii.gz,25969685,716dd765
train/derivatives/sub-stroke0087/ses-02/sub-stroke0087_ses-02_space-ncct_lesion-msk.nii.gz,719315,56a3a2da
train/derivatives/sub-stroke0088/ses-01/perfusion-maps/sub-stroke0088_ses-01_space-ncct_cbf.nii.gz,9286415,2aacb8a9
train/derivatives/sub-stroke0088/ses-01/perfusion-maps/sub-stroke0088_ses-01_space-ncct_cbv.nii.gz,9503423,4c1db379
train/derivatives/sub-stroke0088/ses-01/perfusion-maps/sub-stroke0088_ses-01_space-ncct_mtt.nii.gz,9050025,96c245f6
train/derivatives/sub-stroke0088/ses-01/perfusion-maps/sub-stroke0088_ses-01_space-ncct_tmax.nii.gz,7931335,c28bb446
train/derivatives/sub-stroke0088/ses-01/sub-stroke0088_ses-01_space-ncct_cow-msk.nii.gz,81191,906d9f8b
train/derivatives/sub-stroke0088/ses-01/sub-stroke0088_ses-01_space-ncct_cta.nii.gz,19166185,2c8f6d4b
train/derivatives/sub-stroke0088/ses-01/sub-stroke0088_ses-01_space-ncct_ctp.nii.gz,641253134,881e91a1
train/derivatives/sub-stroke0088/ses-01/sub-stroke0088_ses-01_space-ncct_lvo-msk.nii.gz,79127,2d23ed0e
train/derivatives/sub-stroke0088/ses-02/sub-stroke0088_ses-02_space-ncct_adc.nii.gz,30693916,63c947fa
train/derivatives/sub-stroke0088/ses-02/sub-stroke0088_ses-02_space-ncct_dwi.nii.gz,27302707,2a26d3fc
train/derivatives/sub-stroke0088/ses-02/sub-stroke0088_ses-02_space-ncct_lesion-msk.nii.gz,656124,dfb028de
train/derivatives/sub-stroke0089/ses-01/perfusion-maps/sub-stroke0089_ses-01_space-ncct_cbf.nii.gz,8896102,5f476166
train/derivatives/sub-stroke0089/ses-01/perfusion-maps/sub-stroke0089_ses-01_space-ncct_cbv.nii.gz,9053153,13c58426
train/derivatives/sub-stroke0089/ses-01/perfusion-maps/sub-stroke0089_ses-01_space-ncct_mtt.nii.gz,8568430,2add2386
train/derivatives/sub-stroke0089/ses-01/perfusion-maps/sub-stroke0089_ses-01_space-ncct_tmax.nii.gz,7648531,f8638e78
train/derivatives/sub-stroke0089/ses-01/sub-stroke0089_ses-01_space-ncct_cow-msk.nii.gz,82788,8509a26d
train/derivatives/sub-stroke0089/ses-01/sub-stroke0089_ses-01_space-ncct_cta.nii.gz,17248376,de06d10e
train/derivatives/sub-stroke0089/ses-01/sub-stroke0089_ses-01_space-ncct_ctp.nii.gz,579532404,39a55631
train/derivatives/sub-stroke0089/ses-01/sub-stroke0089_ses-01_space-ncct_lvo-msk.nii.gz,80267,7c11972c
train/derivatives/sub-stroke0089/ses-02/sub-stroke0089_ses-02_space-ncct_adc.nii.gz,25426731,281af18a
train/derivatives/sub-stroke0089/ses-02/sub-stroke0089_ses-02_space-ncct_dwi.nii.gz,24351129,9cbb42ee
train/derivatives/sub-stroke0089/ses-02/sub-stroke0089_ses-02_space-ncct_lesion-msk.nii.gz,670344,6fd00bf2
train/derivatives/sub-stroke0090/ses-01/perfusion-maps/sub-stroke0090_ses-01_space-ncct_cbf.nii.gz,10263666,80666036
train/derivatives/sub-stroke0090/ses-01/perfusion-maps/sub-stroke0090_ses-01_space-ncct_cbv.nii.gz,10444554,be9a4a33
train/derivatives/sub-stroke0090/ses-01/perfusion-maps/sub-stroke0090_ses-01_space-ncct_mtt.nii.gz,9724326,11dcfe23
train/derivatives/sub-stroke0090/ses-01/perfusion-maps/sub-stroke0090_ses-01_space-ncct_tmax.nii.gz,8242913,53fe553f
train/derivatives/sub-stroke0090/ses-01/sub-stroke0090_ses-01_space-ncct_cow-msk.nii.gz,85092,d67edb68
train/derivatives/sub-stroke0090/ses-01/sub-stroke0090_ses-01_space-ncct_cta.nii.gz,20989238,934b89c0
train/derivatives/sub-stroke0090/ses-01/sub-stroke0090_ses-01_space-ncct_ctp.nii.gz,568228508,b185f422
train/derivatives/sub-stroke0090/ses-01/sub-stroke0090_ses-01_space-ncct_lvo-msk.nii.gz,82373,dcc9c875
train/derivatives/sub-stroke0090/ses-02/sub-stroke0090_ses-02_space-ncct_adc.nii.gz,31842193,f71523aa
train/derivatives/sub-stroke0090/ses-02/sub-stroke0090_ses-02_space-ncct_dwi.nii.gz,27393165,fc796db8
train/derivatives/sub-stroke0090/ses-02/sub-stroke0090_ses-02_space-ncct_lesion-msk.nii.gz,692777,25bff1bd
train/derivatives/sub-stroke0091/ses-01/perfusion-maps/sub-stroke0091_ses-01_space-ncct_cbf.nii.gz,8249487,818d6732
train/derivatives/sub-stroke0091/ses-01/perfusion-maps/sub-stroke0091_ses-01_space-ncct_cbv.nii.gz,8197688,653862cb
train/derivatives/sub-stroke0091/ses-01/perfusion-maps/sub-stroke0091_ses-01_space-ncct_mtt.nii.gz,7614799,05828271
train/derivatives/sub-stroke0091/ses-01/perfusion-maps/sub-stroke0091_ses-01_space-ncct_tmax.nii.gz,6194020,b8d0ecad
train/derivatives/sub-stroke0091/ses-01/sub-stroke0091_ses-01_space-ncct_cow-msk.nii.gz,115174,ab5d2848
train/derivatives/sub-stroke0091/ses-01/sub-stroke0091_ses-01_space-ncct_cta.nii.gz,20172415,b4a3f460
train/derivatives/sub-stroke0091/ses-01/sub-stroke0091_ses-01_space-ncct_ctp.nii.gz,565012581,59f9ed9c
train/derivatives/sub-stroke0091/ses-01/sub-stroke0091_ses-01_space-ncct_lvo-msk.nii.gz,112841,cafaad87
train/derivatives/sub-stroke0091/ses-02/sub-stroke0091_ses-02_space-ncct_adc.nii.gz,27865581,bdb1ab02
train/derivatives/sub-stroke0091/ses-02/sub-stroke0091_ses-02_space-ncct_dwi.nii.gz,26092562,0ba3b74e
train/derivatives/sub-stroke0091/ses-02/sub-stroke0091_ses-02_space-ncct_lesion-msk.nii.gz,905313,62f5cacd
train/derivatives/sub-stroke0092/ses-01/perfusion-maps/sub-stroke0092_ses-01_space-ncct_cbf.nii.gz,8181073,1302921a
train/derivatives/sub-stroke0092/ses-01/perfusion-maps/sub-stroke0092_ses-01_space-ncct_cbv.nii.gz,8296514,b88ef34b
train/derivatives/sub-stroke0092/ses-01/perfusion-maps/sub-stroke0092_ses-01_space-ncct_mtt.nii.gz,7668055,958667cf
train/derivatives/sub-stroke0092/ses-01/perfusion-maps/sub-stroke0092_ses-01_space-ncct_tmax.nii.gz,5967004,e459d511
train/derivatives/sub-stroke0092/ses-01/sub-stroke0092_ses-01_space-ncct_cow-msk.nii.gz,94379,150e70e3
train/derivatives/sub-stroke0092/ses-01/sub-stroke0092_ses-01_space-ncct_cta.nii.gz,17036764,6e9eef5d
train/derivatives/sub-stroke0092/ses-01/sub-stroke0092_ses-01_space-ncct_ctp.nii.gz,503354428,4115c41c
train/derivatives/sub-stroke0092/ses-01/sub-stroke0092_ses-01_space-ncct_lvo-msk.nii.gz,91782,1ec9dd54
train/derivatives/sub-stroke0092/ses-02/sub-stroke0092_ses-02_space-ncct_adc.nii.gz,26132377,cfe34cde
train/derivatives/sub-stroke0092/ses-02/sub-stroke0092_ses-02_space-ncct_dwi.nii.gz,22916624,014131a5
train/derivatives/sub-stroke0092/ses-02/sub-stroke0092_ses-02_space-ncct_lesion-msk.nii.gz,736071,b6632c1c
train/derivatives/sub-stroke0093/ses-01/perfusion-maps/sub-stroke0093_ses-01_space-ncct_cbf.nii.gz,6447513,777d4700
train/derivatives/sub-stroke0093/ses-01/perfusion-maps/sub-stroke0093_ses-01_space-ncct_cbv.nii.gz,6551965,b262c070
train/derivatives/sub-stroke0093/ses-01/perfusion-maps/sub-stroke0093_ses-01_space-ncct_mtt.nii.gz,6251116,73d6676b
train/derivatives/sub-stroke0093/ses-01/perfusion-maps/sub-stroke0093_ses-01_space-ncct_tmax.nii.gz,5325935,58cf5174
train/derivatives/sub-stroke0093/ses-01/sub-stroke0093_ses-01_space-ncct_cow-msk.nii.gz,93043,2d1ea166
train/derivatives/sub-stroke0093/ses-01/sub-stroke0093_ses-01_space-ncct_cta.nii.gz,13110870,e157a601
train/derivatives/sub-stroke0093/ses-01/sub-stroke0093_ses-01_space-ncct_ctp.nii.gz,388433733,3abbd5ae
train/derivatives/sub-stroke0093/ses-01/sub-stroke0093_ses-01_space-ncct_lvo-msk.nii.gz,91148,0bb5735d
train/derivatives/sub-stroke0093/ses-02/sub-stroke0093_ses-02_space-ncct_adc.nii.gz,22128148,baa230a6
train/derivatives/sub-stroke0093/ses-02/sub-stroke0093_ses-02_space-ncct_dwi.nii.gz,19858210,cb13e18e
train/derivatives/sub-stroke0093/ses-02/sub-stroke0093_ses-02_space-ncct_lesion-msk.nii.gz,745509,9d1b9313
train/derivatives/sub-stroke0094/ses-01/perfusion-maps/sub-stroke0094_ses-01_space-ncct_cbf.nii.gz,8291880,fed2e851
train/derivatives/sub-stroke0094/ses-01/perfusion-maps/sub-stroke0094_ses-01_space-ncct_cbv.nii.gz,8408603,1eb220c2
train/derivatives/sub-stroke0094/ses-01/perfusion-maps/sub-stroke0094_ses-01_space-ncct_mtt.nii.gz,7992967,ac51fda7
train/derivatives/sub-stroke0094/ses-01/perfusion-maps/sub-stroke0094_ses-01_space-ncct_tmax.nii.gz,6803633,dc426f04
train/derivatives/sub-stroke0094/ses-01/sub-stroke0094_ses-01_space-ncct_cow-msk.nii.gz,131938,73575fb2
train/derivatives/sub-stroke0094/ses-01/sub-stroke0094_ses-01_space-ncct_cta.nii.gz,18252498,8db5a7b3
train/derivatives/sub-stroke0094/ses-01/sub-stroke0094_ses-01_space-ncct_ctp.nii.gz,492346508,a8a1b8e2
train/derivatives/sub-stroke0094/ses-01/sub-stroke0094_ses-01_space-ncct_lvo-msk.nii.gz,129868,e306f4c4
train/derivatives/sub-stroke0094/ses-02/sub-stroke0094_ses-02_space-ncct_adc.nii.gz,27683052,8d9040f0
train/derivatives/sub-stroke0094/ses-02/sub-stroke0094_ses-02_space-ncct_dwi.nii.gz,25903453,318f592d
train/derivatives/sub-stroke0094/ses-02/sub-stroke0094_ses-02_space-ncct_lesion-msk.nii.gz,1037676,d9e4ae1a
train/derivatives/sub-stroke0095/ses-01/perfusion-maps/sub-stroke0095_ses-01_space-ncct_cbf.nii.gz,8969248,72276bc9
train/derivatives/sub-stroke0095/ses-01/perfusion-maps/sub-stroke0095_ses-01_space-ncct_cbv.nii.gz,8931073,28f2236a
train/derivatives/sub-stroke0095/ses-01/perfusion-maps/sub-stroke0095_ses-01_space-ncct_mtt.nii.gz,8201449,6892b48a
train/derivatives/sub-stroke0095/ses-01/perfusion-maps/sub-stroke0095_ses-01_space-ncct_tmax.nii.gz,7226967,1938d3a1
train/derivatives/sub-stroke0095/ses-01/sub-stroke0095_ses-01_space-ncct_cow-msk.nii.gz,83001,a3c29850
train/derivatives/sub-stroke0095/ses-01/sub-stroke0095_ses-01_space-ncct_cta.nii.gz,16399545,aff306c9
train/derivatives/sub-stroke0095/ses-01/sub-stroke0095_ses-01_space-ncct_ctp.nii.gz,574062200,55c451f5
train/derivatives/sub-stroke0095/ses-01/sub-stroke0095_ses-01_space-ncct_lvo-msk.nii.gz,81415,17cc2e58
train/derivatives/sub-stroke0095/ses-02/sub-stroke0095_ses-02_space-ncct_adc.nii.gz,28211196,b004cb8c
train/derivatives/sub-stroke0095/ses-02/sub-stroke0095_ses-02_space-ncct_dwi.nii.gz,23911914,c80bc1b0
train/derivatives/sub-stroke0095/ses-02/sub-stroke0095_ses-02_space-ncct_lesion-msk.nii.gz,723935,88a12c96
train/derivatives/sub-stroke0096/ses-01/perfusion-maps/sub-stroke0096_ses-01_space-ncct_cbf.nii.gz,9478357,abbe93fb
train/derivatives/sub-stroke0096/ses-01/perfusion-maps/sub-stroke0096_ses-01_space-ncct_cbv.nii.gz,9625104,894540b0
train/derivatives/sub-stroke0096/ses-01/perfusion-maps/sub-stroke0096_ses-01_space-ncct_mtt.nii.gz,9245463,dab73f18
train/derivatives/sub-stroke0096/ses-01/perfusion-maps/sub-stroke0096_ses-01_space-ncct_tmax.nii.gz,8924365,6b2dad40
train/derivatives/sub-stroke0096/ses-01/sub-stroke0096_ses-01_space-ncct_cow-msk.nii.gz,98658,8b732788
train/derivatives/sub-stroke0096/ses-01/sub-stroke0096_ses-01_space-ncct_cta.nii.gz,19233472,e77e4d14
train/derivatives/sub-stroke0096/ses-01/sub-stroke0096_ses-01_space-ncct_ctp.nii.gz,634585496,9109fa4a
train/derivatives/sub-stroke0096/ses-01/sub-stroke0096_ses-01_space-ncct_lvo-msk.nii.gz,95642,5883db1f
train/derivatives/sub-stroke0096/ses-02/sub-stroke0096_ses-02_space-ncct_adc.nii.gz,26463578,e6e23694
train/derivatives/sub-stroke0096/ses-02/sub-stroke0096_ses-02_space-ncct_dwi.nii.gz,25169732,5eed92dc
train/derivatives/sub-stroke0096/ses-02/sub-stroke0096_ses-02_space-ncct_lesion-msk.nii.gz,820606,354204d3
train/derivatives/sub-stroke0097/ses-01/perfusion-maps/sub-stroke0097_ses-01_space-ncct_cbf.nii.gz,9031411,532685c0
train/derivatives/sub-stroke0097/ses-01/perfusion-maps/sub-stroke0097_ses-01_space-ncct_cbv.nii.gz,9099036,edff3663
train/derivatives/sub-stroke0097/ses-01/perfusion-maps/sub-stroke0097_ses-01_space-ncct_mtt.nii.gz,8638752,c95231e6
train/derivatives/sub-stroke0097/ses-01/perfusion-maps/sub-stroke0097_ses-01_space-ncct_tmax.nii.gz,7729220,22bd0b06
train/derivatives/sub-stroke0097/ses-01/sub-stroke0097_ses-01_space-ncct_cow-msk.nii.gz,89383,d2c2ae67
train/derivatives/sub-stroke0097/ses-01/sub-stroke0097_ses-01_space-ncct_cta.nii.gz,17511084,ad08a12f
train/derivatives/sub-stroke0097/ses-01/sub-stroke0097_ses-01_space-ncct_ctp.nii.gz,510320951,90e4eae1
train/derivatives/sub-stroke0097/ses-01/sub-stroke0097_ses-01_space-ncct_lvo-msk.nii.gz,87003,78d2cbcc
train/derivatives/sub-stroke0097/ses-02/sub-stroke0097_ses-02_space-ncct_adc.nii.gz,25021807,0ab55f24
train/derivatives/sub-stroke0097/ses-02/sub-stroke0097_ses-02_space-ncct_dwi.nii.gz,25036967,8256ffa5
train/derivatives/sub-stroke0097/ses-02/sub-stroke0097_ses-02_space-ncct_lesion-msk.nii.gz,733869,84c5554a
train/derivatives/sub-stroke0098/ses-01/perfusion-maps/sub-stroke0098_ses-01_space-ncct_cbf.nii.gz,9251014,80a92010
train/derivatives/sub-stroke0098/ses-01/perfusion-maps/sub-stroke0098_ses-01_space-ncct_cbv.nii.gz,9398410,9b340a5d
train/derivatives/sub-stroke0098/ses-01/perfusion-maps/sub-stroke0098_ses-01_space-ncct_mtt.nii.gz,8876076,5295f5cc
train/derivatives/sub-stroke0098/ses-01/perfusion-maps/sub-stroke0098_ses-01_space-ncct_tmax.nii.gz,7382739,4fa2e6a5
train/derivatives/sub-stroke0098/ses-01/sub-stroke0098_ses-01_space-ncct_cow-msk.nii.gz,104693,b3cd6f8e
train/derivatives/sub-stroke0098/ses-01/sub-stroke0098_ses-01_space-ncct_cta.nii.gz,18754438,a7d2bf4b
train/derivatives/sub-stroke0098/ses-01/sub-stroke0098_ses-01_space-ncct_ctp.nii.gz,539140046,e9287686
train/derivatives/sub-stroke0098/ses-01/sub-stroke0098_ses-01_space-ncct_lvo-msk.nii.gz,102564,3fdcf23a
train/derivatives/sub-stroke0098/ses-02/sub-stroke0098_ses-02_space-ncct_adc.nii.gz,30580730,004b25dd
train/derivatives/sub-stroke0098/ses-02/sub-stroke0098_ses-02_space-ncct_dwi.nii.gz,27381388,ba1c4075
train/derivatives/sub-stroke0098/ses-02/sub-stroke0098_ses-02_space-ncct_lesion-msk.nii.gz,878091,6f06187e
train/derivatives/sub-stroke0099/ses-01/perfusion-maps/sub-stroke0099_ses-01_space-ncct_cbf.nii.gz,7302858,22a0190a
train/derivatives/sub-stroke0099/ses-01/perfusion-maps/sub-stroke0099_ses-01_space-ncct_cbv.nii.gz,7491195,c7b75159
train/derivatives/sub-stroke0099/ses-01/perfusion-maps/sub-stroke0099_ses-01_space-ncct_mtt.nii.gz,7172166,612ab059
train/derivatives/sub-stroke0099/ses-01/perfusion-maps/sub-stroke0099_ses-01_space-ncct_tmax.nii.gz,6720114,9862fa4c
train/derivatives/sub-stroke0099/ses-01/sub-stroke0099_ses-01_space-ncct_cow-msk.nii.gz,81872,c3b3fe7b
train/derivatives/sub-stroke0099/ses-01/sub-stroke0099_ses-01_space-ncct_cta.nii.gz,15867672,9df4cd45
train/derivatives/sub-stroke0099/ses-01/sub-stroke0099_ses-01_space-ncct_ctp.nii.gz,528165267,192e79b5
train/derivatives/sub-stroke0099/ses-01/sub-stroke0099_ses-01_space-ncct_lvo-msk.nii.gz,79198,fa1480ea
train/derivatives/sub-stroke0099/ses-02/sub-stroke0099_ses-02_space-ncct_adc.nii.gz,26262907,1e84f01b
train/derivatives/sub-stroke0099/ses-02/sub-stroke0099_ses-02_space-ncct_dwi.nii.gz,22840285,7a748230
train/derivatives/sub-stroke0099/ses-02/sub-stroke0099_ses-02_space-ncct_lesion-msk.nii.gz,633832,e15e7b93
train/derivatives/sub-stroke0100/ses-01/perfusion-maps/sub-stroke0100_ses-01_space-ncct_cbf.nii.gz,8873757,6ebf1e09
train/derivatives/sub-stroke0100/ses-01/perfusion-maps/sub-stroke0100_ses-01_space-ncct_cbv.nii.gz,9143664,8811bdf1
train/derivatives/sub-stroke0100/ses-01/perfusion-maps/sub-stroke0100_ses-01_space-ncct_mtt.nii.gz,8772559,51c9f83c
train/derivatives/sub-stroke0100/ses-01/perfusion-maps/sub-stroke0100_ses-01_space-ncct_tmax.nii.gz,7600645,a8d53ded
train/derivatives/sub-stroke0100/ses-01/sub-stroke0100_ses-01_space-ncct_cow-msk.nii.gz,84584,a294b90c
train/derivatives/sub-stroke0100/ses-01/sub-stroke0100_ses-01_space-ncct_cta.nii.gz,18100165,7749ad55
train/derivatives/sub-stroke0100/ses-01/sub-stroke0100_ses-01_space-ncct_ctp.nii.gz,591551460,98b3a975
train/derivatives/sub-stroke0100/ses-01/sub-stroke0100_ses-01_space-ncct_lvo-msk.nii.gz,81390,0e53a71b
train/derivatives/sub-stroke0100/ses-02/sub-stroke0100_ses-02_space-ncct_adc.nii.gz,28752023,2e03fa13
train/derivatives/sub-stroke0100/ses-02/sub-stroke0100_ses-02_space-ncct_dwi.nii.gz,25073497,154c343b
train/derivatives/sub-stroke0100/ses-02/sub-stroke0100_ses-02_space-ncct_lesion-msk.nii.gz,651213,c178830e
train/derivatives/sub-stroke0101/ses-01/perfusion-maps/sub-stroke0101_ses-01_space-ncct_cbf.nii.gz,7191255,2185161f
train/derivatives/sub-stroke0101/ses-01/perfusion-maps/sub-stroke0101_ses-01_space-ncct_cbv.nii.gz,7259370,a39a2a65
train/derivatives/sub-stroke0101/ses-01/perfusion-maps/sub-stroke0101_ses-01_space-ncct_mtt.nii.gz,6816553,6fa1f5d4
train/derivatives/sub-stroke0101/ses-01/perfusion-maps/sub-stroke0101_ses-01_space-ncct_tmax.nii.gz,5275003,55919ef9
train/derivatives/sub-stroke0101/ses-01/sub-stroke0101_ses-01_space-ncct_cow-msk.nii.gz,91141,eeab664a
train/derivatives/sub-stroke0101/ses-01/sub-stroke0101_ses-01_space-ncct_cta.nii.gz,14147727,64172e57
train/derivatives/sub-stroke0101/ses-01/sub-stroke0101_ses-01_space-ncct_ctp.nii.gz,444157498,99a7523a
train/derivatives/sub-stroke0101/ses-01/sub-stroke0101_ses-01_space-ncct_lvo-msk.nii.gz,88846,b5f338e4
train/derivatives/sub-stroke0101/ses-02/sub-stroke0101_ses-02_space-ncct_adc.nii.gz,22016012,13bbf05d
train/derivatives/sub-stroke0101/ses-02/sub-stroke0101_ses-02_space-ncct_dwi.nii.gz,18782128,810c7432
train/derivatives/sub-stroke0101/ses-02/sub-stroke0101_ses-02_space-ncct_lesion-msk.nii.gz,759982,3f9e41e0
train/derivatives/sub-stroke0102/ses-01/perfusion-maps/sub-stroke0102_ses-01_space-ncct_cbf.nii.gz,8194441,1ce69f4a
train/derivatives/sub-stroke0102/ses-01/perfusion-maps/sub-stroke0102_ses-01_space-ncct_cbv.nii.gz,8345947,26dcbfb6
train/derivatives/sub-stroke0102/ses-01/perfusion-maps/sub-stroke0102_ses-01_space-ncct_mtt.nii.gz,7884282,1b4aadf5
train/derivatives/sub-stroke0102/ses-01/perfusion-maps/sub-stroke0102_ses-01_space-ncct_tmax.nii.gz,6262053,8c2b1821
train/derivatives/sub-stroke0102/ses-01/sub-stroke0102_ses-01_space-ncct_cow-msk.nii.gz,80790,61cadc59
train/derivatives/sub-stroke0102/ses-01/sub-stroke0102_ses-01_space-ncct_cta.nii.gz,15669484,9c0144bb
train/derivatives/sub-stroke0102/ses-01/sub-stroke0102_ses-01_space-ncct_ctp.nii.gz,536966275,53017beb
train/derivatives/sub-stroke0102/ses-01/sub-stroke0102_ses-01_space-ncct_lvo-msk.nii.gz,77975,6b5b6b64
train/derivatives/sub-stroke0102/ses-02/sub-stroke0102_ses-02_space-ncct_adc.nii.gz,22777027,1c5bb32d
train/derivatives/sub-stroke0102/ses-02/sub-stroke0102_ses-02_space-ncct_dwi.nii.gz,19925778,b306c72f
train/derivatives/sub-stroke0102/ses-02/sub-stroke0102_ses-02_space-ncct_lesion-msk.nii.gz,627437,86d10500
train/derivatives/sub-stroke0103/ses-01/perfusion-maps/sub-stroke0103_ses-01_space-ncct_cbf.nii.gz,9838933,d3219c78
train/derivatives/sub-stroke0103/ses-01/perfusion-maps/sub-stroke0103_ses-01_space-ncct_cbv.nii.gz,9917010,b6e5f389
train/derivatives/sub-stroke0103/ses-01/perfusion-maps/sub-stroke0103_ses-01_space-ncct_mtt.nii.gz,9203179,4f446d30
train/derivatives/sub-stroke0103/ses-01/perfusion-maps/sub-stroke0103_ses-01_space-ncct_tmax.nii.gz,7563157,0d43e6c9
train/derivatives/sub-stroke0103/ses-01/sub-stroke0103_ses-01_space-ncct_cow-msk.nii.gz,96782,61792fd1
train/derivatives/sub-stroke0103/ses-01/sub-stroke0103_ses-01_space-ncct_cta.nii.gz,21529139,f2ffb663
train/derivatives/sub-stroke0103/ses-01/sub-stroke0103_ses-01_space-ncct_ctp.nii.gz,549032532,39a587b8
train/derivatives/sub-stroke0103/ses-01/sub-stroke0103_ses-01_space-ncct_lvo-msk.nii.gz,94217,7c208a9d
train/derivatives/sub-stroke0103/ses-02/sub-stroke0103_ses-02_space-ncct_adc.nii.gz,31436426,b07eb12d
train/derivatives/sub-stroke0103/ses-02/sub-stroke0103_ses-02_space-ncct_dwi.nii.gz,30895335,ac6a706c
train/derivatives/sub-stroke0103/ses-02/sub-stroke0103_ses-02_space-ncct_lesion-msk.nii.gz,766097,f7b6909b
train/derivatives/sub-stroke0104/ses-01/perfusion-maps/sub-stroke0104_ses-01_space-ncct_cbf.nii.gz,10240552,2fb57df9
train/derivatives/sub-stroke0104/ses-01/perfusion-maps/sub-stroke0104_ses-01_space-ncct_cbv.nii.gz,10392973,04a081a5
train/derivatives/sub-stroke0104/ses-01/perfusion-maps/sub-stroke0104_ses-01_space-ncct_mtt.nii.gz,9677444,2e4bc37b
train/derivatives/sub-stroke0104/ses-01/perfusion-maps/sub-stroke0104_ses-01_space-ncct_tmax.nii.gz,7726127,c110432c
train/derivatives/sub-stroke0104/ses-01/sub-stroke0104_ses-01_space-ncct_cow-msk.nii.gz,81843,d77755a7
train/derivatives/sub-stroke0104/ses-01/sub-stroke0104_ses-01_space-ncct_cta.nii.gz,19617107,0da6e4ce
train/derivatives/sub-stroke0104/ses-01/sub-stroke0104_ses-01_space-ncct_ctp.nii.gz,651682148,b595d6ca
train/derivatives/sub-stroke0104/ses-01/sub-stroke0104_ses-01_space-ncct_lvo-msk.nii.gz,79135,9b0bf824
train/derivatives/sub-stroke0104/ses-02/sub-stroke0104_ses-02_space-ncct_adc.nii.gz,30874277,9dd522d7
train/derivatives/sub-stroke0104/ses-02/sub-stroke0104_ses-02_space-ncct_dwi.nii.gz,29023453,53777a1c
train/derivatives/sub-stroke0104/ses-02/sub-stroke0104_ses-02_space-ncct_lesion-msk.nii.gz,652807,0130b564
train/derivatives/sub-stroke0105/ses-01/perfusion-maps/sub-stroke0105_ses-01_space-ncct_cbf.nii.gz,8340573,2b7c03d9
train/derivatives/sub-stroke0105/ses-01/perfusion-maps/sub-stroke0105_ses-01_space-ncct_cbv.nii.gz,8651354,d85c958a
train/derivatives/sub-stroke0105/ses-01/perfusion-maps/sub-stroke0105_ses-01_space-ncct_mtt.nii.gz,8412899,41be6339
train/derivatives/sub-stroke0105/ses-01/perfusion-maps/sub-stroke0105_ses-01_space-ncct_tmax.nii.gz,7667488,726d7ac4
train/derivatives/sub-stroke0105/ses-01/sub-stroke0105_ses-01_space-ncct_cow-msk.nii.gz,88695,3cb7fe71
train/derivatives/sub-stroke0105/ses-01/sub-stroke0105_ses-01_space-ncct_cta.nii.gz,16443924,89055b0e
train/derivatives/sub-stroke0105/ses-01/sub-stroke0105_ses-01_space-ncct_ctp.nii.gz,529484792,7bd5c57c
train/derivatives/sub-stroke0105/ses-01/sub-stroke0105_ses-01_space-ncct_lvo-msk.nii.gz,86008,7af4a41e
train/derivatives/sub-stroke0105/ses-02/sub-stroke0105_ses-02_space-ncct_adc.nii.gz,24570792,45b6e7bb
train/derivatives/sub-stroke0105/ses-02/sub-stroke0105_ses-02_space-ncct_dwi.nii.gz,22666626,d1277d79
train/derivatives/sub-stroke0105/ses-02/sub-stroke0105_ses-02_space-ncct_lesion-msk.nii.gz,697750,dbc512b9
train/derivatives/sub-stroke0106/ses-01/perfusion-maps/sub-stroke0106_ses-01_space-ncct_cbf.nii.gz,9522391,f6557c56
train/derivatives/sub-stroke0106/ses-01/perfusion-maps/sub-stroke0106_ses-01_space-ncct_cbv.nii.gz,9694172,90c968a6
train/derivatives/sub-stroke0106/ses-01/perfusion-maps/sub-stroke0106_ses-01_space-ncct_mtt.nii.gz,8716646,11d5414e
train/derivatives/sub-stroke0106/ses-01/perfusion-maps/sub-stroke0106_ses-01_space-ncct_tmax.nii.gz,7710466,972db443
train/derivatives/sub-stroke0106/ses-01/sub-stroke0106_ses-01_space-ncct_cow-msk.nii.gz,81139,22a4cb86
train/derivatives/sub-stroke0106/ses-01/sub-stroke0106_ses-01_space-ncct_cta.nii.gz,19267112,acb1e4c7
train/derivatives/sub-stroke0106/ses-01/sub-stroke0106_ses-01_space-ncct_ctp.nii.gz,523818576,9e9e9a29
train/derivatives/sub-stroke0106/ses-01/sub-stroke0106_ses-01_space-ncct_lvo-msk.nii.gz,79127,651d00f2
train/derivatives/sub-stroke0106/ses-02/sub-stroke0106_ses-02_space-ncct_adc.nii.gz,29969337,e0dfe705
train/derivatives/sub-stroke0106/ses-02/sub-stroke0106_ses-02_space-ncct_dwi.nii.gz,27846544,c8676e92
train/derivatives/sub-stroke0106/ses-02/sub-stroke0106_ses-02_space-ncct_lesion-msk.nii.gz,639319,9cec29ec
train/derivatives/sub-stroke0107/ses-01/perfusion-maps/sub-stroke0107_ses-01_space-ncct_cbf.nii.gz,9105666,e8fe2622
train/derivatives/sub-stroke0107/ses-01/perfusion-maps/sub-stroke0107_ses-01_space-ncct_cbv.nii.gz,9041688,e49c648c
train/derivatives/sub-stroke0107/ses-01/perfusion-maps/sub-stroke0107_ses-01_space-ncct_mtt.nii.gz,8222782,dcdec915
train/derivatives/sub-stroke0107/ses-01/perfusion-maps/sub-stroke0107_ses-01_space-ncct_tmax.nii.gz,6803146,7e14b52e
train/derivatives/sub-stroke0107/ses-01/sub-stroke0107_ses-01_space-ncct_cow-msk.nii.gz,99963,71167569
train/derivatives/sub-stroke0107/ses-01/sub-stroke0107_ses-01_space-ncct_cta.nii.gz,20742621,9f1b8be0
train/derivatives/sub-stroke0107/ses-01/sub-stroke0107_ses-01_space-ncct_ctp.nii.gz,531587661,5729624f
train/derivatives/sub-stroke0107/ses-01/sub-stroke0107_ses-01_space-ncct_lvo-msk.nii.gz,98575,f654a03a
train/derivatives/sub-stroke0107/ses-02/sub-stroke0107_ses-02_space-ncct_adc.nii.gz,31339343,7e5e9b17
train/derivatives/sub-stroke0107/ses-02/sub-stroke0107_ses-02_space-ncct_dwi.nii.gz,29905215,acef1ac2
train/derivatives/sub-stroke0107/ses-02/sub-stroke0107_ses-02_space-ncct_lesion-msk.nii.gz,871626,25ec51d5
train/derivatives/sub-stroke0108/ses-01/perfusion-maps/sub-stroke0108_ses-01_space-ncct_cbf.nii.gz,7823098,cac09b66
train/derivatives/sub-stroke0108/ses-01/perfusion-maps/sub-stroke0108_ses-01_space-ncct_cbv.nii.gz,7974400,0d4c1f55
train/derivatives/sub-stroke0108/ses-01/perfusion-maps/sub-stroke0108_ses-01_space-ncct_mtt.nii.gz,7584174,e6b9b27c
train/derivatives/sub-stroke0108/ses-01/perfusion-maps/sub-stroke0108_ses-01_space-ncct_tmax.nii.gz,6507029,a7ec5af3
train/derivatives/sub-stroke0108/ses-01/sub-stroke0108_ses-01_space-ncct_cow-msk.nii.gz,82045,13394628
train/derivatives/sub-stroke0108/ses-01/sub-stroke0108_ses-01_space-ncct_cta.nii.gz,16256261,47e9f4f7
train/derivatives/sub-stroke0108/ses-01/sub-stroke0108_ses-01_space-ncct_ctp.nii.gz,555483175,762d81de
train/derivatives/sub-stroke0108/ses-01/sub-stroke0108_ses-01_space-ncct_lvo-msk.nii.gz,79125,c1d2747c
train/derivatives/sub-stroke0108/ses-02/sub-stroke0108_ses-02_space-ncct_adc.nii.gz,27828318,2eb64831
train/derivatives/sub-stroke0108/ses-02/sub-stroke0108_ses-02_space-ncct_dwi.nii.gz,24217562,cbbaa335
train/derivatives/sub-stroke0108/ses-02/sub-stroke0108_ses-02_space-ncct_lesion-msk.nii.gz,642941,094def24
train/derivatives/sub-stroke0109/ses-01/perfusion-maps/sub-stroke0109_ses-01_space-ncct_cbf.nii.gz,9146106,a6c4f808
train/derivatives/sub-stroke0109/ses-01/perfusion-maps/sub-stroke0109_ses-01_space-ncct_cbv.nii.gz,9347250,18ed8e14
train/derivatives/sub-stroke0109/ses-01/perfusion-maps/sub-stroke0109_ses-01_space-ncct_mtt.nii.gz,9006459,70ab7c12
train/derivatives/sub-stroke0109/ses-01/perfusion-maps/sub-stroke0109_ses-01_space-ncct_tmax.nii.gz,6975658,359437f9
train/derivatives/sub-stroke0109/ses-01/sub-stroke0109_ses-01_space-ncct_cow-msk.nii.gz,85166,e0718b21
train/derivatives/sub-stroke0109/ses-01/sub-stroke0109_ses-01_space-ncct_cta.nii.gz,17324522,a5f5bc1d
train/derivatives/sub-stroke0109/ses-01/sub-stroke0109_ses-01_space-ncct_ctp.nii.gz,557964255,b1dd4e87
train/derivatives/sub-stroke0109/ses-01/sub-stroke0109_ses-01_space-ncct_lvo-msk.nii.gz,82565,e872e164
train/derivatives/sub-stroke0109/ses-02/sub-stroke0109_ses-02_space-ncct_adc.nii.gz,28993939,d83a0bc0
train/derivatives/sub-stroke0109/ses-02/sub-stroke0109_ses-02_space-ncct_dwi.nii.gz,28465756,8f6e9fa8
train/derivatives/sub-stroke0109/ses-02/sub-stroke0109_ses-02_space-ncct_lesion-msk.nii.gz,661566,0d019f86
train/derivatives/sub-stroke0110/ses-01/perfusion-maps/sub-stroke0110_ses-01_space-ncct_cbf.nii.gz,8464414,c85a3dad
train/derivatives/sub-stroke0110/ses-01/perfusion-maps/sub-stroke0110_ses-01_space-ncct_cbv.nii.gz,8562005,03c77468
train/derivatives/sub-stroke0110/ses-01/perfusion-maps/sub-stroke0110_ses-01_space-ncct_mtt.nii.gz,8059115,bd56eef2
train/derivatives/sub-stroke0110/ses-01/perfusion-maps/sub-stroke0110_ses-01_space-ncct_tmax.nii.gz,6959417,2e0a5ef3
train/derivatives/sub-stroke0110/ses-01/sub-stroke0110_ses-01_space-ncct_cow-msk.nii.gz,101179,a5998cd3
train/derivatives/sub-stroke0110/ses-01/sub-stroke0110_ses-01_space-ncct_cta.nii.gz,17268069,d9327a95
train/derivatives/sub-stroke0110/ses-01/sub-stroke0110_ses-01_space-ncct_ctp.nii.gz,528300448,574c13b7
train/derivatives/sub-stroke0110/ses-01/sub-stroke0110_ses-01_space-ncct_lvo-msk.nii.gz,98254,f563f985
train/derivatives/sub-stroke0110/ses-02/sub-stroke0110_ses-02_space-ncct_adc.nii.gz,24781971,4f36fa4e
train/derivatives/sub-stroke0110/ses-02/sub-stroke0110_ses-02_space-ncct_dwi.nii.gz,22991601,6c3195ed
train/derivatives/sub-stroke0110/ses-02/sub-stroke0110_ses-02_space-ncct_lesion-msk.nii.gz,801678,bd6aa6fb
train/derivatives/sub-stroke0111/ses-01/perfusion-maps/sub-stroke0111_ses-01_space-ncct_cbf.nii.gz,8827644,82c081f0
train/derivatives/sub-stroke0111/ses-01/perfusion-maps/sub-stroke0111_ses-01_space-ncct_cbv.nii.gz,8787358,145c6e28
train/derivatives/sub-stroke0111/ses-01/perfusion-maps/sub-stroke0111_ses-01_space-ncct_mtt.nii.gz,8130980,e77a36b4
train/derivatives/sub-stroke0111/ses-01/perfusion-maps/sub-stroke0111_ses-01_space-ncct_tmax.nii.gz,7298933,4d7cd88a
train/derivatives/sub-stroke0111/ses-01/sub-stroke0111_ses-01_space-ncct_cow-msk.nii.gz,82022,9e9e32b5
train/derivatives/sub-stroke0111/ses-01/sub-stroke0111_ses-01_space-ncct_cta.nii.gz,19081274,178cb888
train/derivatives/sub-stroke0111/ses-01/sub-stroke0111_ses-01_space-ncct_ctp.nii.gz,541946592,0527c2d4
train/derivatives/sub-stroke0111/ses-01/sub-stroke0111_ses-01_space-ncct_lvo-msk.nii.gz,79145,79efcaf3
train/derivatives/sub-stroke0111/ses-02/sub-stroke0111_ses-02_space-ncct_adc.nii.gz,29031332,e3399d3e
train/derivatives/sub-stroke0111/ses-02/sub-stroke0111_ses-02_space-ncct_dwi.nii.gz,27326066,eebb78fb
train/derivatives/sub-stroke0111/ses-02/sub-stroke0111_ses-02_space-ncct_lesion-msk.nii.gz,652761,858d38bf
train/derivatives/sub-stroke0112/ses-01/perfusion-maps/sub-stroke0112_ses-01_space-ncct_cbf.nii.gz,9352303,e055183c
train/derivatives/sub-stroke0112/ses-01/perfusion-maps/sub-stroke0112_ses-01_space-ncct_cbv.nii.gz,9513192,aef2d5ef
train/derivatives/sub-stroke0112/ses-01/perfusion-maps/sub-stroke0112_ses-01_space-ncct_mtt.nii.gz,8965846,459ecbb4
train/derivatives/sub-stroke0112/ses-01/perfusion-maps/sub-stroke0112_ses-01_space-ncct_tmax.nii.gz,7667993,50089c66
train/derivatives/sub-stroke0112/ses-01/sub-stroke0112_ses-01_space-ncct_cow-msk.nii.gz,89720,97665d43
train/derivatives/sub-stroke0112/ses-01/sub-stroke0112_ses-01_space-ncct_cta.nii.gz,21316949,94e56f0c
train/derivatives/sub-stroke0112/ses-01/sub-stroke0112_ses-01_space-ncct_ctp.nii.gz,609031766,c3f06a1b
train/derivatives/sub-stroke0112/ses-01/sub-stroke0112_ses-01_space-ncct_lvo-msk.nii.gz,87156,c65e614f
train/derivatives/sub-stroke0112/ses-02/sub-stroke0112_ses-02_space-ncct_adc.nii.gz,29220134,517fcd05
train/derivatives/sub-stroke0112/ses-02/sub-stroke0112_ses-02_space-ncct_dwi.nii.gz,25345356,973f53b7
train/derivatives/sub-stroke0112/ses-02/sub-stroke0112_ses-02_space-ncct_lesion-msk.nii.gz,701142,c242e089
train/derivatives/sub-stroke0113/ses-01/perfusion-maps/sub-stroke0113_ses-01_space-ncct_cbf.nii.gz,8212594,f4c52843
train/derivatives/sub-stroke0113/ses-01/perfusion-maps/sub-stroke0113_ses-01_space-ncct_cbv.nii.gz,8566099,03fa6210
train/derivatives/sub-stroke0113/ses-01/perfusion-maps/sub-stroke0113_ses-01_space-ncct_mtt.nii.gz,7670174,e3926c95
train/derivatives/sub-stroke0113/ses-01/perfusion-maps/sub-stroke0113_ses-01_space-ncct_tmax.nii.gz,8162515,e4b5ac68
train/derivatives/sub-stroke0113/ses-01/sub-stroke0113_ses-01_space-ncct_cow-msk.nii.gz,104595,c255db4b
train/derivatives/sub-stroke0113/ses-01/sub-stroke0113_ses-01_space-ncct_cta.nii.gz,13568353,06fa2d17
train/derivatives/sub-stroke0113/ses-01/sub-stroke0113_ses-01_space-ncct_ctp.nii.gz,505055438,0404c13c
train/derivatives/sub-stroke0113/ses-01/sub-stroke0113_ses-01_space-ncct_lvo-msk.nii.gz,101551,73de2a7f
train/derivatives/sub-stroke0113/ses-02/sub-stroke0113_ses-02_space-ncct_adc.nii.gz,27281622,44f8eeed
train/derivatives/sub-stroke0113/ses-02/sub-stroke0113_ses-02_space-ncct_dwi.nii.gz,25398339,c850599d
train/derivatives/sub-stroke0113/ses-02/sub-stroke0113_ses-02_space-ncct_lesion-msk.nii.gz,837611,0a9159de
train/derivatives/sub-stroke0114/ses-01/perfusion-maps/sub-stroke0114_ses-01_space-ncct_cbf.nii.gz,8710103,faaf6e44
train/derivatives/sub-stroke0114/ses-01/perfusion-maps/sub-stroke0114_ses-01_space-ncct_cbv.nii.gz,9036200,a65c4fc6
train/derivatives/sub-stroke0114/ses-01/perfusion-maps/sub-stroke0114_ses-01_space-ncct_mtt.nii.gz,8718145,a76e1dd8
train/derivatives/sub-stroke0114/ses-01/perfusion-maps/sub-stroke0114_ses-01_space-ncct_tmax.nii.gz,8007802,b1af07be
train/derivatives/sub-stroke0114/ses-01/sub-stroke0114_ses-01_space-ncct_cow-msk.nii.gz,76974,8d6bea65
train/derivatives/sub-stroke0114/ses-01/sub-stroke0114_ses-01_space-ncct_cta.nii.gz,16451670,b61df6b5
train/derivatives/sub-stroke0114/ses-01/sub-stroke0114_ses-01_space-ncct_ctp.nii.gz,610960301,8afc8ed1
train/derivatives/sub-stroke0114/ses-01/sub-stroke0114_ses-01_space-ncct_lvo-msk.nii.gz,74611,7736ad5b
train/derivatives/sub-stroke0114/ses-02/sub-stroke0114_ses-02_space-ncct_adc.nii.gz,25889636,f9f30bbd
train/derivatives/sub-stroke0114/ses-02/sub-stroke0114_ses-02_space-ncct_dwi.nii.gz,25046566,6b1e1a26
train/derivatives/sub-stroke0114/ses-02/sub-stroke0114_ses-02_space-ncct_lesion-msk.nii.gz,627359,0a0e4c10
train/derivatives/sub-stroke0115/ses-01/perfusion-maps/sub-stroke0115_ses-01_space-ncct_cbf.nii.gz,8762765,8014be63
train/derivatives/sub-stroke0115/ses-01/perfusion-maps/sub-stroke0115_ses-01_space-ncct_cbv.nii.gz,8830377,ff35606a
train/derivatives/sub-stroke0115/ses-01/perfusion-maps/sub-stroke0115_ses-01_space-ncct_mtt.nii.gz,8388818,dad45176
train/derivatives/sub-stroke0115/ses-01/perfusion-maps/sub-stroke0115_ses-01_space-ncct_tmax.nii.gz,7385916,aa44bf71
train/derivatives/sub-stroke0115/ses-01/sub-stroke0115_ses-01_space-ncct_cow-msk.nii.gz,86720,2429b078
train/derivatives/sub-stroke0115/ses-01/sub-stroke0115_ses-01_space-ncct_cta.nii.gz,16848642,f25b0dfc
train/derivatives/sub-stroke0115/ses-01/sub-stroke0115_ses-01_space-ncct_ctp.nii.gz,521486844,750f0515
train/derivatives/sub-stroke0115/ses-01/sub-stroke0115_ses-01_space-ncct_lvo-msk.nii.gz,85001,ddd116ab
train/derivatives/sub-stroke0115/ses-02/sub-stroke0115_ses-02_space-ncct_adc.nii.gz,27649572,af46278b
train/derivatives/sub-stroke0115/ses-02/sub-stroke0115_ses-02_space-ncct_dwi.nii.gz,25493569,10994181
train/derivatives/sub-stroke0115/ses-02/sub-stroke0115_ses-02_space-ncct_lesion-msk.nii.gz,747227,2b5ff921
train/derivatives/sub-stroke0116/ses-01/perfusion-maps/sub-stroke0116_ses-01_space-ncct_cbf.nii.gz,8660225,eeb6adab
train/derivatives/sub-stroke0116/ses-01/perfusion-maps/sub-stroke0116_ses-01_space-ncct_cbv.nii.gz,8626479,20a016e8
train/derivatives/sub-stroke0116/ses-01/perfusion-maps/sub-stroke0116_ses-01_space-ncct_mtt.nii.gz,7930960,7c87e479
train/derivatives/sub-stroke0116/ses-01/perfusion-maps/sub-stroke0116_ses-01_space-ncct_tmax.nii.gz,7025904,1434c3bf
train/derivatives/sub-stroke0116/ses-01/sub-stroke0116_ses-01_space-ncct_cow-msk.nii.gz,93142,97f7b844
train/derivatives/sub-stroke0116/ses-01/sub-stroke0116_ses-01_space-ncct_cta.nii.gz,20972264,9f0ff5e1
train/derivatives/sub-stroke0116/ses-01/sub-stroke0116_ses-01_space-ncct_ctp.nii.gz,544700552,bb1db83c
train/derivatives/sub-stroke0116/ses-01/sub-stroke0116_ses-01_space-ncct_lvo-msk.nii.gz,90189,092651b2
train/derivatives/sub-stroke0116/ses-02/sub-stroke0116_ses-02_space-ncct_adc.nii.gz,30179412,9d898c21
train/derivatives/sub-stroke0116/ses-02/sub-stroke0116_ses-02_space-ncct_dwi.nii.gz,29465745,35d4fbfe
train/derivatives/sub-stroke0116/ses-02/sub-stroke0116_ses-02_space-ncct_lesion-msk.nii.gz,754845,c3be7a04
train/derivatives/sub-stroke0117/ses-01/perfusion-maps/sub-stroke0117_ses-01_space-ncct_cbf.nii.gz,10694812,e5d1750a
train/derivatives/sub-stroke0117/ses-01/perfusion-maps/sub-stroke0117_ses-01_space-ncct_cbv.nii.gz,10868431,c5ffb466
train/derivatives/sub-stroke0117/ses-01/perfusion-maps/sub-stroke0117_ses-01_space-ncct_mtt.nii.gz,10274997,13b68714
train/derivatives/sub-stroke0117/ses-01/perfusion-maps/sub-stroke0117_ses-01_space-ncct_tmax.nii.gz,9877598,e96faa1e
train/derivatives/sub-stroke0117/ses-01/sub-stroke0117_ses-01_space-ncct_cow-msk.nii.gz,82149,1d37ce57
train/derivatives/sub-stroke0117/ses-01/sub-stroke0117_ses-01_space-ncct_cta.nii.gz,18948530,dbbe45cc
train/derivatives/sub-stroke0117/ses-01/sub-stroke0117_ses-01_space-ncct_ctp.nii.gz,658517181,3c3b9376
train/derivatives/sub-stroke0117/ses-01/sub-stroke0117_ses-01_space-ncct_lvo-msk.nii.gz,79169,0e5a3089
train/derivatives/sub-stroke0117/ses-02/sub-stroke0117_ses-02_space-ncct_adc.nii.gz,32445786,081a1221
train/derivatives/sub-stroke0117/ses-02/sub-stroke0117_ses-02_space-ncct_dwi.nii.gz,29792791,36723f79
train/derivatives/sub-stroke0117/ses-02/sub-stroke0117_ses-02_space-ncct_lesion-msk.nii.gz,640080,01be0627
train/derivatives/sub-stroke0118/ses-01/perfusion-maps/sub-stroke0118_ses-01_space-ncct_cbf.nii.gz,8585437,af33dec3
train/derivatives/sub-stroke0118/ses-01/perfusion-maps/sub-stroke0118_ses-01_space-ncct_cbv.nii.gz,8859403,977eafdd
train/derivatives/sub-stroke0118/ses-01/perfusion-maps/sub-stroke0118_ses-01_space-ncct_mtt.nii.gz,8613102,dda856e8
train/derivatives/sub-stroke0118/ses-01/perfusion-maps/sub-stroke0118_ses-01_space-ncct_tmax.nii.gz,7794675,f470e44c
train/derivatives/sub-stroke0118/ses-01/sub-stroke0118_ses-01_space-ncct_cow-msk.nii.gz,86926,dffd5103
train/derivatives/sub-stroke0118/ses-01/sub-stroke0118_ses-01_space-ncct_cta.nii.gz,17163281,0388eb75
train/derivatives/sub-stroke0118/ses-01/sub-stroke0118_ses-01_space-ncct_ctp.nii.gz,535762821,fb8d3d76
train/derivatives/sub-stroke0118/ses-01/sub-stroke0118_ses-01_space-ncct_lvo-msk.nii.gz,84887,a8d262c7
train/derivatives/sub-stroke0118/ses-02/sub-stroke0118_ses-02_space-ncct_adc.nii.gz,27814691,fd5aa5a8
train/derivatives/sub-stroke0118/ses-02/sub-stroke0118_ses-02_space-ncct_dwi.nii.gz,25190601,841ac30b
train/derivatives/sub-stroke0118/ses-02/sub-stroke0118_ses-02_space-ncct_lesion-msk.nii.gz,702574,8208b71c
train/derivatives/sub-stroke0119/ses-01/perfusion-maps/sub-stroke0119_ses-01_space-ncct_cbf.nii.gz,6960977,0fa97274
train/derivatives/sub-stroke0119/ses-01/perfusion-maps/sub-stroke0119_ses-01_space-ncct_cbv.nii.gz,6804537,a853a857
train/derivatives/sub-stroke0119/ses-01/perfusion-maps/sub-stroke0119_ses-01_space-ncct_mtt.nii.gz,6120524,fa211dc9
train/derivatives/sub-stroke0119/ses-01/perfusion-maps/sub-stroke0119_ses-01_space-ncct_tmax.nii.gz,5734462,d40444a9
train/derivatives/sub-stroke0119/ses-01/sub-stroke0119_ses-01_space-ncct_cow-msk.nii.gz,82176,78cc00ce
train/derivatives/sub-stroke0119/ses-01/sub-stroke0119_ses-01_space-ncct_cta.nii.gz,15125061,68118cc3
train/derivatives/sub-stroke0119/ses-01/sub-stroke0119_ses-01_space-ncct_ctp.nii.gz,420406827,33016870
train/derivatives/sub-stroke0119/ses-01/sub-stroke0119_ses-01_space-ncct_lvo-msk.nii.gz,80067,701974e1
train/derivatives/sub-stroke0119/ses-02/sub-stroke0119_ses-02_space-ncct_adc.nii.gz,21358763,29c5d46a
train/derivatives/sub-stroke0119/ses-02/sub-stroke0119_ses-02_space-ncct_dwi.nii.gz,20113279,1287636c
train/derivatives/sub-stroke0119/ses-02/sub-stroke0119_ses-02_space-ncct_lesion-msk.nii.gz,639794,396c5862
train/derivatives/sub-stroke0133/ses-01/perfusion-maps/sub-stroke0133_ses-01_space-ncct_cbf.nii.gz,13957775,407db37a
train/derivatives/sub-stroke0133/ses-01/perfusion-maps/sub-stroke0133_ses-01_space-ncct_cbv.nii.gz,12349968,c3ce46d2
train/derivatives/sub-stroke0133/ses-01/perfusion-maps/sub-stroke0133_ses-01_space-ncct_mtt.nii.gz,12068563,66c5a53d
train/derivatives/sub-stroke0133/ses-01/perfusion-maps/sub-stroke0133_ses-01_space-ncct_tmax.nii.gz,10267733,a4ca7d26
train/derivatives/sub-stroke0133/ses-01/sub-stroke0133_ses-01_space-ncct_cow-msk.nii.gz,70502,fe01ce5d
train/derivatives/sub-stroke0133/ses-01/sub-stroke0133_ses-01_space-ncct_cta.nii.gz,12732910,6b32dc3d
train/derivatives/sub-stroke0133/ses-01/sub-stroke0133_ses-01_space-ncct_ctp.nii.gz,423096237,9e3b95a2
train/derivatives/sub-stroke0133/ses-01/sub-stroke0133_ses-01_space-ncct_lvo-msk.nii.gz,69188,c6158237
train/derivatives/sub-stroke0133/ses-02/sub-stroke0133_ses-02_space-ncct_adc.nii.gz,15839509,18096b08
train/derivatives/sub-stroke0133/ses-02/sub-stroke0133_ses-02_space-ncct_dwi.nii.gz,15675204,6e3d27c7
train/derivatives/sub-stroke0133/ses-02/sub-stroke0133_ses-02_space-ncct_lesion-msk.nii.gz,565867,8803310f
train/derivatives/sub-stroke0134/ses-01/perfusion-maps/sub-stroke0134_ses-01_space-ncct_cbf.nii.gz,12516354,1ec99c2e
train/derivatives/sub-stroke0134/ses-01/perfusion-maps/sub-stroke0134_ses-01_space-ncct_cbv.nii.gz,10511056,2d3b0198
train/derivatives/sub-stroke0134/ses-01/perfusion-maps/sub-stroke0134_ses-01_space-ncct_mtt.nii.gz,10263517,dcbbc249
train/derivatives/sub-stroke0134/ses-01/perfusion-maps/sub-stroke0134_ses-01_space-ncct_tmax.nii.gz,9175630,75a4c313
train/derivatives/sub-stroke0134/ses-01/sub-stroke0134_ses-01_space-ncct_cow-msk.nii.gz,61477,22767722
train/derivatives/sub-stroke0134/ses-01/sub-stroke0134_ses-01_space-ncct_cta.nii.gz,13292298,b6b58a3d
train/derivatives/sub-stroke0134/ses-01/sub-stroke0134_ses-01_space-ncct_ctp.nii.gz,391978461,b2127f62
train/derivatives/sub-stroke0134/ses-01/sub-stroke0134_ses-01_space-ncct_lvo-msk.nii.gz,60674,4281f270
train/derivatives/sub-stroke0134/ses-02/sub-stroke0134_ses-02_space-ncct_adc.nii.gz,14433593,f7d71d6c
train/derivatives/sub-stroke0134/ses-02/sub-stroke0134_ses-02_space-ncct_dwi.nii.gz,14287665,b7b710ea
train/derivatives/sub-stroke0134/ses-02/sub-stroke0134_ses-02_space-ncct_lesion-msk.nii.gz,488708,fb05f430
train/derivatives/sub-stroke0135/ses-01/perfusion-maps/sub-stroke0135_ses-01_space-ncct_cbf.nii.gz,14122138,adcb4318
train/derivatives/sub-stroke0135/ses-01/perfusion-maps/sub-stroke0135_ses-01_space-ncct_cbv.nii.gz,12084960,b8c0e54c
train/derivatives/sub-stroke0135/ses-01/perfusion-maps/sub-stroke0135_ses-01_space-ncct_mtt.nii.gz,11871773,c19b4f01
train/derivatives/sub-stroke0135/ses-01/perfusion-maps/sub-stroke0135_ses-01_space-ncct_tmax.nii.gz,10577537,fedf60c1
train/derivatives/sub-stroke0135/ses-01/sub-stroke0135_ses-01_space-ncct_cow-msk.nii.gz,59904,9b2514aa
train/derivatives/sub-stroke0135/ses-01/sub-stroke0135_ses-01_space-ncct_cta.nii.gz,13721589,4c9556eb
train/derivatives/sub-stroke0135/ses-01/sub-stroke0135_ses-01_space-ncct_ctp.nii.gz,435964127,e4fd57a3
train/derivatives/sub-stroke0135/ses-01/sub-stroke0135_ses-01_space-ncct_lvo-msk.nii.gz,59040,5d7dd0b4
train/derivatives/sub-stroke0135/ses-02/sub-stroke0135_ses-02_space-ncct_adc.nii.gz,15184308,00db31f5
train/derivatives/sub-stroke0135/ses-02/sub-stroke0135_ses-02_space-ncct_dwi.nii.gz,15121906,e97ca4e9
train/derivatives/sub-stroke0135/ses-02/sub-stroke0135_ses-02_space-ncct_lesion-msk.nii.gz,479640,86a79414
train/derivatives/sub-stroke0136/ses-01/perfusion-maps/sub-stroke0136_ses-01_space-ncct_cbf.nii.gz,13585392,08c76a29
train/derivatives/sub-stroke0136/ses-01/perfusion-maps/sub-stroke0136_ses-01_space-ncct_cbv.nii.gz,11629001,7006008e
train/derivatives/sub-stroke0136/ses-01/perfusion-maps/sub-stroke0136_ses-01_space-ncct_mtt.nii.gz,11355023,18dbf7ab
train/derivatives/sub-stroke0136/ses-01/perfusion-maps/sub-stroke0136_ses-01_space-ncct_tmax.nii.gz,9342450,06b12056
train/derivatives/sub-stroke0136/ses-01/sub-stroke0136_ses-01_space-ncct_cow-msk.nii.gz,67112,2876c711
train/derivatives/sub-stroke0136/ses-01/sub-stroke0136_ses-01_space-ncct_cta.nii.gz,13058773,8c531637
train/derivatives/sub-stroke0136/ses-01/sub-stroke0136_ses-01_space-ncct_ctp.nii.gz,426481571,673b7aca
train/derivatives/sub-stroke0136/ses-01/sub-stroke0136_ses-01_space-ncct_lvo-msk.nii.gz,65599,61d99bdf
train/derivatives/sub-stroke0136/ses-02/sub-stroke0136_ses-02_space-ncct_adc.nii.gz,14650440,0a97475b
train/derivatives/sub-stroke0136/ses-02/sub-stroke0136_ses-02_space-ncct_dwi.nii.gz,14525650,408decbb
train/derivatives/sub-stroke0136/ses-02/sub-stroke0136_ses-02_space-ncct_lesion-msk.nii.gz,527198,5b927f9e
train/derivatives/sub-stroke0137/ses-01/perfusion-maps/sub-stroke0137_ses-01_space-ncct_cbf.nii.gz,17543759,872e6692
train/derivatives/sub-stroke0137/ses-01/perfusion-maps/sub-stroke0137_ses-01_space-ncct_cbv.nii.gz,14147444,45903428
train/derivatives/sub-stroke0137/ses-01/perfusion-maps/sub-stroke0137_ses-01_space-ncct_mtt.nii.gz,13836736,881cf3f5
train/derivatives/sub-stroke0137/ses-01/perfusion-maps/sub-stroke0137_ses-01_space-ncct_tmax.nii.gz,12923167,ead2485d
train/derivatives/sub-stroke0137/ses-01/sub-stroke0137_ses-01_space-ncct_cow-msk.nii.gz,99738,09cd0fc2
train/derivatives/sub-stroke0137/ses-01/sub-stroke0137_ses-01_space-ncct_cta.nii.gz,17989972,6c5a0019
train/derivatives/sub-stroke0137/ses-01/sub-stroke0137_ses-01_space-ncct_ctp.nii.gz,550620776,196de989
train/derivatives/sub-stroke0137/ses-01/sub-stroke0137_ses-01_space-ncct_lvo-msk.nii.gz,97450,fb60c260
train/derivatives/sub-stroke0137/ses-02/sub-stroke0137_ses-02_space-ncct_adc.nii.gz,21171220,498fabbc
train/derivatives/sub-stroke0137/ses-02/sub-stroke0137_ses-02_space-ncct_dwi.nii.gz,19740617,8a7b9c0a
train/derivatives/sub-stroke0137/ses-02/sub-stroke0137_ses-02_space-ncct_lesion-msk.nii.gz,857164,f7cbc140
train/derivatives/sub-stroke0138/ses-01/perfusion-maps/sub-stroke0138_ses-01_space-ncct_cbf.nii.gz,13050758,28e82874
train/derivatives/sub-stroke0138/ses-01/perfusion-maps/sub-stroke0138_ses-01_space-ncct_cbv.nii.gz,11068804,df70205d
train/derivatives/sub-stroke0138/ses-01/perfusion-maps/sub-stroke0138_ses-01_space-ncct_mtt.nii.gz,10831518,f1e452e1
train/derivatives/sub-stroke0138/ses-01/perfusion-maps/sub-stroke0138_ses-01_space-ncct_tmax.nii.gz,10110221,d8a5414a
train/derivatives/sub-stroke0138/ses-01/sub-stroke0138_ses-01_space-ncct_cow-msk.nii.gz,57704,d4bb7ee6
train/derivatives/sub-stroke0138/ses-01/sub-stroke0138_ses-01_space-ncct_cta.nii.gz,12396479,457fdc95
train/derivatives/sub-stroke0138/ses-01/sub-stroke0138_ses-01_space-ncct_ctp.nii.gz,410713368,4fea687b
train/derivatives/sub-stroke0138/ses-01/sub-stroke0138_ses-01_space-ncct_lvo-msk.nii.gz,56795,0e02f356
train/derivatives/sub-stroke0138/ses-02/sub-stroke0138_ses-02_space-ncct_adc.nii.gz,13945243,dea09f02
train/derivatives/sub-stroke0138/ses-02/sub-stroke0138_ses-02_space-ncct_dwi.nii.gz,13856325,62cbe680
train/derivatives/sub-stroke0138/ses-02/sub-stroke0138_ses-02_space-ncct_lesion-msk.nii.gz,473272,c4acd303
train/derivatives/sub-stroke0139/ses-01/perfusion-maps/sub-stroke0139_ses-01_space-ncct_cbf.nii.gz,11705839,3333c1bf
train/derivatives/sub-stroke0139/ses-01/perfusion-maps/sub-stroke0139_ses-01_space-ncct_cbv.nii.gz,9929592,5a1ad6f8
train/derivatives/sub-stroke0139/ses-01/perfusion-maps/sub-stroke0139_ses-01_space-ncct_mtt.nii.gz,9770579,3c876ac9
train/derivatives/sub-stroke0139/ses-01/perfusion-maps/sub-stroke0139_ses-01_space-ncct_tmax.nii.gz,9071827,cc00e63f
train/derivatives/sub-stroke0139/ses-01/sub-stroke0139_ses-01_space-ncct_cow-msk.nii.gz,57581,a315308a
train/derivatives/sub-stroke0139/ses-01/sub-stroke0139_ses-01_space-ncct_cta.nii.gz,11814993,f101c490
train/derivatives/sub-stroke0139/ses-01/sub-stroke0139_ses-01_space-ncct_ctp.nii.gz,347271774,088a0a55
train/derivatives/sub-stroke0139/ses-01/sub-stroke0139_ses-01_space-ncct_lvo-msk.nii.gz,56561,908d0a13
train/derivatives/sub-stroke0139/ses-02/sub-stroke0139_ses-02_space-ncct_adc.nii.gz,13238560,6a327ddc
train/derivatives/sub-stroke0139/ses-02/sub-stroke0139_ses-02_space-ncct_dwi.nii.gz,13170362,a2915c41
train/derivatives/sub-stroke0139/ses-02/sub-stroke0139_ses-02_space-ncct_lesion-msk.nii.gz,457237,964f46ba
train/derivatives/sub-stroke0140/ses-01/perfusion-maps/sub-stroke0140_ses-01_space-ncct_cbf.nii.gz,14634008,7cb02598
train/derivatives/sub-stroke0140/ses-01/perfusion-maps/sub-stroke0140_ses-01_space-ncct_cbv.nii.gz,12558516,b5be6c5e
train/derivatives/sub-stroke0140/ses-01/perfusion-maps/sub-stroke0140_ses-01_space-ncct_mtt.nii.gz,12324307,28f2d529
train/derivatives/sub-stroke0140/ses-01/perfusion-maps/sub-stroke0140_ses-01_space-ncct_tmax.nii.gz,11128903,d9bc8379
train/derivatives/sub-stroke0140/ses-01/sub-stroke0140_ses-01_space-ncct_cow-msk.nii.gz,56871,4916d64f
train/derivatives/sub-stroke0140/ses-01/sub-stroke0140_ses-01_space-ncct_cta.nii.gz,14563398,223b57d3
train/derivatives/sub-stroke0140/ses-01/sub-stroke0140_ses-01_space-ncct_ctp.nii.gz,482694480,d140cff1
train/derivatives/sub-stroke0140/ses-01/sub-stroke0140_ses-01_space-ncct_lvo-msk.nii.gz,55382,2364eaa2
train/derivatives/sub-stroke0140/ses-02/sub-stroke0140_ses-02_space-ncct_adc.nii.gz,17725831,8e5272ef
train/derivatives/sub-stroke0140/ses-02/sub-stroke0140_ses-02_space-ncct_dwi.nii.gz,16501515,1d80ca3e
train/derivatives/sub-stroke0140/ses-02/sub-stroke0140_ses-02_space-ncct_lesion-msk.nii.gz,461656,6e9ce527
train/derivatives/sub-stroke0141/ses-01/perfusion-maps/sub-stroke0141_ses-01_space-ncct_cbf.nii.gz,11467656,bab416b0
train/derivatives/sub-stroke0141/ses-01/perfusion-maps/sub-stroke0141_ses-01_space-ncct_cbv.nii.gz,9728363,a0fb022b
train/derivatives/sub-stroke0141/ses-01/perfusion-maps/sub-stroke0141_ses-01_space-ncct_mtt.nii.gz,9600391,bc6d6d37
train/derivatives/sub-stroke0141/ses-01/perfusion-maps/sub-stroke0141_ses-01_space-ncct_tmax.nii.gz,8833276,5de201b6
train/derivatives/sub-stroke0141/ses-01/sub-stroke0141_ses-01_space-ncct_cow-msk.nii.gz,52026,7389d55e
train/derivatives/sub-stroke0141/ses-01/sub-stroke0141_ses-01_space-ncct_cta.nii.gz,11242223,d6e6f338
train/derivatives/sub-stroke0141/ses-01/sub-stroke0141_ses-01_space-ncct_ctp.nii.gz,373091234,3318260a
train/derivatives/sub-stroke0141/ses-01/sub-stroke0141_ses-01_space-ncct_lvo-msk.nii.gz,50821,f8161a47
train/derivatives/sub-stroke0141/ses-02/sub-stroke0141_ses-02_space-ncct_adc.nii.gz,12363597,9c547e40
train/derivatives/sub-stroke0141/ses-02/sub-stroke0141_ses-02_space-ncct_dwi.nii.gz,12307955,c88f227a
train/derivatives/sub-stroke0141/ses-02/sub-stroke0141_ses-02_space-ncct_lesion-msk.nii.gz,405212,8a8f2985
train/derivatives/sub-stroke0142/ses-01/perfusion-maps/sub-stroke0142_ses-01_space-ncct_cbf.nii.gz,12353978,e998954b
train/derivatives/sub-stroke0142/ses-01/perfusion-maps/sub-stroke0142_ses-01_space-ncct_cbv.nii.gz,10699413,1be8c43b
train/derivatives/sub-stroke0142/ses-01/perfusion-maps/sub-stroke0142_ses-01_space-ncct_mtt.nii.gz,10544571,97d7b617
train/derivatives/sub-stroke0142/ses-01/perfusion-maps/sub-stroke0142_ses-01_space-ncct_tmax.nii.gz,8950824,aafab4b6
train/derivatives/sub-stroke0142/ses-01/sub-stroke0142_ses-01_space-ncct_cow-msk.nii.gz,59511,85b5263b
train/derivatives/sub-stroke0142/ses-01/sub-stroke0142_ses-01_space-ncct_cta.nii.gz,12830915,a51f52e2
train/derivatives/sub-stroke0142/ses-01/sub-stroke0142_ses-01_space-ncct_ctp.nii.gz,411621010,d2c76597
train/derivatives/sub-stroke0142/ses-01/sub-stroke0142_ses-01_space-ncct_lvo-msk.nii.gz,58303,7c2358d2
train/derivatives/sub-stroke0142/ses-02/sub-stroke0142_ses-02_lesion-msk.nii,26618208,b167130c
train/derivatives/sub-stroke0142/ses-02/sub-stroke0142_ses-02_space-ncct_adc.nii.gz,15144649,873e2509
train/derivatives/sub-stroke0142/ses-02/sub-stroke0142_ses-02_space-ncct_dwi.nii.gz,15122310,44d3be33
train/derivatives/sub-stroke0142/ses-02/sub-stroke0142_ses-02_space-ncct_lesion-msk.nii.gz,465359,3402519a
train/derivatives/sub-stroke0143/ses-01/perfusion-maps/sub-stroke0143_ses-01_space-ncct_cbf.nii.gz,12186914,14924c12
train/derivatives/sub-stroke0143/ses-01/perfusion-maps/sub-stroke0143_ses-01_space-ncct_cbv.nii.gz,10022194,f1aae1b2
train/derivatives/sub-stroke0143/ses-01/perfusion-maps/sub-stroke0143_ses-01_space-ncct_mtt.nii.gz,9770233,98d99a9d
train/derivatives/sub-stroke0143/ses-01/perfusion-maps/sub-stroke0143_ses-01_space-ncct_tmax.nii.gz,9180692,0a95a4e4
train/derivatives/sub-stroke0143/ses-01/sub-stroke0143_ses-01_space-ncct_cow-msk.nii.gz,55591,30cd3cf1
train/derivatives/sub-stroke0143/ses-01/sub-stroke0143_ses-01_space-ncct_cta.nii.gz,11575062,a3f488ef
train/derivatives/sub-stroke0143/ses-01/sub-stroke0143_ses-01_space-ncct_ctp.nii.gz,390338424,f0a3063a
train/derivatives/sub-stroke0143/ses-01/sub-stroke0143_ses-01_space-ncct_lvo-msk.nii.gz,54786,b71f8727
train/derivatives/sub-stroke0143/ses-02/sub-stroke0143_ses-02_space-ncct_adc.nii.gz,9870289,308cb4f1
train/derivatives/sub-stroke0143/ses-02/sub-stroke0143_ses-02_space-ncct_dwi.nii.gz,9782187,24ee96e2
train/derivatives/sub-stroke0143/ses-02/sub-stroke0143_ses-02_space-ncct_lesion-msk.nii.gz,440584,42eb5aad
train/derivatives/sub-stroke0144/ses-01/perfusion-maps/sub-stroke0144_ses-01_space-ncct_cbf.nii.gz,13046320,31dfadfd
train/derivatives/sub-stroke0144/ses-01/perfusion-maps/sub-stroke0144_ses-01_space-ncct_cbv.nii.gz,11127271,d06f68c4
train/derivatives/sub-stroke0144/ses-01/perfusion-maps/sub-stroke0144_ses-01_space-ncct_mtt.nii.gz,10849449,4c851456
train/derivatives/sub-stroke0144/ses-01/perfusion-maps/sub-stroke0144_ses-01_space-ncct_tmax.nii.gz,9296915,d06cf0f2
train/derivatives/sub-stroke0144/ses-01/sub-stroke0144_ses-01_space-ncct_cow-msk.nii.gz,48051,fe2322c7
train/derivatives/sub-stroke0144/ses-01/sub-stroke0144_ses-01_space-ncct_cta.nii.gz,10415475,215441b3
train/derivatives/sub-stroke0144/ses-01/sub-stroke0144_ses-01_space-ncct_ctp.nii.gz,422994885,d3b1b12a
train/derivatives/sub-stroke0144/ses-01/sub-stroke0144_ses-01_space-ncct_lvo-msk.nii.gz,47131,045eacf8
train/derivatives/sub-stroke0144/ses-02/sub-stroke0144_ses-02_space-ncct_adc.nii.gz,12321995,6f68d0e2
train/derivatives/sub-stroke0144/ses-02/sub-stroke0144_ses-02_space-ncct_dwi.nii.gz,12210925,36391149
train/derivatives/sub-stroke0144/ses-02/sub-stroke0144_ses-02_space-ncct_lesion-msk.nii.gz,384481,d9f63dba
train/derivatives/sub-stroke0145/ses-01/perfusion-maps/sub-stroke0145_ses-01_space-ncct_cbf.nii.gz,11933076,5f639613
train/derivatives/sub-stroke0145/ses-01/perfusion-maps/sub-stroke0145_ses-01_space-ncct_cbv.nii.gz,10253543,4e0ce02b
train/derivatives/sub-stroke0145/ses-01/perfusion-maps/sub-stroke0145_ses-01_space-ncct_mtt.nii.gz,10095631,cdef0547
train/derivatives/sub-stroke0145/ses-01/perfusion-maps/sub-stroke0145_ses-01_space-ncct_tmax.nii.gz,9301940,9a6ddd35
train/derivatives/sub-stroke0145/ses-01/sub-stroke0145_ses-01_space-ncct_cow-msk.nii.gz,57637,7d987974
train/derivatives/sub-stroke0145/ses-01/sub-stroke0145_ses-01_space-ncct_cta.nii.gz,11928316,a3bd6c21
train/derivatives/sub-stroke0145/ses-01/sub-stroke0145_ses-01_space-ncct_ctp.nii.gz,373468190,3451531f
train/derivatives/sub-stroke0145/ses-01/sub-stroke0145_ses-01_space-ncct_lvo-msk.nii.gz,56848,80f5cca5
train/derivatives/sub-stroke0145/ses-02/sub-stroke0145_ses-02_space-ncct_adc.nii.gz,11644472,9b593cee
train/derivatives/sub-stroke0145/ses-02/sub-stroke0145_ses-02_space-ncct_dwi.nii.gz,11425426,a5fedf69
train/derivatives/sub-stroke0145/ses-02/sub-stroke0145_ses-02_space-ncct_lesion-msk.nii.gz,454081,e681d82b
train/derivatives/sub-stroke0146/ses-01/perfusion-maps/sub-stroke0146_ses-01_space-ncct_cbf.nii.gz,16407556,2bc5c009
train/derivatives/sub-stroke0146/ses-01/perfusion-maps/sub-stroke0146_ses-01_space-ncct_cbv.nii.gz,13648667,fc7ae22d
train/derivatives/sub-stroke0146/ses-01/perfusion-maps/sub-stroke0146_ses-01_space-ncct_mtt.nii.gz,13383349,16850355
train/derivatives/sub-stroke0146/ses-01/perfusion-maps/sub-stroke0146_ses-01_space-ncct_tmax.nii.gz,12470022,2c5df6cf
train/derivatives/sub-stroke0146/ses-01/sub-stroke0146_ses-01_space-ncct_cow-msk.nii.gz,101761,9d9d6100
train/derivatives/sub-stroke0146/ses-01/sub-stroke0146_ses-01_space-ncct_cta.nii.gz,16572970,eb48ec52
train/derivatives/sub-stroke0146/ses-01/sub-stroke0146_ses-01_space-ncct_ctp.nii.gz,507083704,eb983ac0
train/derivatives/sub-stroke0146/ses-01/sub-stroke0146_ses-01_space-ncct_lvo-msk.nii.gz,99731,bec8842c
train/derivatives/sub-stroke0146/ses-02/sub-stroke0146_ses-02_space-ncct_adc.nii.gz,18667317,f81bf354
train/derivatives/sub-stroke0146/ses-02/sub-stroke0146_ses-02_space-ncct_dwi.nii.gz,18067340,4f71da0c
train/derivatives/sub-stroke0146/ses-02/sub-stroke0146_ses-02_space-ncct_lesion-msk.nii.gz,808739,14e20330
train/derivatives/sub-stroke0147/ses-01/perfusion-maps/sub-stroke0147_ses-01_space-ncct_cbf.nii.gz,11697410,0603dd44
train/derivatives/sub-stroke0147/ses-01/perfusion-maps/sub-stroke0147_ses-01_space-ncct_cbv.nii.gz,9577506,e357df84
train/derivatives/sub-stroke0147/ses-01/perfusion-maps/sub-stroke0147_ses-01_space-ncct_mtt.nii.gz,9384516,f2e408ea
train/derivatives/sub-stroke0147/ses-01/perfusion-maps/sub-stroke0147_ses-01_space-ncct_tmax.nii.gz,7416887,1678ad93
train/derivatives/sub-stroke0147/ses-01/sub-stroke0147_ses-01_space-ncct_cow-msk.nii.gz,66393,fc0b51f9
train/derivatives/sub-stroke0147/ses-01/sub-stroke0147_ses-01_space-ncct_cta.nii.gz,11383431,5eaa98c1
train/derivatives/sub-stroke0147/ses-01/sub-stroke0147_ses-01_space-ncct_ctp.nii.gz,363072475,4cb9c7f6
train/derivatives/sub-stroke0147/ses-01/sub-stroke0147_ses-01_space-ncct_lvo-msk.nii.gz,65178,86842657
train/derivatives/sub-stroke0147/ses-02/sub-stroke0147_ses-02_space-ncct_adc.nii.gz,11475531,f8711f6a
train/derivatives/sub-stroke0147/ses-02/sub-stroke0147_ses-02_space-ncct_dwi.nii.gz,11452775,e174a635
train/derivatives/sub-stroke0147/ses-02/sub-stroke0147_ses-02_space-ncct_lesion-msk.nii.gz,522594,1c108566
train/derivatives/sub-stroke0148/ses-01/perfusion-maps/sub-stroke0148_ses-01_space-ncct_cbf.nii.gz,11349778,45e11de6
train/derivatives/sub-stroke0148/ses-01/perfusion-maps/sub-stroke0148_ses-01_space-ncct_cbv.nii.gz,9380224,ec352f73
train/derivatives/sub-stroke0148/ses-01/perfusion-maps/sub-stroke0148_ses-01_space-ncct_mtt.nii.gz,9210813,f036190f
train/derivatives/sub-stroke0148/ses-01/perfusion-maps/sub-stroke0148_ses-01_space-ncct_tmax.nii.gz,8303581,d728f393
train/derivatives/sub-stroke0148/ses-01/sub-stroke0148_ses-01_space-ncct_cow-msk.nii.gz,78125,64e9befd
train/derivatives/sub-stroke0148/ses-01/sub-stroke0148_ses-01_space-ncct_cta.nii.gz,10811293,bc291515
train/derivatives/sub-stroke0148/ses-01/sub-stroke0148_ses-01_space-ncct_ctp.nii.gz,345032607,18190cb8
train/derivatives/sub-stroke0148/ses-01/sub-stroke0148_ses-01_space-ncct_lvo-msk.nii.gz,76671,9ffe9023
train/derivatives/sub-stroke0148/ses-02/sub-stroke0148_ses-02_space-ncct_adc.nii.gz,12889137,3354efa6
train/derivatives/sub-stroke0148/ses-02/sub-stroke0148_ses-02_space-ncct_dwi.nii.gz,12781115,d5fec44a
train/derivatives/sub-stroke0148/ses-02/sub-stroke0148_ses-02_space-ncct_lesion-msk.nii.gz,618712,a75a83a0
train/derivatives/sub-stroke0149/ses-01/perfusion-maps/sub-stroke0149_ses-01_space-ncct_cbf.nii.gz,12647802,b08471c7
train/derivatives/sub-stroke0149/ses-01/perfusion-maps/sub-stroke0149_ses-01_space-ncct_cbv.nii.gz,10035810,8304c0b8
train/derivatives/sub-stroke0149/ses-01/perfusion-maps/sub-stroke0149_ses-01_space-ncct_mtt.nii.gz,9867216,3aa56eb9
train/derivatives/sub-stroke0149/ses-01/perfusion-maps/sub-stroke0149_ses-01_space-ncct_tmax.nii.gz,8970718,75b14d1d
train/derivatives/sub-stroke0149/ses-01/sub-stroke0149_ses-01_space-ncct_cow-msk.nii.gz,100419,49d05877
train/derivatives/sub-stroke0149/ses-01/sub-stroke0149_ses-01_space-ncct_cta.nii.gz,13316255,581eb337
train/derivatives/sub-stroke0149/ses-01/sub-stroke0149_ses-01_space-ncct_ctp.nii.gz,400968649,c72d3fd1
train/derivatives/sub-stroke0149/ses-01/sub-stroke0149_ses-01_space-ncct_lvo-msk.nii.gz,98568,794feae0
train/derivatives/sub-stroke0149/ses-02/sub-stroke0149_ses-02_space-ncct_adc.nii.gz,15338154,15d4c5a3
train/derivatives/sub-stroke0149/ses-02/sub-stroke0149_ses-02_space-ncct_dwi.nii.gz,14685829,aa22fb62
train/derivatives/sub-stroke0149/ses-02/sub-stroke0149_ses-02_space-ncct_lesion-msk.nii.gz,804040,2ee4502c
train/derivatives/sub-stroke0150/ses-01/perfusion-maps/sub-stroke0150_ses-01_space-ncct_cbf.nii.gz,13860707,ba934f5e
train/derivatives/sub-stroke0150/ses-01/perfusion-maps/sub-stroke0150_ses-01_space-ncct_cbv.nii.gz,11429037,316863ee
train/derivatives/sub-stroke0150/ses-01/perfusion-maps/sub-stroke0150_ses-01_space-ncct_mtt.nii.gz,11185244,cf6ce4be
train/derivatives/sub-stroke0150/ses-01/perfusion-maps/sub-stroke0150_ses-01_space-ncct_tmax.nii.gz,10078797,a3e22068
train/derivatives/sub-stroke0150/ses-01/sub-stroke0150_ses-01_space-ncct_cow-msk.nii.gz,99320,738d705b
train/derivatives/sub-stroke0150/ses-01/sub-stroke0150_ses-01_space-ncct_cta.nii.gz,14785515,79572d72
train/derivatives/sub-stroke0150/ses-01/sub-stroke0150_ses-01_space-ncct_ctp.nii.gz,452753279,70b536d1
train/derivatives/sub-stroke0150/ses-01/sub-stroke0150_ses-01_space-ncct_lvo-msk.nii.gz,96315,76df6b5c
train/derivatives/sub-stroke0150/ses-02/sub-stroke0150_ses-02_space-ncct_adc.nii.gz,16445993,83f78b85
train/derivatives/sub-stroke0150/ses-02/sub-stroke0150_ses-02_space-ncct_dwi.nii.gz,15728104,44b4847e
train/derivatives/sub-stroke0150/ses-02/sub-stroke0150_ses-02_space-ncct_lesion-msk.nii.gz,778767,110e61aa
train/derivatives/sub-stroke0151/ses-01/perfusion-maps/sub-stroke0151_ses-01_space-ncct_cbf.nii.gz,13079250,6cc6e206
train/derivatives/sub-stroke0151/ses-01/perfusion-maps/sub-stroke0151_ses-01_space-ncct_cbv.nii.gz,11102198,66a5da8c
train/derivatives/sub-stroke0151/ses-01/perfusion-maps/sub-stroke0151_ses-01_space-ncct_mtt.nii.gz,10934800,79f9be71
train/derivatives/sub-stroke0151/ses-01/perfusion-maps/sub-stroke0151_ses-01_space-ncct_tmax.nii.gz,10106009,99ec2913
train/derivatives/sub-stroke0151/ses-01/sub-stroke0151_ses-01_space-ncct_cow-msk.nii.gz,62163,f32c0dc0
train/derivatives/sub-stroke0151/ses-01/sub-stroke0151_ses-01_space-ncct_cta.nii.gz,12484165,fced17cd
train/derivatives/sub-stroke0151/ses-01/sub-stroke0151_ses-01_space-ncct_ctp.nii.gz,403078236,c5ef202e
train/derivatives/sub-stroke0151/ses-01/sub-stroke0151_ses-01_space-ncct_lvo-msk.nii.gz,60636,80a20911
train/derivatives/sub-stroke0151/ses-02/sub-stroke0151_ses-02_space-ncct_adc.nii.gz,15071431,5253770e
train/derivatives/sub-stroke0151/ses-02/sub-stroke0151_ses-02_space-ncct_dwi.nii.gz,14946119,9261894a
train/derivatives/sub-stroke0151/ses-02/sub-stroke0151_ses-02_space-ncct_lesion-msk.nii.gz,484878,cf87fdcd
train/derivatives/sub-stroke0152/ses-01/perfusion-maps/sub-stroke0152_ses-01_space-ncct_cbf.nii.gz,13644341,41791d48
train/derivatives/sub-stroke0152/ses-01/perfusion-maps/sub-stroke0152_ses-01_space-ncct_cbv.nii.gz,11111472,207bbe7b
train/derivatives/sub-stroke0152/ses-01/perfusion-maps/sub-stroke0152_ses-01_space-ncct_mtt.nii.gz,10908986,0a8a1ef3
train/derivatives/sub-stroke0152/ses-01/perfusion-maps/sub-stroke0152_ses-01_space-ncct_tmax.nii.gz,9534465,586948f3
train/derivatives/sub-stroke0152/ses-01/sub-stroke0152_ses-01_space-ncct_cow-msk.nii.gz,94423,9329843a
train/derivatives/sub-stroke0152/ses-01/sub-stroke0152_ses-01_space-ncct_cta.nii.gz,15015178,6d958fb8
train/derivatives/sub-stroke0152/ses-01/sub-stroke0152_ses-01_space-ncct_ctp.nii.gz,507073445,fadb9cfa
train/derivatives/sub-stroke0152/ses-01/sub-stroke0152_ses-01_space-ncct_lvo-msk.nii.gz,91696,ef65176a
train/derivatives/sub-stroke0152/ses-02/sub-stroke0152_ses-02_space-ncct_adc.nii.gz,15987339,d9d10673
train/derivatives/sub-stroke0152/ses-02/sub-stroke0152_ses-02_space-ncct_dwi.nii.gz,15307099,1329cbae
train/derivatives/sub-stroke0152/ses-02/sub-stroke0152_ses-02_space-ncct_lesion-msk.nii.gz,751255,5922be10
train/derivatives/sub-stroke0153/ses-01/perfusion-maps/sub-stroke0153_ses-01_space-ncct_cbf.nii.gz,10854186,3b19d3ba
train/derivatives/sub-stroke0153/ses-01/perfusion-maps/sub-stroke0153_ses-01_space-ncct_cbv.nii.gz,9173311,ae115bcd
train/derivatives/sub-stroke0153/ses-01/perfusion-maps/sub-stroke0153_ses-01_space-ncct_mtt.nii.gz,9015850,a1542ab8
train/derivatives/sub-stroke0153/ses-01/perfusion-maps/sub-stroke0153_ses-01_space-ncct_tmax.nii.gz,8132936,40c0f767
train/derivatives/sub-stroke0153/ses-01/sub-stroke0153_ses-01_space-ncct_cow-msk.nii.gz,56246,7c3c7481
train/derivatives/sub-stroke0153/ses-01/sub-stroke0153_ses-01_space-ncct_cta.nii.gz,10771410,58b1dc0d
train/derivatives/sub-stroke0153/ses-01/sub-stroke0153_ses-01_space-ncct_ctp.nii.gz,338293322,5ee0500a
train/derivatives/sub-stroke0153/ses-01/sub-stroke0153_ses-01_space-ncct_lvo-msk.nii.gz,55271,9bf71539
train/derivatives/sub-stroke0153/ses-02/sub-stroke0153_ses-02_space-ncct_adc.nii.gz,11966303,80c4dee0
train/derivatives/sub-stroke0153/ses-02/sub-stroke0153_ses-02_space-ncct_dwi.nii.gz,11737473,1e260049
train/derivatives/sub-stroke0153/ses-02/sub-stroke0153_ses-02_space-ncct_lesion-msk.nii.gz,489167,cddb1464
train/derivatives/sub-stroke0154/ses-01/perfusion-maps/sub-stroke0154_ses-01_space-ncct_cbf.nii.gz,15872864,f86225b4
train/derivatives/sub-stroke0154/ses-01/perfusion-maps/sub-stroke0154_ses-01_space-ncct_cbv.nii.gz,12788254,3e22d72d
train/derivatives/sub-stroke0154/ses-01/perfusion-maps/sub-stroke0154_ses-01_space-ncct_mtt.nii.gz,12534486,e5cd921c
train/derivatives/sub-stroke0154/ses-01/perfusion-maps/sub-stroke0154_ses-01_space-ncct_tmax.nii.gz,11054825,efeec347
train/derivatives/sub-stroke0154/ses-01/sub-stroke0154_ses-01_space-ncct_cow-msk.nii.gz,98537,44c0f153
train/derivatives/sub-stroke0154/ses-01/sub-stroke0154_ses-01_space-ncct_cta.nii.gz,16094483,bb38424b
train/derivatives/sub-stroke0154/ses-01/sub-stroke0154_ses-01_space-ncct_ctp.nii.gz,509611960,b125c83d
train/derivatives/sub-stroke0154/ses-01/sub-stroke0154_ses-01_space-ncct_lvo-msk.nii.gz,96280,cf63e5b5
train/derivatives/sub-stroke0154/ses-02/sub-stroke0154_ses-02_space-ncct_adc.nii.gz,17687469,1fa260fe
train/derivatives/sub-stroke0154/ses-02/sub-stroke0154_ses-02_space-ncct_dwi.nii.gz,17083968,02cbb1fd
train/derivatives/sub-stroke0154/ses-02/sub-stroke0154_ses-02_space-ncct_lesion-msk.nii.gz,789098,cb2b4656
train/derivatives/sub-stroke0155/ses-01/perfusion-maps/sub-stroke0155_ses-01_space-ncct_cbf.nii.gz,11555894,e608c040
train/derivatives/sub-stroke0155/ses-01/perfusion-maps/sub-stroke0155_ses-01_space-ncct_cbv.nii.gz,9656153,4e40dcfa
train/derivatives/sub-stroke0155/ses-01/perfusion-maps/sub-stroke0155_ses-01_space-ncct_mtt.nii.gz,9401823,acb5e031
train/derivatives/sub-stroke0155/ses-01/perfusion-maps/sub-stroke0155_ses-01_space-ncct_tmax.nii.gz,8945663,05e3c9a9
train/derivatives/sub-stroke0155/ses-01/sub-stroke0155_ses-01_space-ncct_cow-msk.nii.gz,48534,3c70f6ec
train/derivatives/sub-stroke0155/ses-01/sub-stroke0155_ses-01_space-ncct_cta.nii.gz,10543475,4124a336
train/derivatives/sub-stroke0155/ses-01/sub-stroke0155_ses-01_space-ncct_ctp.nii.gz,365008628,6d61eea1
train/derivatives/sub-stroke0155/ses-01/sub-stroke0155_ses-01_space-ncct_lvo-msk.nii.gz,47327,b1234c4e
train/derivatives/sub-stroke0155/ses-02/sub-stroke0155_ses-02_space-ncct_adc.nii.gz,11661313,b7c0bf8e
train/derivatives/sub-stroke0155/ses-02/sub-stroke0155_ses-02_space-ncct_dwi.nii.gz,11586213,751a70b8
train/derivatives/sub-stroke0155/ses-02/sub-stroke0155_ses-02_space-ncct_lesion-msk.nii.gz,407529,ca43c2e6
train/derivatives/sub-stroke0156/ses-01/perfusion-maps/sub-stroke0156_ses-01_space-ncct_cbf.nii.gz,10781231,3fb5b5f9
train/derivatives/sub-stroke0156/ses-01/perfusion-maps/sub-stroke0156_ses-01_space-ncct_cbv.nii.gz,8780556,5f77ba64
train/derivatives/sub-stroke0156/ses-01/perfusion-maps/sub-stroke0156_ses-01_space-ncct_mtt.nii.gz,8586862,d40a9fcd
train/derivatives/sub-stroke0156/ses-01/perfusion-maps/sub-stroke0156_ses-01_space-ncct_tmax.nii.gz,7224137,5f62cf94
train/derivatives/sub-stroke0156/ses-01/sub-stroke0156_ses-01_space-ncct_cow-msk.nii.gz,59632,fd93cf81
train/derivatives/sub-stroke0156/ses-01/sub-stroke0156_ses-01_space-ncct_cta.nii.gz,10148001,0dd642cb
train/derivatives/sub-stroke0156/ses-01/sub-stroke0156_ses-01_space-ncct_ctp.nii.gz,340245492,c8a88e5c
train/derivatives/sub-stroke0156/ses-01/sub-stroke0156_ses-01_space-ncct_lvo-msk.nii.gz,58688,14b3c038
train/derivatives/sub-stroke0156/ses-02/sub-stroke0156_ses-02_space-ncct_adc.nii.gz,11316934,12b6698a
train/derivatives/sub-stroke0156/ses-02/sub-stroke0156_ses-02_space-ncct_dwi.nii.gz,11249485,4eeebc47
train/derivatives/sub-stroke0156/ses-02/sub-stroke0156_ses-02_space-ncct_lesion-msk.nii.gz,480096,b8f62e8c
train/derivatives/sub-stroke0157/ses-01/perfusion-maps/sub-stroke0157_ses-01_space-ncct_cbf.nii.gz,8318810,9b14341a
train/derivatives/sub-stroke0157/ses-01/perfusion-maps/sub-stroke0157_ses-01_space-ncct_cbv.nii.gz,6613458,04f75744
train/derivatives/sub-stroke0157/ses-01/perfusion-maps/sub-stroke0157_ses-01_space-ncct_mtt.nii.gz,6503080,2d361095
train/derivatives/sub-stroke0157/ses-01/perfusion-maps/sub-stroke0157_ses-01_space-ncct_tmax.nii.gz,5927634,541324a8
train/derivatives/sub-stroke0157/ses-01/sub-stroke0157_ses-01_space-ncct_cow-msk.nii.gz,45783,fa58e851
train/derivatives/sub-stroke0157/ses-01/sub-stroke0157_ses-01_space-ncct_cta.nii.gz,7857535,8bff28c6
train/derivatives/sub-stroke0157/ses-01/sub-stroke0157_ses-01_space-ncct_ctp.nii.gz,261874407,4ddd5b3d
train/derivatives/sub-stroke0157/ses-01/sub-stroke0157_ses-01_space-ncct_lvo-msk.nii.gz,45103,444d7b39
train/derivatives/sub-stroke0157/ses-02/sub-stroke0157_ses-02_space-ncct_adc.nii.gz,8628395,3e2f31f1
train/derivatives/sub-stroke0157/ses-02/sub-stroke0157_ses-02_space-ncct_dwi.nii.gz,8317115,e1defd23
train/derivatives/sub-stroke0157/ses-02/sub-stroke0157_ses-02_space-ncct_lesion-msk.nii.gz,369532,a5d9a1ef
train/derivatives/sub-stroke0158/ses-01/perfusion-maps/sub-stroke0158_ses-01_space-ncct_cbf.nii.gz,15130169,ad13b578
train/derivatives/sub-stroke0158/ses-01/perfusion-maps/sub-stroke0158_ses-01_space-ncct_cbv.nii.gz,12354926,144ea780
train/derivatives/sub-stroke0158/ses-01/perfusion-maps/sub-stroke0158_ses-01_space-ncct_mtt.nii.gz,12067182,69e2a26e
train/derivatives/sub-stroke0158/ses-01/perfusion-maps/sub-stroke0158_ses-01_space-ncct_tmax.nii.gz,10770442,dc99309b
train/derivatives/sub-stroke0158/ses-01/sub-stroke0158_ses-01_space-ncct_cow-msk.nii.gz,118425,409b436b
train/derivatives/sub-stroke0158/ses-01/sub-stroke0158_ses-01_space-ncct_cta.nii.gz,14866471,8bacc9f2
train/derivatives/sub-stroke0158/ses-01/sub-stroke0158_ses-01_space-ncct_ctp.nii.gz,475840848,9bcf1f05
train/derivatives/sub-stroke0158/ses-01/sub-stroke0158_ses-01_space-ncct_lvo-msk.nii.gz,115738,9502325e
train/derivatives/sub-stroke0158/ses-02/sub-stroke0158_ses-02_space-ncct_adc.nii.gz,15475273,fd3af1ff
train/derivatives/sub-stroke0158/ses-02/sub-stroke0158_ses-02_space-ncct_dwi.nii.gz,14872561,6e3e1fc4
train/derivatives/sub-stroke0158/ses-02/sub-stroke0158_ses-02_space-ncct_lesion-msk.nii.gz,988650,691206c5
train/derivatives/sub-stroke0159/ses-01/perfusion-maps/sub-stroke0159_ses-01_space-ncct_cbf.nii.gz,11354499,43ca9ac3
train/derivatives/sub-stroke0159/ses-01/perfusion-maps/sub-stroke0159_ses-01_space-ncct_cbv.nii.gz,9642032,d8cb3935
train/derivatives/sub-stroke0159/ses-01/perfusion-maps/sub-stroke0159_ses-01_space-ncct_mtt.nii.gz,9412131,a1864070
train/derivatives/sub-stroke0159/ses-01/perfusion-maps/sub-stroke0159_ses-01_space-ncct_tmax.nii.gz,8446375,96acfa53
train/derivatives/sub-stroke0159/ses-01/sub-stroke0159_ses-01_space-ncct_cow-msk.nii.gz,49832,28f8b4b1
train/derivatives/sub-stroke0159/ses-01/sub-stroke0159_ses-01_space-ncct_cta.nii.gz,10251895,eefa6210
train/derivatives/sub-stroke0159/ses-01/sub-stroke0159_ses-01_space-ncct_ctp.nii.gz,374796203,0fd81567
train/derivatives/sub-stroke0159/ses-01/sub-stroke0159_ses-01_space-ncct_lvo-msk.nii.gz,48945,9e2bfd55
train/derivatives/sub-stroke0159/ses-02/sub-stroke0159_ses-02_space-ncct_adc.nii.gz,12228927,0cdaeda4
train/derivatives/sub-stroke0159/ses-02/sub-stroke0159_ses-02_space-ncct_dwi.nii.gz,12177818,2bd067f6
train/derivatives/sub-stroke0159/ses-02/sub-stroke0159_ses-02_space-ncct_lesion-msk.nii.gz,390654,36c74f61
train/derivatives/sub-stroke0161/ses-01/perfusion-maps/sub-stroke0161_ses-01_space-ncct_cbf.nii.gz,12663694,e1853ef0
train/derivatives/sub-stroke0161/ses-01/perfusion-maps/sub-stroke0161_ses-01_space-ncct_cbv.nii.gz,10557862,76d5452b
train/derivatives/sub-stroke0161/ses-01/perfusion-maps/sub-stroke0161_ses-01_space-ncct_mtt.nii.gz,10349479,8ce45f6c
train/derivatives/sub-stroke0161/ses-01/perfusion-maps/sub-stroke0161_ses-01_space-ncct_tmax.nii.gz,9414391,44e985eb
train/derivatives/sub-stroke0161/ses-01/sub-stroke0161_ses-01_space-ncct_cow-msk.nii.gz,62013,0c26d2ab
train/derivatives/sub-stroke0161/ses-01/sub-stroke0161_ses-01_space-ncct_cta.nii.gz,11542123,cb64e5e0
train/derivatives/sub-stroke0161/ses-01/sub-stroke0161_ses-01_space-ncct_ctp.nii.gz,381696393,e8f09ac6
train/derivatives/sub-stroke0161/ses-01/sub-stroke0161_ses-01_space-ncct_lvo-msk.nii.gz,61094,e8756fda
train/derivatives/sub-stroke0161/ses-02/sub-stroke0161_ses-02_space-ncct_adc.nii.gz,14419126,1cbcc3aa
train/derivatives/sub-stroke0161/ses-02/sub-stroke0161_ses-02_space-ncct_dwi.nii.gz,14217896,dd6770da
train/derivatives/sub-stroke0161/ses-02/sub-stroke0161_ses-02_space-ncct_lesion-msk.nii.gz,504621,315175b8
train/derivatives/sub-stroke0162/ses-01/perfusion-maps/sub-stroke0162_ses-01_space-ncct_cbf.nii.gz,12124753,bc5d8d9f
train/derivatives/sub-stroke0162/ses-01/perfusion-maps/sub-stroke0162_ses-01_space-ncct_cbv.nii.gz,9972857,5fcd7f40
train/derivatives/sub-stroke0162/ses-01/perfusion-maps/sub-stroke0162_ses-01_space-ncct_mtt.nii.gz,9780117,6884a71b
train/derivatives/sub-stroke0162/ses-01/perfusion-maps/sub-stroke0162_ses-01_space-ncct_tmax.nii.gz,9269414,e3032798
train/derivatives/sub-stroke0162/ses-01/sub-stroke0162_ses-01_space-ncct_cow-msk.nii.gz,66359,46e4a4a2
train/derivatives/sub-stroke0162/ses-01/sub-stroke0162_ses-01_space-ncct_cta.nii.gz,12887237,7ae11b6d
train/derivatives/sub-stroke0162/ses-01/sub-stroke0162_ses-01_space-ncct_ctp.nii.gz,400990128,44d29b03
train/derivatives/sub-stroke0162/ses-01/sub-stroke0162_ses-01_space-ncct_lvo-msk.nii.gz,65193,b5c7b99f
train/derivatives/sub-stroke0162/ses-02/sub-stroke0162_ses-02_space-ncct_adc.nii.gz,13991195,41d52041
train/derivatives/sub-stroke0162/ses-02/sub-stroke0162_ses-02_space-ncct_dwi.nii.gz,13913737,ced95e0d
train/derivatives/sub-stroke0162/ses-02/sub-stroke0162_ses-02_space-ncct_lesion-msk.nii.gz,520022,7c2a84ba
train/derivatives/sub-stroke0163/ses-01/perfusion-maps/sub-stroke0163_ses-01_space-ncct_cbf.nii.gz,14085131,3bb29e62
train/derivatives/sub-stroke0163/ses-01/perfusion-maps/sub-stroke0163_ses-01_space-ncct_cbv.nii.gz,12166931,510d4a29
train/derivatives/sub-stroke0163/ses-01/perfusion-maps/sub-stroke0163_ses-01_space-ncct_mtt.nii.gz,11932041,4e966f62
train/derivatives/sub-stroke0163/ses-01/perfusion-maps/sub-stroke0163_ses-01_space-ncct_tmax.nii.gz,10009664,9fbafd40
train/derivatives/sub-stroke0163/ses-01/sub-stroke0163_ses-01_space-ncct_cow-msk.nii.gz,55074,5be2b24a
train/derivatives/sub-stroke0163/ses-01/sub-stroke0163_ses-01_space-ncct_cta.nii.gz,13583390,f5ed6f88
train/derivatives/sub-stroke0163/ses-01/sub-stroke0163_ses-01_space-ncct_ctp.nii.gz,450975469,48598a8f
train/derivatives/sub-stroke0163/ses-01/sub-stroke0163_ses-01_space-ncct_lvo-msk.nii.gz,53771,968e7718
train/derivatives/sub-stroke0163/ses-02/sub-stroke0163_ses-02_space-ncct_adc.nii.gz,14950276,3e9e9858
train/derivatives/sub-stroke0163/ses-02/sub-stroke0163_ses-02_space-ncct_dwi.nii.gz,14856879,e9ed16ee
train/derivatives/sub-stroke0163/ses-02/sub-stroke0163_ses-02_space-ncct_lesion-msk.nii.gz,438804,e90824ca
train/derivatives/sub-stroke0164/ses-01/perfusion-maps/sub-stroke0164_ses-01_space-ncct_cbf.nii.gz,12013221,6ff16757
train/derivatives/sub-stroke0164/ses-01/perfusion-maps/sub-stroke0164_ses-01_space-ncct_cbv.nii.gz,9854043,e9470ed0
train/derivatives/sub-stroke0164/ses-01/perfusion-maps/sub-stroke0164_ses-01_space-ncct_mtt.nii.gz,9664427,1378d753
train/derivatives/sub-stroke0164/ses-01/perfusion-maps/sub-stroke0164_ses-01_space-ncct_tmax.nii.gz,8821834,715fa665
train/derivatives/sub-stroke0164/ses-01/sub-stroke0164_ses-01_space-ncct_cow-msk.nii.gz,57593,a8a313db
train/derivatives/sub-stroke0164/ses-01/sub-stroke0164_ses-01_space-ncct_cta.nii.gz,11386783,c651079c
train/derivatives/sub-stroke0164/ses-01/sub-stroke0164_ses-01_space-ncct_ctp.nii.gz,364165536,82d5c28d
train/derivatives/sub-stroke0164/ses-01/sub-stroke0164_ses-01_space-ncct_lvo-msk.nii.gz,56626,7de0a685
train/derivatives/sub-stroke0164/ses-02/sub-stroke0164_ses-02_space-ncct_adc.nii.gz,12162266,a353d141
train/derivatives/sub-stroke0164/ses-02/sub-stroke0164_ses-02_space-ncct_dwi.nii.gz,12001240,b82fee66
train/derivatives/sub-stroke0164/ses-02/sub-stroke0164_ses-02_space-ncct_lesion-msk.nii.gz,478334,020a346f
train/derivatives/sub-stroke0165/ses-01/perfusion-maps/sub-stroke0165_ses-01_space-ncct_cbf.nii.gz,11333620,4e5a323b
train/derivatives/sub-stroke0165/ses-01/perfusion-maps/sub-stroke0165_ses-01_space-ncct_cbv.nii.gz,9389700,0576f71d
train/derivatives/sub-stroke0165/ses-01/perfusion-maps/sub-stroke0165_ses-01_space-ncct_mtt.nii.gz,9203388,99aa0527
train/derivatives/sub-stroke0165/ses-01/perfusion-maps/sub-stroke0165_ses-01_space-ncct_tmax.nii.gz,8240174,1d092c82
train/derivatives/sub-stroke0165/ses-01/sub-stroke0165_ses-01_space-ncct_cow-msk.nii.gz,48511,1b6b0d23
train/derivatives/sub-stroke0165/ses-01/sub-stroke0165_ses-01_space-ncct_cta.nii.gz,10458382,b5fafbec
train/derivatives/sub-stroke0165/ses-01/sub-stroke0165_ses-01_space-ncct_ctp.nii.gz,355111321,3b89520c
train/derivatives/sub-stroke0165/ses-01/sub-stroke0165_ses-01_space-ncct_lvo-msk.nii.gz,47734,be728927
train/derivatives/sub-stroke0165/ses-02/sub-stroke0165_ses-02_space-ncct_adc.nii.gz,12459629,33ec07dd
train/derivatives/sub-stroke0165/ses-02/sub-stroke0165_ses-02_space-ncct_dwi.nii.gz,12277672,60b19638
train/derivatives/sub-stroke0165/ses-02/sub-stroke0165_ses-02_space-ncct_lesion-msk.nii.gz,388745,46dd774f
train/derivatives/sub-stroke0166/ses-01/perfusion-maps/sub-stroke0166_ses-01_space-ncct_cbf.nii.gz,12318727,bbd6f778
train/derivatives/sub-stroke0166/ses-01/perfusion-maps/sub-stroke0166_ses-01_space-ncct_cbv.nii.gz,10303802,5d216ca3
train/derivatives/sub-stroke0166/ses-01/perfusion-maps/sub-stroke0166_ses-01_space-ncct_mtt.nii.gz,10073212,bb8475e0
train/derivatives/sub-stroke0166/ses-01/perfusion-maps/sub-stroke0166_ses-01_space-ncct_tmax.nii.gz,8660550,da4ca405
train/derivatives/sub-stroke0166/ses-01/sub-stroke0166_ses-01_space-ncct_cow-msk.nii.gz,55529,b8ac2205
train/derivatives/sub-stroke0166/ses-01/sub-stroke0166_ses-01_space-ncct_cta.nii.gz,11464418,5e9c8910
train/derivatives/sub-stroke0166/ses-01/sub-stroke0166_ses-01_space-ncct_ctp.nii.gz,394097821,1f8c032c
train/derivatives/sub-stroke0166/ses-01/sub-stroke0166_ses-01_space-ncct_lvo-msk.nii.gz,54696,3c429c77
train/derivatives/sub-stroke0166/ses-02/sub-stroke0166_ses-02_space-ncct_adc.nii.gz,13074868,ef9d8a4e
train/derivatives/sub-stroke0166/ses-02/sub-stroke0166_ses-02_space-ncct_dwi.nii.gz,12923895,14055f94
train/derivatives/sub-stroke0166/ses-02/sub-stroke0166_ses-02_space-ncct_lesion-msk.nii.gz,446851,b73689b5
train/derivatives/sub-stroke0167/ses-01/perfusion-maps/sub-stroke0167_ses-01_space-ncct_cbf.nii.gz,13740712,53e0457f
train/derivatives/sub-stroke0167/ses-01/perfusion-maps/sub-stroke0167_ses-01_space-ncct_cbv.nii.gz,12033281,660817b3
train/derivatives/sub-stroke0167/ses-01/perfusion-maps/sub-stroke0167_ses-01_space-ncct_mtt.nii.gz,11727209,969bad64
train/derivatives/sub-stroke0167/ses-01/perfusion-maps/sub-stroke0167_ses-01_space-ncct_tmax.nii.gz,9679599,1d571fd5
train/derivatives/sub-stroke0167/ses-01/sub-stroke0167_ses-01_space-ncct_cow-msk.nii.gz,59560,f98cf90d
train/derivatives/sub-stroke0167/ses-01/sub-stroke0167_ses-01_space-ncct_cta.nii.gz,14401253,8fff87f6
train/derivatives/sub-stroke0167/ses-01/sub-stroke0167_ses-01_space-ncct_ctp.nii.gz,435078624,734fece3
train/derivatives/sub-stroke0167/ses-01/sub-stroke0167_ses-01_space-ncct_lvo-msk.nii.gz,58349,31e5fed3
train/derivatives/sub-stroke0167/ses-02/sub-stroke0167_ses-02_space-ncct_adc.nii.gz,17225741,dccda461
train/derivatives/sub-stroke0167/ses-02/sub-stroke0167_ses-02_space-ncct_dwi.nii.gz,17119914,22ad5b71
train/derivatives/sub-stroke0167/ses-02/sub-stroke0167_ses-02_space-ncct_lesion-msk.nii.gz,496157,9d6a657c
train/derivatives/sub-stroke0168/ses-01/perfusion-maps/sub-stroke0168_ses-01_space-ncct_cbf.nii.gz,11121042,2c0daf74
train/derivatives/sub-stroke0168/ses-01/perfusion-maps/sub-stroke0168_ses-01_space-ncct_cbv.nii.gz,9302422,5257aa56
train/derivatives/sub-stroke0168/ses-01/perfusion-maps/sub-stroke0168_ses-01_space-ncct_mtt.nii.gz,9109873,2a51feff
train/derivatives/sub-stroke0168/ses-01/perfusion-maps/sub-stroke0168_ses-01_space-ncct_tmax.nii.gz,8301884,1b7ee910
train/derivatives/sub-stroke0168/ses-01/sub-stroke0168_ses-01_space-ncct_cow-msk.nii.gz,67575,477e7bf7
train/derivatives/sub-stroke0168/ses-01/sub-stroke0168_ses-01_space-ncct_cta.nii.gz,11298571,3fb741cb
train/derivatives/sub-stroke0168/ses-01/sub-stroke0168_ses-01_space-ncct_ctp.nii.gz,359687474,870c3b5c
train/derivatives/sub-stroke0168/ses-01/sub-stroke0168_ses-01_space-ncct_lvo-msk.nii.gz,66632,1173c6a1
train/derivatives/sub-stroke0168/ses-02/sub-stroke0168_ses-02_space-ncct_adc.nii.gz,12017048,5fd29b07
train/derivatives/sub-stroke0168/ses-02/sub-stroke0168_ses-02_space-ncct_dwi.nii.gz,11894316,a8070968
train/derivatives/sub-stroke0168/ses-02/sub-stroke0168_ses-02_space-ncct_lesion-msk.nii.gz,549859,3d3d1b8c
train/derivatives/sub-stroke0169/ses-01/perfusion-maps/sub-stroke0169_ses-01_space-ncct_cbf.nii.gz,12168084,35e3a17e
train/derivatives/sub-stroke0169/ses-01/perfusion-maps/sub-stroke0169_ses-01_space-ncct_cbv.nii.gz,10085839,4f699028
train/derivatives/sub-stroke0169/ses-01/perfusion-maps/sub-stroke0169_ses-01_space-ncct_mtt.nii.gz,9871778,4ead2edf
train/derivatives/sub-stroke0169/ses-01/perfusion-maps/sub-stroke0169_ses-01_space-ncct_tmax.nii.gz,9025355,afa262ef
train/derivatives/sub-stroke0169/ses-01/sub-stroke0169_ses-01_space-ncct_cow-msk.nii.gz,63001,2dd2b0bd
train/derivatives/sub-stroke0169/ses-01/sub-stroke0169_ses-01_space-ncct_cta.nii.gz,10980251,1f1e62aa
train/derivatives/sub-stroke0169/ses-01/sub-stroke0169_ses-01_space-ncct_ctp.nii.gz,368476943,aa0b0943
train/derivatives/sub-stroke0169/ses-01/sub-stroke0169_ses-01_space-ncct_lvo-msk.nii.gz,62148,64b3b4dd
train/derivatives/sub-stroke0169/ses-02/sub-stroke0169_ses-02_space-ncct_adc.nii.gz,12247497,2fbd3bf8
train/derivatives/sub-stroke0169/ses-02/sub-stroke0169_ses-02_space-ncct_dwi.nii.gz,12217009,016afba8
train/derivatives/sub-stroke0169/ses-02/sub-stroke0169_ses-02_space-ncct_lesion-msk.nii.gz,504885,476a3de7
train/derivatives/sub-stroke0170/ses-01/perfusion-maps/sub-stroke0170_ses-01_space-ncct_cbf.nii.gz,16988134,48679917
train/derivatives/sub-stroke0170/ses-01/perfusion-maps/sub-stroke0170_ses-01_space-ncct_cbv.nii.gz,14802686,c5bc9476
train/derivatives/sub-stroke0170/ses-01/perfusion-maps/sub-stroke0170_ses-01_space-ncct_mtt.nii.gz,14562048,c170de6a
train/derivatives/sub-stroke0170/ses-01/perfusion-maps/sub-stroke0170_ses-01_space-ncct_tmax.nii.gz,12493366,9769eeba
train/derivatives/sub-stroke0170/ses-01/sub-stroke0170_ses-01_space-ncct_cow-msk.nii.gz,100473,45272902
train/derivatives/sub-stroke0170/ses-01/sub-stroke0170_ses-01_space-ncct_cta.nii.gz,16626898,1c6df16e
train/derivatives/sub-stroke0170/ses-01/sub-stroke0170_ses-01_space-ncct_ctp.nii.gz,543466109,d0721855
train/derivatives/sub-stroke0170/ses-01/sub-stroke0170_ses-01_space-ncct_lvo-msk.nii.gz,97440,29ec04d2
train/derivatives/sub-stroke0170/ses-02/sub-stroke0170_ses-02_space-ncct_adc.nii.gz,17460110,688f7fd7
train/derivatives/sub-stroke0170/ses-02/sub-stroke0170_ses-02_space-ncct_dwi.nii.gz,17240638,07b8824f
train/derivatives/sub-stroke0170/ses-02/sub-stroke0170_ses-02_space-ncct_lesion-msk.nii.gz,789013,9b50dd09
train/derivatives/sub-stroke0171/ses-01/perfusion-maps/sub-stroke0171_ses-01_space-ncct_cbf.nii.gz,13877568,0bee92ab
train/derivatives/sub-stroke0171/ses-01/perfusion-maps/sub-stroke0171_ses-01_space-ncct_cbv.nii.gz,11050510,fcf08997
train/derivatives/sub-stroke0171/ses-01/perfusion-maps/sub-stroke0171_ses-01_space-ncct_mtt.nii.gz,10820378,4486a96b
train/derivatives/sub-stroke0171/ses-01/perfusion-maps/sub-stroke0171_ses-01_space-ncct_tmax.nii.gz,10441826,b935170f
train/derivatives/sub-stroke0171/ses-01/sub-stroke0171_ses-01_space-ncct_cow-msk.nii.gz,96956,2f2423df
train/derivatives/sub-stroke0171/ses-01/sub-stroke0171_ses-01_space-ncct_cta.nii.gz,14822713,ac3b592d
train/derivatives/sub-stroke0171/ses-01/sub-stroke0171_ses-01_space-ncct_ctp.nii.gz,437082893,73980c28
train/derivatives/sub-stroke0171/ses-01/sub-stroke0171_ses-01_space-ncct_lvo-msk.nii.gz,95154,013bc0ad
train/derivatives/sub-stroke0171/ses-02/sub-stroke0171_ses-02_space-ncct_adc.nii.gz,14984165,0a93ea32
train/derivatives/sub-stroke0171/ses-02/sub-stroke0171_ses-02_space-ncct_dwi.nii.gz,14336045,8be6bb6f
train/derivatives/sub-stroke0171/ses-02/sub-stroke0171_ses-02_space-ncct_lesion-msk.nii.gz,759744,d46b34de
train/derivatives/sub-stroke0172/ses-01/perfusion-maps/sub-stroke0172_ses-01_space-ncct_cbf.nii.gz,12388313,89e38327
train/derivatives/sub-stroke0172/ses-01/perfusion-maps/sub-stroke0172_ses-01_space-ncct_cbv.nii.gz,10000461,8d73d491
train/derivatives/sub-stroke0172/ses-01/perfusion-maps/sub-stroke0172_ses-01_space-ncct_mtt.nii.gz,9761907,e9498e5d
train/derivatives/sub-stroke0172/ses-01/perfusion-maps/sub-stroke0172_ses-01_space-ncct_tmax.nii.gz,7982064,efbb8ff6
train/derivatives/sub-stroke0172/ses-01/sub-stroke0172_ses-01_space-ncct_cow-msk.nii.gz,63792,eca999db
train/derivatives/sub-stroke0172/ses-01/sub-stroke0172_ses-01_space-ncct_cta.nii.gz,11025943,6bc50349
train/derivatives/sub-stroke0172/ses-01/sub-stroke0172_ses-01_space-ncct_ctp.nii.gz,374172394,60ff8e9f
train/derivatives/sub-stroke0172/ses-01/sub-stroke0172_ses-01_space-ncct_lvo-msk.nii.gz,62900,46310580
train/derivatives/sub-stroke0172/ses-02/sub-stroke0172_ses-02_space-ncct_adc.nii.gz,11860133,aa0ef335
train/derivatives/sub-stroke0172/ses-02/sub-stroke0172_ses-02_space-ncct_dwi.nii.gz,11750401,fdff8b05
train/derivatives/sub-stroke0172/ses-02/sub-stroke0172_ses-02_space-ncct_lesion-msk.nii.gz,504270,b1cbdd20
train/derivatives/sub-stroke0173/ses-01/perfusion-maps/sub-stroke0173_ses-01_space-ncct_cbf.nii.gz,10396611,0a78e55b
train/derivatives/sub-stroke0173/ses-01/perfusion-maps/sub-stroke0173_ses-01_space-ncct_cbv.nii.gz,8579493,75c7a1a4
train/derivatives/sub-stroke0173/ses-01/perfusion-maps/sub-stroke0173_ses-01_space-ncct_mtt.nii.gz,8398394,56b61dba
train/derivatives/sub-stroke0173/ses-01/perfusion-maps/sub-stroke0173_ses-01_space-ncct_tmax.nii.gz,7608435,f645f20e
train/derivatives/sub-stroke0173/ses-01/sub-stroke0173_ses-01_space-ncct_cow-msk.nii.gz,50272,a7d6a7f2
train/derivatives/sub-stroke0173/ses-01/sub-stroke0173_ses-01_space-ncct_cta.nii.gz,10490807,0a86be4a
train/derivatives/sub-stroke0173/ses-01/sub-stroke0173_ses-01_space-ncct_ctp.nii.gz,397753139,ae126bbe
train/derivatives/sub-stroke0173/ses-01/sub-stroke0173_ses-01_space-ncct_lvo-msk.nii.gz,49300,78e8674d
train/derivatives/sub-stroke0173/ses-02/sub-stroke0173_ses-02_space-ncct_adc.nii.gz,12263517,e53ca9a2
train/derivatives/sub-stroke0173/ses-02/sub-stroke0173_ses-02_space-ncct_dwi.nii.gz,12084942,172eb4e5
train/derivatives/sub-stroke0173/ses-02/sub-stroke0173_ses-02_space-ncct_lesion-msk.nii.gz,395126,04f924d6
train/derivatives/sub-stroke0174/ses-01/perfusion-maps/sub-stroke0174_ses-01_space-ncct_cbf.nii.gz,13014374,5cc92577
train/derivatives/sub-stroke0174/ses-01/perfusion-maps/sub-stroke0174_ses-01_space-ncct_cbv.nii.gz,10758506,04758939
train/derivatives/sub-stroke0174/ses-01/perfusion-maps/sub-stroke0174_ses-01_space-ncct_mtt.nii.gz,10547167,643eee0d
train/derivatives/sub-stroke0174/ses-01/perfusion-maps/sub-stroke0174_ses-01_space-ncct_tmax.nii.gz,9032568,e0da4eb8
train/derivatives/sub-stroke0174/ses-01/sub-stroke0174_ses-01_space-ncct_cow-msk.nii.gz,57803,3be8a4d1
train/derivatives/sub-stroke0174/ses-01/sub-stroke0174_ses-01_space-ncct_cta.nii.gz,11462286,b4ca8246
train/derivatives/sub-stroke0174/ses-01/sub-stroke0174_ses-01_space-ncct_ctp.nii.gz,400390958,120f55a4
train/derivatives/sub-stroke0174/ses-01/sub-stroke0174_ses-01_space-ncct_lvo-msk.nii.gz,56612,3ace21f4
train/derivatives/sub-stroke0174/ses-02/sub-stroke0174_ses-02_space-ncct_adc.nii.gz,14059950,39cd675c
train/derivatives/sub-stroke0174/ses-02/sub-stroke0174_ses-02_space-ncct_dwi.nii.gz,13960359,514e8f5a
train/derivatives/sub-stroke0174/ses-02/sub-stroke0174_ses-02_space-ncct_lesion-msk.nii.gz,463640,f5194a9b
train/derivatives/sub-stroke0175/ses-01/perfusion-maps/sub-stroke0175_ses-01_space-ncct_cbf.nii.gz,12560541,a192870a
train/derivatives/sub-stroke0175/ses-01/perfusion-maps/sub-stroke0175_ses-01_space-ncct_cbv.nii.gz,10959673,58b5d381
train/derivatives/sub-stroke0175/ses-01/perfusion-maps/sub-stroke0175_ses-01_space-ncct_mtt.nii.gz,10784854,0fda5a90
train/derivatives/sub-stroke0175/ses-01/perfusion-maps/sub-stroke0175_ses-01_space-ncct_tmax.nii.gz,8882086,e9ab354c
train/derivatives/sub-stroke0175/ses-01/sub-stroke0175_ses-01_space-ncct_cow-msk.nii.gz,56470,3b21569f
train/derivatives/sub-stroke0175/ses-01/sub-stroke0175_ses-01_space-ncct_cta.nii.gz,14401495,bc54ab0b
train/derivatives/sub-stroke0175/ses-01/sub-stroke0175_ses-01_space-ncct_ctp.nii.gz,413936884,ceddb20c
train/derivatives/sub-stroke0175/ses-01/sub-stroke0175_ses-01_space-ncct_lvo-msk.nii.gz,55383,013b63c6
train/derivatives/sub-stroke0175/ses-02/sub-stroke0175_ses-02_space-ncct_adc.nii.gz,14606455,e575764a
train/derivatives/sub-stroke0175/ses-02/sub-stroke0175_ses-02_space-ncct_dwi.nii.gz,14511964,c79703d6
train/derivatives/sub-stroke0175/ses-02/sub-stroke0175_ses-02_space-ncct_lesion-msk.nii.gz,446516,f1591d5a
train/derivatives/sub-stroke0176/ses-01/perfusion-maps/sub-stroke0176_ses-01_space-ncct_cbf.nii.gz,12940714,9c4586c5
train/derivatives/sub-stroke0176/ses-01/perfusion-maps/sub-stroke0176_ses-01_space-ncct_cbv.nii.gz,11168109,c603d5dc
train/derivatives/sub-stroke0176/ses-01/perfusion-maps/sub-stroke0176_ses-01_space-ncct_mtt.nii.gz,10957958,9e231ac9
train/derivatives/sub-stroke0176/ses-01/perfusion-maps/sub-stroke0176_ses-01_space-ncct_tmax.nii.gz,9888419,5728c1b8
train/derivatives/sub-stroke0176/ses-01/sub-stroke0176_ses-01_space-ncct_cow-msk.nii.gz,59585,c2fcc8e5
train/derivatives/sub-stroke0176/ses-01/sub-stroke0176_ses-01_space-ncct_cta.nii.gz,12436538,4b386d1a
train/derivatives/sub-stroke0176/ses-01/sub-stroke0176_ses-01_space-ncct_ctp.nii.gz,378621958,ea5b3833
train/derivatives/sub-stroke0176/ses-01/sub-stroke0176_ses-01_space-ncct_lvo-msk.nii.gz,58421,4f6b0b4e
train/derivatives/sub-stroke0176/ses-02/sub-stroke0176_ses-02_space-ncct_adc.nii.gz,14291676,0e98b5ca
train/derivatives/sub-stroke0176/ses-02/sub-stroke0176_ses-02_space-ncct_dwi.nii.gz,14190630,8258c61e
train/derivatives/sub-stroke0176/ses-02/sub-stroke0176_ses-02_space-ncct_lesion-msk.nii.gz,471537,859f8dae
train/derivatives/sub-stroke0177/ses-01/perfusion-maps/sub-stroke0177_ses-01_space-ncct_cbf.nii.gz,12067896,af88ae7b
train/derivatives/sub-stroke0177/ses-01/perfusion-maps/sub-stroke0177_ses-01_space-ncct_cbv.nii.gz,9810698,86cc0c1b
train/derivatives/sub-stroke0177/ses-01/perfusion-maps/sub-stroke0177_ses-01_space-ncct_mtt.nii.gz,9660164,20eaa56c
train/derivatives/sub-stroke0177/ses-01/perfusion-maps/sub-stroke0177_ses-01_space-ncct_tmax.nii.gz,8648432,7fef8185
train/derivatives/sub-stroke0177/ses-01/sub-stroke0177_ses-01_space-ncct_cow-msk.nii.gz,66268,122eb6cb
train/derivatives/sub-stroke0177/ses-01/sub-stroke0177_ses-01_space-ncct_cta.nii.gz,11732325,cc01ef86
train/derivatives/sub-stroke0177/ses-01/sub-stroke0177_ses-01_space-ncct_ctp.nii.gz,370296925,34030e7b
train/derivatives/sub-stroke0177/ses-01/sub-stroke0177_ses-01_space-ncct_lvo-msk.nii.gz,65377,6b2d1b42
train/derivatives/sub-stroke0177/ses-02/sub-stroke0177_ses-02_space-ncct_adc.nii.gz,13319660,9004a54f
train/derivatives/sub-stroke0177/ses-02/sub-stroke0177_ses-02_space-ncct_dwi.nii.gz,13274547,079cac59
train/derivatives/sub-stroke0177/ses-02/sub-stroke0177_ses-02_space-ncct_lesion-msk.nii.gz,545409,35456474
train/derivatives/sub-stroke0178/ses-01/perfusion-maps/sub-stroke0178_ses-01_space-ncct_cbf.nii.gz,11935131,2114524c
train/derivatives/sub-stroke0178/ses-01/perfusion-maps/sub-stroke0178_ses-01_space-ncct_cbv.nii.gz,10051824,ba6624c9
train/derivatives/sub-stroke0178/ses-01/perfusion-maps/sub-stroke0178_ses-01_space-ncct_mtt.nii.gz,9841959,5c774729
train/derivatives/sub-stroke0178/ses-01/perfusion-maps/sub-stroke0178_ses-01_space-ncct_tmax.nii.gz,7889472,5b8f57b1
train/derivatives/sub-stroke0178/ses-01/sub-stroke0178_ses-01_space-ncct_cow-msk.nii.gz,51241,d9c4e892
train/derivatives/sub-stroke0178/ses-01/sub-stroke0178_ses-01_space-ncct_cta.nii.gz,10970847,fe3fa3b3
train/derivatives/sub-stroke0178/ses-01/sub-stroke0178_ses-01_space-ncct_ctp.nii.gz,377780452,411a435c
train/derivatives/sub-stroke0178/ses-01/sub-stroke0178_ses-01_space-ncct_lvo-msk.nii.gz,50049,32a608b2
train/derivatives/sub-stroke0178/ses-02/sub-stroke0178_ses-02_space-ncct_adc.nii.gz,12376073,ba25cc4f
train/derivatives/sub-stroke0178/ses-02/sub-stroke0178_ses-02_space-ncct_dwi.nii.gz,12280565,06768b9e
train/derivatives/sub-stroke0178/ses-02/sub-stroke0178_ses-02_space-ncct_lesion-msk.nii.gz,414470,085a4690
train/derivatives/sub-stroke0179/ses-01/perfusion-maps/sub-stroke0179_ses-01_space-ncct_cbf.nii.gz,14480259,70115767
train/derivatives/sub-stroke0179/ses-01/perfusion-maps/sub-stroke0179_ses-01_space-ncct_cbv.nii.gz,12492960,fde96907
train/derivatives/sub-stroke0179/ses-01/perfusion-maps/sub-stroke0179_ses-01_space-ncct_mtt.nii.gz,12211100,192242c0
train/derivatives/sub-stroke0179/ses-01/perfusion-maps/sub-stroke0179_ses-01_space-ncct_tmax.nii.gz,10592873,af64fd1b
train/derivatives/sub-stroke0179/ses-01/sub-stroke0179_ses-01_space-ncct_cow-msk.nii.gz,62158,b7207981
train/derivatives/sub-stroke0179/ses-01/sub-stroke0179_ses-01_space-ncct_cta.nii.gz,13084722,e34ba8c0
train/derivatives/sub-stroke0179/ses-01/sub-stroke0179_ses-01_space-ncct_ctp.nii.gz,432956015,c45cab8f
train/derivatives/sub-stroke0179/ses-01/sub-stroke0179_ses-01_space-ncct_lvo-msk.nii.gz,61254,3ce9bbba
train/derivatives/sub-stroke0179/ses-02/sub-stroke0179_ses-02_space-ncct_adc.nii.gz,14579615,388c7397
train/derivatives/sub-stroke0179/ses-02/sub-stroke0179_ses-02_space-ncct_dwi.nii.gz,14568626,b39e3bb7
train/derivatives/sub-stroke0179/ses-02/sub-stroke0179_ses-02_space-ncct_lesion-msk.nii.gz,491093,6cbb1378
train/derivatives/sub-stroke0180/ses-01/perfusion-maps/sub-stroke0180_ses-01_space-ncct_cbf.nii.gz,13337367,7b5818b1
train/derivatives/sub-stroke0180/ses-01/perfusion-maps/sub-stroke0180_ses-01_space-ncct_cbv.nii.gz,11354729,c6b169a5
train/derivatives/sub-stroke0180/ses-01/perfusion-maps/sub-stroke0180_ses-01_space-ncct_mtt.nii.gz,11065933,4a8ee7f6
train/derivatives/sub-stroke0180/ses-01/perfusion-maps/sub-stroke0180_ses-01_space-ncct_tmax.nii.gz,9352391,8c51ce28
train/derivatives/sub-stroke0180/ses-01/sub-stroke0180_ses-01_space-ncct_cow-msk.nii.gz,50133,e6c4ac0c
train/derivatives/sub-stroke0180/ses-01/sub-stroke0180_ses-01_space-ncct_cta.nii.gz,11007999,3ea881c6
train/derivatives/sub-stroke0180/ses-01/sub-stroke0180_ses-01_space-ncct_ctp.nii.gz,399457119,dbd6a44b
train/derivatives/sub-stroke0180/ses-01/sub-stroke0180_ses-01_space-ncct_lvo-msk.nii.gz,49002,54dcb0c0
train/derivatives/sub-stroke0180/ses-02/sub-stroke0180_ses-02_space-ncct_adc.nii.gz,13492961,1b0fc787
train/derivatives/sub-stroke0180/ses-02/sub-stroke0180_ses-02_space-ncct_dwi.nii.gz,13365376,c61f94d6
train/derivatives/sub-stroke0180/ses-02/sub-stroke0180_ses-02_space-ncct_lesion-msk.nii.gz,394125,b2bd5716
train/derivatives/sub-stroke0181/ses-01/perfusion-maps/sub-stroke0181_ses-01_space-ncct_cbf.nii.gz,14564103,91caea70
train/derivatives/sub-stroke0181/ses-01/perfusion-maps/sub-stroke0181_ses-01_space-ncct_cbv.nii.gz,12676666,8d4255a9
train/derivatives/sub-stroke0181/ses-01/perfusion-maps/sub-stroke0181_ses-01_space-ncct_mtt.nii.gz,12402264,0b4283fc
train/derivatives/sub-stroke0181/ses-01/perfusion-maps/sub-stroke0181_ses-01_space-ncct_tmax.nii.gz,11163153,0a30ce82
train/derivatives/sub-stroke0181/ses-01/sub-stroke0181_ses-01_space-ncct_cow-msk.nii.gz,61143,721e9193
train/derivatives/sub-stroke0181/ses-01/sub-stroke0181_ses-01_space-ncct_cta.nii.gz,13743605,34ad6da7
train/derivatives/sub-stroke0181/ses-01/sub-stroke0181_ses-01_space-ncct_ctp.nii.gz,429964156,726ba150
train/derivatives/sub-stroke0181/ses-01/sub-stroke0181_ses-01_space-ncct_lvo-msk.nii.gz,60381,73d02876
train/derivatives/sub-stroke0181/ses-02/sub-stroke0181_ses-02_space-ncct_adc.nii.gz,16418242,5f166352
train/derivatives/sub-stroke0181/ses-02/sub-stroke0181_ses-02_space-ncct_dwi.nii.gz,16306515,c66cbe82
train/derivatives/sub-stroke0181/ses-02/sub-stroke0181_ses-02_space-ncct_lesion-msk.nii.gz,515264,05388705
train/derivatives/sub-stroke0182/ses-01/perfusion-maps/sub-stroke0182_ses-01_space-ncct_cbf.nii.gz,12847771,e1dc9d2b
train/derivatives/sub-stroke0182/ses-01/perfusion-maps/sub-stroke0182_ses-01_space-ncct_cbv.nii.gz,10837266,39c98bdc
train/derivatives/sub-stroke0182/ses-01/perfusion-maps/sub-stroke0182_ses-01_space-ncct_mtt.nii.gz,10601416,0aeda73c
train/derivatives/sub-stroke0182/ses-01/perfusion-maps/sub-stroke0182_ses-01_space-ncct_tmax.nii.gz,9384696,bd1fe44f
train/derivatives/sub-stroke0182/ses-01/sub-stroke0182_ses-01_space-ncct_cow-msk.nii.gz,62580,1f723dd1
train/derivatives/sub-stroke0182/ses-01/sub-stroke0182_ses-01_space-ncct_cta.nii.gz,13012863,f76891bf
train/derivatives/sub-stroke0182/ses-01/sub-stroke0182_ses-01_space-ncct_ctp.nii.gz,398189263,18d930ed
train/derivatives/sub-stroke0182/ses-01/sub-stroke0182_ses-01_space-ncct_lvo-msk.nii.gz,61337,5ec6a0bb
train/derivatives/sub-stroke0182/ses-02/sub-stroke0182_ses-02_space-ncct_adc.nii.gz,14806565,20272915
train/derivatives/sub-stroke0182/ses-02/sub-stroke0182_ses-02_space-ncct_dwi.nii.gz,14655744,1cb0a7ec
train/derivatives/sub-stroke0182/ses-02/sub-stroke0182_ses-02_space-ncct_lesion-msk.nii.gz,491656,fd85d50b
train/derivatives/sub-stroke0183/ses-01/perfusion-maps/sub-stroke0183_ses-01_space-ncct_cbf.nii.gz,8962233,69a45e2f
train/derivatives/sub-stroke0183/ses-01/perfusion-maps/sub-stroke0183_ses-01_space-ncct_cbv.nii.gz,9268758,25ded81b
train/derivatives/sub-stroke0183/ses-01/perfusion-maps/sub-stroke0183_ses-01_space-ncct_mtt.nii.gz,8859200,1ceb17c6
train/derivatives/sub-stroke0183/ses-01/perfusion-maps/sub-stroke0183_ses-01_space-ncct_tmax.nii.gz,7259480,b97723ed
train/derivatives/sub-stroke0183/ses-01/sub-stroke0183_ses-01_space-ncct_cow-msk.nii.gz,94474,c37afde3
train/derivatives/sub-stroke0183/ses-01/sub-stroke0183_ses-01_space-ncct_cta.nii.gz,17830219,da4ac656
train/derivatives/sub-stroke0183/ses-01/sub-stroke0183_ses-01_space-ncct_ctp.nii.gz,556651363,c6352ff0
train/derivatives/sub-stroke0183/ses-01/sub-stroke0183_ses-01_space-ncct_lvo-msk.nii.gz,90716,5b021e11
train/derivatives/sub-stroke0183/ses-02/sub-stroke0183_ses-02_space-ncct_adc.nii.gz,27102317,0f65d0a4
train/derivatives/sub-stroke0183/ses-02/sub-stroke0183_ses-02_space-ncct_dwi.nii.gz,25377446,847a17c9
train/derivatives/sub-stroke0183/ses-02/sub-stroke0183_ses-02_space-ncct_lesion-msk.nii.gz,748305,fbc29416
train/derivatives/sub-stroke0184/ses-01/perfusion-maps/sub-stroke0184_ses-01_space-ncct_cbf.nii.gz,8228783,a5a72a0f
train/derivatives/sub-stroke0184/ses-01/perfusion-maps/sub-stroke0184_ses-01_space-ncct_cbv.nii.gz,8417643,4cc5223c
train/derivatives/sub-stroke0184/ses-01/perfusion-maps/sub-stroke0184_ses-01_space-ncct_mtt.nii.gz,8055456,65adde57
train/derivatives/sub-stroke0184/ses-01/perfusion-maps/sub-stroke0184_ses-01_space-ncct_tmax.nii.gz,7264685,9d560382
train/derivatives/sub-stroke0184/ses-01/sub-stroke0184_ses-01_space-ncct_cow-msk.nii.gz,86052,a0473d87
train/derivatives/sub-stroke0184/ses-01/sub-stroke0184_ses-01_space-ncct_cta.nii.gz,15901840,f513b671
train/derivatives/sub-stroke0184/ses-01/sub-stroke0184_ses-01_space-ncct_ctp.nii.gz,522734954,f0589964
train/derivatives/sub-stroke0184/ses-01/sub-stroke0184_ses-01_space-ncct_lvo-msk.nii.gz,86083,b14fab13
train/derivatives/sub-stroke0184/ses-02/sub-stroke0184_ses-02_space-ncct_adc.nii.gz,22921560,9e62a4f1
train/derivatives/sub-stroke0184/ses-02/sub-stroke0184_ses-02_space-ncct_dwi.nii.gz,20902209,c78fc5df
train/derivatives/sub-stroke0184/ses-02/sub-stroke0184_ses-02_space-ncct_lesion-msk.nii.gz,694027,607d39d5
train/derivatives/sub-stroke0185/ses-01/perfusion-maps/sub-stroke0185_ses-01_space-ncct_cbf.nii.gz,9738937,50802f4b
train/derivatives/sub-stroke0185/ses-01/perfusion-maps/sub-stroke0185_ses-01_space-ncct_cbv.nii.gz,10086721,a3469e3d
train/derivatives/sub-stroke0185/ses-01/perfusion-maps/sub-stroke0185_ses-01_space-ncct_mtt.nii.gz,9760006,0ebd3975
train/derivatives/sub-stroke0185/ses-01/perfusion-maps/sub-stroke0185_ses-01_space-ncct_tmax.nii.gz,8007011,82e2d9cb
train/derivatives/sub-stroke0185/ses-01/sub-stroke0185_ses-01_space-ncct_cow-msk.nii.gz,91089,fb8c6db5
train/derivatives/sub-stroke0185/ses-01/sub-stroke0185_ses-01_space-ncct_cta.nii.gz,20844505,041ad0f8
train/derivatives/sub-stroke0185/ses-01/sub-stroke0185_ses-01_space-ncct_ctp.nii.gz,646995882,6f8aba32
train/derivatives/sub-stroke0185/ses-01/sub-stroke0185_ses-01_space-ncct_lvo-msk.nii.gz,88275,8f12780c
train/derivatives/sub-stroke0185/ses-02/sub-stroke0185_ses-02_space-ncct_adc.nii.gz,33007116,629b1a7c
train/derivatives/sub-stroke0185/ses-02/sub-stroke0185_ses-02_space-ncct_dwi.nii.gz,28786395,edc80af6
train/derivatives/sub-stroke0185/ses-02/sub-stroke0185_ses-02_space-ncct_lesion-msk.nii.gz,717544,1743cad7
train/derivatives/sub-stroke0186/ses-01/perfusion-maps/sub-stroke0186_ses-01_space-ncct_cbf.nii.gz,10246334,d725b304
train/derivatives/sub-stroke0186/ses-01/perfusion-maps/sub-stroke0186_ses-01_space-ncct_cbv.nii.gz,10351579,f26e9e6b
train/derivatives/sub-stroke0186/ses-01/perfusion-maps/sub-stroke0186_ses-01_space-ncct_mtt.nii.gz,9713164,a1bd7a69
train/derivatives/sub-stroke0186/ses-01/perfusion-maps/sub-stroke0186_ses-01_space-ncct_tmax.nii.gz,8036296,72a39441
train/derivatives/sub-stroke0186/ses-01/sub-stroke0186_ses-01_space-ncct_cow-msk.nii.gz,94252,baa12790
train/derivatives/sub-stroke0186/ses-01/sub-stroke0186_ses-01_space-ncct_cta.nii.gz,21379325,16f1f86b
train/derivatives/sub-stroke0186/ses-01/sub-stroke0186_ses-01_space-ncct_ctp.nii.gz,575286920,75cc1b2c
train/derivatives/sub-stroke0186/ses-01/sub-stroke0186_ses-01_space-ncct_lvo-msk.nii.gz,91069,9bb5821e
train/derivatives/sub-stroke0186/ses-02/sub-stroke0186_ses-02_space-ncct_adc.nii.gz,31852938,2994b101
train/derivatives/sub-stroke0186/ses-02/sub-stroke0186_ses-02_space-ncct_dwi.nii.gz,30989389,d69461b7
train/derivatives/sub-stroke0186/ses-02/sub-stroke0186_ses-02_space-ncct_lesion-msk.nii.gz,737038,6472f22c
train/derivatives/sub-stroke0187/ses-01/perfusion-maps/sub-stroke0187_ses-01_space-ncct_cbf.nii.gz,6182791,2b630d52
train/derivatives/sub-stroke0187/ses-01/perfusion-maps/sub-stroke0187_ses-01_space-ncct_cbv.nii.gz,6152531,d8fa6997
train/derivatives/sub-stroke0187/ses-01/perfusion-maps/sub-stroke0187_ses-01_space-ncct_mtt.nii.gz,5878514,dace7de0
train/derivatives/sub-stroke0187/ses-01/perfusion-maps/sub-stroke0187_ses-01_space-ncct_tmax.nii.gz,6302531,9159decb
train/derivatives/sub-stroke0187/ses-01/sub-stroke0187_ses-01_space-ncct_cow-msk.nii.gz,92471,bd8be721
train/derivatives/sub-stroke0187/ses-01/sub-stroke0187_ses-01_space-ncct_cta.nii.gz,11501698,0ee85485
train/derivatives/sub-stroke0187/ses-01/sub-stroke0187_ses-01_space-ncct_ctp.nii.gz,464438928,37840b5b
train/derivatives/sub-stroke0187/ses-01/sub-stroke0187_ses-01_space-ncct_lvo-msk.nii.gz,90558,af72fa36
train/derivatives/sub-stroke0187/ses-02/sub-stroke0187_ses-02_space-ncct_adc.nii.gz,20753741,53035d0e
train/derivatives/sub-stroke0187/ses-02/sub-stroke0187_ses-02_space-ncct_dwi.nii.gz,19818273,a4dc6da2
train/derivatives/sub-stroke0187/ses-02/sub-stroke0187_ses-02_space-ncct_lesion-msk.nii.gz,783090,1d9cf8da
train/derivatives/sub-stroke0188/ses-01/perfusion-maps/sub-stroke0188_ses-01_space-ncct_cbf.nii.gz,8056836,6ff83544
train/derivatives/sub-stroke0188/ses-01/perfusion-maps/sub-stroke0188_ses-01_space-ncct_cbv.nii.gz,8427144,229c706a
train/derivatives/sub-stroke0188/ses-01/perfusion-maps/sub-stroke0188_ses-01_space-ncct_mtt.nii.gz,8226360,e7699bbc
train/derivatives/sub-stroke0188/ses-01/perfusion-maps/sub-stroke0188_ses-01_space-ncct_tmax.nii.gz,7453660,ed445175
train/derivatives/sub-stroke0188/ses-01/sub-stroke0188_ses-01_space-ncct_cow-msk.nii.gz,95764,8cc4faaf
train/derivatives/sub-stroke0188/ses-01/sub-stroke0188_ses-01_space-ncct_cta.nii.gz,16356316,3e03272e
train/derivatives/sub-stroke0188/ses-01/sub-stroke0188_ses-01_space-ncct_ctp.nii.gz,502972469,4adb1447
train/derivatives/sub-stroke0188/ses-01/sub-stroke0188_ses-01_space-ncct_lvo-msk.nii.gz,92859,9c8b8f48
train/derivatives/sub-stroke0188/ses-02/sub-stroke0188_ses-02_space-ncct_adc.nii.gz,24480309,87d0c81d
train/derivatives/sub-stroke0188/ses-02/sub-stroke0188_ses-02_space-ncct_dwi.nii.gz,23534516,cddd7489
train/derivatives/sub-stroke0188/ses-02/sub-stroke0188_ses-02_space-ncct_lesion-msk.nii.gz,755734,a57c85b3
train/derivatives/sub-stroke0189/ses-01/perfusion-maps/sub-stroke0189_ses-01_space-ncct_cbf.nii.gz,9424482,036e2e39
train/derivatives/sub-stroke0189/ses-01/perfusion-maps/sub-stroke0189_ses-01_space-ncct_cbv.nii.gz,9524559,7c51ea77
train/derivatives/sub-stroke0189/ses-01/perfusion-maps/sub-stroke0189_ses-01_space-ncct_mtt.nii.gz,8961314,d7dc6f36
train/derivatives/sub-stroke0189/ses-01/perfusion-maps/sub-stroke0189_ses-01_space-ncct_tmax.nii.gz,7728181,c8e90de0
train/derivatives/sub-stroke0189/ses-01/sub-stroke0189_ses-01_space-ncct_cow-msk.nii.gz,113401,dc6e59d3
train/derivatives/sub-stroke0189/ses-01/sub-stroke0189_ses-01_space-ncct_cta.nii.gz,22780781,7d895688
train/derivatives/sub-stroke0189/ses-01/sub-stroke0189_ses-01_space-ncct_ctp.nii.gz,588422560,cfe402b2
train/derivatives/sub-stroke0189/ses-01/sub-stroke0189_ses-01_space-ncct_lvo-msk.nii.gz,110877,0a8ddb70
train/derivatives/sub-stroke0189/ses-02/sub-stroke0189_ses-02_space-ncct_adc.nii.gz,32993607,d7126e13
train/derivatives/sub-stroke0189/ses-02/sub-stroke0189_ses-02_space-ncct_dwi.nii.gz,27052608,baf236a0
train/derivatives/sub-stroke0189/ses-02/sub-stroke0189_ses-02_space-ncct_lesion-msk.nii.gz,910606,ad49b3da
train/phenotype/sub-stroke0001/ses-01/sub-stroke0001_ses-01_demographic_baseline.csv,405,184c4588
train/phenotype/sub-stroke0001/ses-02/sub-stroke0001_ses-02_outcome.csv,98,6f8fa8cd
train/phenotype/sub-stroke0002/ses-01/sub-stroke0002_ses-01_demographic_baseline.csv,456,9b3657ca
train/phenotype/sub-stroke0002/ses-02/sub-stroke0002_ses-02_outcome.csv,99,33ecab6a
train/phenotype/sub-stroke0003/ses-01/sub-stroke0003_ses-01_demographic_baseline.csv,452,53848414
train/phenotype/sub-stroke0003/ses-02/sub-stroke0003_ses-02_outcome.csv,96,76dbf86a
train/phenotype/sub-stroke0004/ses-01/sub-stroke0004_ses-01_demographic_baseline.csv,419,e274d510
train/phenotype/sub-stroke0004/ses-02/sub-stroke0004_ses-02_outcome.csv,93,e85e4d0a
train/phenotype/sub-stroke0005/ses-01/sub-stroke0005_ses-01_demographic_baseline.csv,452,b1a6a053
train/phenotype/sub-stroke0005/ses-02/sub-stroke0005_ses-02_outcome.csv,100,e1f378d8
train/phenotype/sub-stroke0006/ses-01/sub-stroke0006_ses-01_demographic_baseline.csv,457,dd25628c
train/phenotype/sub-stroke0006/ses-02/sub-stroke0006_ses-02_outcome.csv,99,a14c5634
train/phenotype/sub-stroke0007/ses-01/sub-stroke0007_ses-01_demographic_baseline.csv,398,10d4e20a
train/phenotype/sub-stroke0007/ses-02/sub-stroke0007_ses-02_outcome.csv,97,000f2bbe
train/phenotype/sub-stroke0008/ses-01/sub-stroke0008_ses-01_demographic_baseline.csv,450,4b46cacb
train/phenotype/sub-stroke0008/ses-02/sub-stroke0008_ses-02_outcome.csv,97,ed7b1697
train/phenotype/sub-stroke0009/ses-01/sub-stroke0009_ses-01_demographic_baseline.csv,448,7396cfb1
train/phenotype/sub-stroke0009/ses-02/sub-stroke0009_ses-02_outcome.csv,97,e88ec1a4
train/phenotype/sub-stroke0010/ses-01/sub-stroke0010_ses-01_demographic_baseline.csv,457,de6121f4
train/phenotype/sub-stroke0010/ses-02/sub-stroke0010_ses-02_outcome.csv,99,6355f957
train/phenotype/sub-stroke0011/ses-01/sub-stroke0011_ses-01_demographic_baseline.csv,456,1ca8412e
train/phenotype/sub-stroke0011/ses-02/sub-stroke0011_ses-02_outcome.csv,98,30ea698c
train/phenotype/sub-stroke0012/ses-01/sub-stroke0012_ses-01_demographic_baseline.csv,447,497d205a
train/phenotype/sub-stroke0012/ses-02/sub-stroke0012_ses-02_outcome.csv,99,09441a9c
train/phenotype/sub-stroke0013/ses-01/sub-stroke0013_ses-01_demographic_baseline.csv,458,fc16cc7d
train/phenotype/sub-stroke0013/ses-02/sub-stroke0013_ses-02_outcome.csv,97,7f81b587
train/phenotype/sub-stroke0014/ses-01/sub-stroke0014_ses-01_demographic_baseline.csv,458,aea522a3
train/phenotype/sub-stroke0014/ses-02/sub-stroke0014_ses-02_outcome.csv,100,7a122896
train/phenotype/sub-stroke0015/ses-01/sub-stroke0015_ses-01_demographic_baseline.csv,452,832d07f6
train/phenotype/sub-stroke0015/ses-02/sub-stroke0015_ses-02_outcome.csv,95,d6a9a7b7
train/phenotype/sub-stroke0016/ses-01/sub-stroke0016_ses-01_demographic_baseline.csv,419,2055ee6f
train/phenotype/sub-stroke0016/ses-02/sub-stroke0016_ses-02_outcome.csv,93,f1457c4b
train/phenotype/sub-stroke0017/ses-01/sub-stroke0017_ses-01_demographic_baseline.csv,456,9950f616
train/phenotype/sub-stroke0017/ses-02/sub-stroke0017_ses-02_outcome.csv,96,ad03bf43
train/phenotype/sub-stroke0019/ses-01/sub-stroke0019_ses-01_demographic_baseline.csv,406,52014b91
train/phenotype/sub-stroke0019/ses-02/sub-stroke0019_ses-02_outcome.csv,96,4439c80c
train/phenotype/sub-stroke0020/ses-01/sub-stroke0020_ses-01_demographic_baseline.csv,456,dcdf3fba
train/phenotype/sub-stroke0020/ses-02/sub-stroke0020_ses-02_outcome.csv,95,d6a9a7b7
train/phenotype/sub-stroke0021/ses-01/sub-stroke0021_ses-01_demographic_baseline.csv,386,64fd6831
train/phenotype/sub-stroke0021/ses-02/sub-stroke0021_ses-02_outcome.csv,96,1aa969b1
train/phenotype/sub-stroke0022/ses-01/sub-stroke0022_ses-01_demographic_baseline.csv,452,82f7fbf4
train/phenotype/sub-stroke0022/ses-02/sub-stroke0022_ses-02_outcome.csv,99,d13e97c9
train/phenotype/sub-stroke0025/ses-01/sub-stroke0025_ses-01_demographic_baseline.csv,453,a1c98253
train/phenotype/sub-stroke0025/ses-02/sub-stroke0025_ses-02_outcome.csv,96,478dce45
train/phenotype/sub-stroke0026/ses-01/sub-stroke0026_ses-01_demographic_baseline.csv,451,283daef4
train/phenotype/sub-stroke0026/ses-02/sub-stroke0026_ses-02_outcome.csv,99,b83df886
train/phenotype/sub-stroke0027/ses-01/sub-stroke0027_ses-01_demographic_baseline.csv,399,57118b0c
train/phenotype/sub-stroke0027/ses-02/sub-stroke0027_ses-02_outcome.csv,100,6d583fcb
train/phenotype/sub-stroke0028/ses-01/sub-stroke0028_ses-01_demographic_baseline.csv,435,55dd504c
train/phenotype/sub-stroke0028/ses-02/sub-stroke0028_ses-02_outcome.csv,96,05c181e0
train/phenotype/sub-stroke0030/ses-01/sub-stroke0030_ses-01_demographic_baseline.csv,452,70267545
train/phenotype/sub-stroke0030/ses-02/sub-stroke0030_ses-02_outcome.csv,97,b14321a9
train/phenotype/sub-stroke0033/ses-01/sub-stroke0033_ses-01_demographic_baseline.csv,407,cd4e5ede
train/phenotype/sub-stroke0033/ses-02/sub-stroke0033_ses-02_outcome.csv,93,e85e4d0a
train/phenotype/sub-stroke0036/ses-01/sub-stroke0036_ses-01_demographic_baseline.csv,402,1ac782b1
train/phenotype/sub-stroke0036/ses-02/sub-stroke0036_ses-02_outcome.csv,97,ca74e93d
train/phenotype/sub-stroke0037/ses-01/sub-stroke0037_ses-01_demographic_baseline.csv,386,4f9a1673
train/phenotype/sub-stroke0037/ses-02/sub-stroke0037_ses-02_outcome.csv,97,e7f123e5
train/phenotype/sub-stroke0038/ses-01/sub-stroke0038_ses-01_demographic_baseline.csv,457,646b2af0
train/phenotype/sub-stroke0038/ses-02/sub-stroke0038_ses-02_outcome.csv,97,50844e25
train/phenotype/sub-stroke0040/ses-01/sub-stroke0040_ses-01_demographic_baseline.csv,434,6bd704fe
train/phenotype/sub-stroke0040/ses-02/sub-stroke0040_ses-02_outcome.csv,95,46967b0e
train/phenotype/sub-stroke0043/ses-01/sub-stroke0043_ses-01_demographic_baseline.csv,453,ec87a827
train/phenotype/sub-stroke0043/ses-02/sub-stroke0043_ses-02_outcome.csv,96,aabe0d8c
train/phenotype/sub-stroke0045/ses-01/sub-stroke0045_ses-01_demographic_baseline.csv,455,288cb888
train/phenotype/sub-stroke0045/ses-02/sub-stroke0045_ses-02_outcome.csv,97,04243924
train/phenotype/sub-stroke0047/ses-01/sub-stroke0047_ses-01_demographic_baseline.csv,457,e931b29c
train/phenotype/sub-stroke0047/ses-02/sub-stroke0047_ses-02_outcome.csv,96,e1fb9ca5
train/phenotype/sub-stroke0048/ses-01/sub-stroke0048_ses-01_demographic_baseline.csv,450,79fa94c5
train/phenotype/sub-stroke0048/ses-02/sub-stroke0048_ses-02_outcome.csv,97,aa1d2e3d
train/phenotype/sub-stroke0049/ses-01/sub-stroke0049_ses-01_demographic_baseline.csv,452,0b920df5
train/phenotype/sub-stroke0049/ses-02/sub-stroke0049_ses-02_outcome.csv,97,9c2e4ebb
train/phenotype/sub-stroke0052/ses-01/sub-stroke0052_ses-01_demographic_baseline.csv,458,29682773
train/phenotype/sub-stroke0052/ses-02/sub-stroke0052_ses-02_outcome.csv,97,20d11107
train/phenotype/sub-stroke0053/ses-01/sub-stroke0053_ses-01_demographic_baseline.csv,451,b0b65793
train/phenotype/sub-stroke0053/ses-02/sub-stroke0053_ses-02_outcome.csv,95,d83ee732
train/phenotype/sub-stroke0054/ses-01/sub-stroke0054_ses-01_demographic_baseline.csv,456,739f9287
train/phenotype/sub-stroke0054/ses-02/sub-stroke0054_ses-02_outcome.csv,97,31c922f8
train/phenotype/sub-stroke0055/ses-01/sub-stroke0055_ses-01_demographic_baseline.csv,407,aafe2414
train/phenotype/sub-stroke0055/ses-02/sub-stroke0055_ses-02_outcome.csv,95,317febfe
train/phenotype/sub-stroke0057/ses-01/sub-stroke0057_ses-01_demographic_baseline.csv,456,c8c7cdee
train/phenotype/sub-stroke0057/ses-02/sub-stroke0057_ses-02_outcome.csv,97,6ef216c0
train/phenotype/sub-stroke0062/ses-01/sub-stroke0062_ses-01_demographic_baseline.csv,450,fef41cb8
train/phenotype/sub-stroke0062/ses-02/sub-stroke0062_ses-02_outcome.csv,98,b8636863
train/phenotype/sub-stroke0066/ses-01/sub-stroke0066_ses-01_demographic_baseline.csv,386,dc34f0dd
train/phenotype/sub-stroke0066/ses-02/sub-stroke0066_ses-02_outcome.csv,97,ef31eebe
train/phenotype/sub-stroke0068/ses-01/sub-stroke0068_ses-01_demographic_baseline.csv,452,04bdcc4e
train/phenotype/sub-stroke0068/ses-02/sub-stroke0068_ses-02_outcome.csv,97,0a52dadd
train/phenotype/sub-stroke0070/ses-01/sub-stroke0070_ses-01_demographic_baseline.csv,407,b0db076f
train/phenotype/sub-stroke0070/ses-02/sub-stroke0070_ses-02_outcome.csv,94,11f83180
train/phenotype/sub-stroke0071/ses-01/sub-stroke0071_ses-01_demographic_baseline.csv,436,7db1ea73
train/phenotype/sub-stroke0071/ses-02/sub-stroke0071_ses-02_outcome.csv,98,99639773
train/phenotype/sub-stroke0073/ses-01/sub-stroke0073_ses-01_demographic_baseline.csv,435,002b3af5
train/phenotype/sub-stroke0073/ses-02/sub-stroke0073_ses-02_outcome.csv,95,45389311
train/phenotype/sub-stroke0074/ses-01/sub-stroke0074_ses-01_demographic_baseline.csv,416,13050cd3
train/phenotype/sub-stroke0074/ses-02/sub-stroke0074_ses-02_outcome.csv,93,a71fdbcd
train/phenotype/sub-stroke0075/ses-01/sub-stroke0075_ses-01_demographic_baseline.csv,451,a7a09581
train/phenotype/sub-stroke0075/ses-02/sub-stroke0075_ses-02_outcome.csv,97,ca4904e1
train/phenotype/sub-stroke0076/ses-01/sub-stroke0076_ses-01_demographic_baseline.csv,456,555fc202
train/phenotype/sub-stroke0076/ses-02/sub-stroke0076_ses-02_outcome.csv,97,353cf2c5
train/phenotype/sub-stroke0077/ses-01/sub-stroke0077_ses-01_demographic_baseline.csv,402,8b582aa2
train/phenotype/sub-stroke0077/ses-02/sub-stroke0077_ses-02_outcome.csv,96,e00d4391
train/phenotype/sub-stroke0078/ses-01/sub-stroke0078_ses-01_demographic_baseline.csv,452,797a2df6
train/phenotype/sub-stroke0078/ses-02/sub-stroke0078_ses-02_outcome.csv,97,62c2bfe2
train/phenotype/sub-stroke0079/ses-01/sub-stroke0079_ses-01_demographic_baseline.csv,451,147170cf
train/phenotype/sub-stroke0079/ses-02/sub-stroke0079_ses-02_outcome.csv,97,ec255cb7
train/phenotype/sub-stroke0080/ses-01/sub-stroke0080_ses-01_demographic_baseline.csv,450,3c92862a
train/phenotype/sub-stroke0080/ses-02/sub-stroke0080_ses-02_outcome.csv,99,ebeba977
train/phenotype/sub-stroke0081/ses-01/sub-stroke0081_ses-01_demographic_baseline.csv,448,9753ef9c
train/phenotype/sub-stroke0081/ses-02/sub-stroke0081_ses-02_outcome.csv,97,2c61f959
train/phenotype/sub-stroke0082/ses-01/sub-stroke0082_ses-01_demographic_baseline.csv,452,5416afde
train/phenotype/sub-stroke0082/ses-02/sub-stroke0082_ses-02_outcome.csv,99,4406ba14
train/phenotype/sub-stroke0083/ses-01/sub-stroke0083_ses-01_demographic_baseline.csv,451,1bd9ea6a
train/phenotype/sub-stroke0083/ses-02/sub-stroke0083_ses-02_outcome.csv,98,462d32eb
train/phenotype/sub-stroke0084/ses-01/sub-stroke0084_ses-01_demographic_baseline.csv,452,dd55fa49
train/phenotype/sub-stroke0084/ses-02/sub-stroke0084_ses-02_outcome.csv,97,aaf58bf7
train/phenotype/sub-stroke0085/ses-01/sub-stroke0085_ses-01_demographic_baseline.csv,451,4ddd707c
train/phenotype/sub-stroke0085/ses-02/sub-stroke0085_ses-02_outcome.csv,97,0ae27447
train/phenotype/sub-stroke0086/ses-01/sub-stroke0086_ses-01_demographic_baseline.csv,451,0a68a384
train/phenotype/sub-stroke0086/ses-02/sub-stroke0086_ses-02_outcome.csv,97,c40ae38a
train/phenotype/sub-stroke0087/ses-01/sub-stroke0087_ses-01_demographic_baseline.csv,450,2b618830
train/phenotype/sub-stroke0087/ses-02/sub-stroke0087_ses-02_outcome.csv,97,d64e71a5
train/phenotype/sub-stroke0088/ses-01/sub-stroke0088_ses-01_demographic_baseline.csv,450,05f940b6
train/phenotype/sub-stroke0088/ses-02/sub-stroke0088_ses-02_outcome.csv,96,06861fb9
train/phenotype/sub-stroke0089/ses-01/sub-stroke0089_ses-01_demographic_baseline.csv,388,17243afc
train/phenotype/sub-stroke0089/ses-02/sub-stroke0089_ses-02_outcome.csv,98,8392d0bd
train/phenotype/sub-stroke0090/ses-01/sub-stroke0090_ses-01_demographic_baseline.csv,398,d5152835
train/phenotype/sub-stroke0090/ses-02/sub-stroke0090_ses-02_outcome.csv,96,c565243e
train/phenotype/sub-stroke0091/ses-01/sub-stroke0091_ses-01_demographic_baseline.csv,451,3170eebe
train/phenotype/sub-stroke0091/ses-02/sub-stroke0091_ses-02_outcome.csv,97,69c1ca54
train/phenotype/sub-stroke0092/ses-01/sub-stroke0092_ses-01_demographic_baseline.csv,451,05dcc284
train/phenotype/sub-stroke0092/ses-02/sub-stroke0092_ses-02_outcome.csv,96,69a37f2b
train/phenotype/sub-stroke0093/ses-01/sub-stroke0093_ses-01_demographic_baseline.csv,452,b044e341
train/phenotype/sub-stroke0093/ses-02/sub-stroke0093_ses-02_outcome.csv,96,71d48c2b
train/phenotype/sub-stroke0094/ses-01/sub-stroke0094_ses-01_demographic_baseline.csv,452,178b55b0
train/phenotype/sub-stroke0094/ses-02/sub-stroke0094_ses-02_outcome.csv,96,c61eb9d3
train/phenotype/sub-stroke0095/ses-01/sub-stroke0095_ses-01_demographic_baseline.csv,452,b5d97efa
train/phenotype/sub-stroke0095/ses-02/sub-stroke0095_ses-02_outcome.csv,99,d7f2ece5
train/phenotype/sub-stroke0096/ses-01/sub-stroke0096_ses-01_demographic_baseline.csv,454,3f0cbf8f
train/phenotype/sub-stroke0096/ses-02/sub-stroke0096_ses-02_outcome.csv,98,04cdba6d
train/phenotype/sub-stroke0097/ses-01/sub-stroke0097_ses-01_demographic_baseline.csv,454,bde3736c
train/phenotype/sub-stroke0097/ses-02/sub-stroke0097_ses-02_outcome.csv,98,50aa6cc8
train/phenotype/sub-stroke0098/ses-01/sub-stroke0098_ses-01_demographic_baseline.csv,450,fe9ed748
train/phenotype/sub-stroke0098/ses-02/sub-stroke0098_ses-02_outcome.csv,97,6db27435
train/phenotype/sub-stroke0099/ses-01/sub-stroke0099_ses-01_demographic_baseline.csv,451,a973aa50
train/phenotype/sub-stroke0099/ses-02/sub-stroke0099_ses-02_outcome.csv,97,56813c27
train/phenotype/sub-stroke0100/ses-01/sub-stroke0100_ses-01_demographic_baseline.csv,451,2af480cd
train/phenotype/sub-stroke0100/ses-02/sub-stroke0100_ses-02_outcome.csv,96,f897c52e
train/phenotype/sub-stroke0101/ses-01/sub-stroke0101_ses-01_demographic_baseline.csv,450,53bd6363
train/phenotype/sub-stroke0101/ses-02/sub-stroke0101_ses-02_outcome.csv,98,f1314fae
train/phenotype/sub-stroke0102/ses-01/sub-stroke0102_ses-01_demographic_baseline.csv,452,95bcd4d9
train/phenotype/sub-stroke0102/ses-02/sub-stroke0102_ses-02_outcome.csv,97,eebd1a3e
train/phenotype/sub-stroke0103/ses-01/sub-stroke0103_ses-01_demographic_baseline.csv,418,fb4a2bec
train/phenotype/sub-stroke0103/ses-02/sub-stroke0103_ses-02_outcome.csv,97,9c2e4ebb
train/phenotype/sub-stroke0104/ses-01/sub-stroke0104_ses-01_demographic_baseline.csv,402,ba5d0c9f
train/phenotype/sub-stroke0104/ses-02/sub-stroke0104_ses-02_outcome.csv,97,0f4fa824
train/phenotype/sub-stroke0105/ses-01/sub-stroke0105_ses-01_demographic_baseline.csv,450,61e8b82a
train/phenotype/sub-stroke0105/ses-02/sub-stroke0105_ses-02_outcome.csv,97,50844e25
train/phenotype/sub-stroke0106/ses-01/sub-stroke0106_ses-01_demographic_baseline.csv,451,572c88ca
train/phenotype/sub-stroke0106/ses-02/sub-stroke0106_ses-02_outcome.csv,97,c7107887
train/phenotype/sub-stroke0107/ses-01/sub-stroke0107_ses-01_demographic_baseline.csv,449,826a16c9
train/phenotype/sub-stroke0107/ses-02/sub-stroke0107_ses-02_outcome.csv,97,5b7de508
train/phenotype/sub-stroke0108/ses-01/sub-stroke0108_ses-01_demographic_baseline.csv,453,2eca5e06
train/phenotype/sub-stroke0108/ses-02/sub-stroke0108_ses-02_outcome.csv,98,a6a3207c
train/phenotype/sub-stroke0109/ses-01/sub-stroke0109_ses-01_demographic_baseline.csv,451,8833f519
train/phenotype/sub-stroke0109/ses-02/sub-stroke0109_ses-02_outcome.csv,97,fa95f15d
train/phenotype/sub-stroke0110/ses-01/sub-stroke0110_ses-01_demographic_baseline.csv,437,aefaa2b7
train/phenotype/sub-stroke0110/ses-02/sub-stroke0110_ses-02_outcome.csv,99,acb37057
train/phenotype/sub-stroke0111/ses-01/sub-stroke0111_ses-01_demographic_baseline.csv,451,00d4f7b4
train/phenotype/sub-stroke0111/ses-02/sub-stroke0111_ses-02_outcome.csv,97,a761b66e
train/phenotype/sub-stroke0112/ses-01/sub-stroke0112_ses-01_demographic_baseline.csv,451,584b483c
train/phenotype/sub-stroke0112/ses-02/sub-stroke0112_ses-02_outcome.csv,98,52273325
train/phenotype/sub-stroke0113/ses-01/sub-stroke0113_ses-01_demographic_baseline.csv,453,711ad317
train/phenotype/sub-stroke0113/ses-02/sub-stroke0113_ses-02_outcome.csv,98,bbd89918
train/phenotype/sub-stroke0114/ses-01/sub-stroke0114_ses-01_demographic_baseline.csv,418,1c284930
train/phenotype/sub-stroke0114/ses-02/sub-stroke0114_ses-02_outcome.csv,97,caf19a31
train/phenotype/sub-stroke0115/ses-01/sub-stroke0115_ses-01_demographic_baseline.csv,450,f2ac5dbc
train/phenotype/sub-stroke0115/ses-02/sub-stroke0115_ses-02_outcome.csv,98,995917ad
train/phenotype/sub-stroke0116/ses-01/sub-stroke0116_ses-01_demographic_baseline.csv,454,5317ce5e
train/phenotype/sub-stroke0116/ses-02/sub-stroke0116_ses-02_outcome.csv,100,2e9af5c5
train/phenotype/sub-stroke0117/ses-01/sub-stroke0117_ses-01_demographic_baseline.csv,450,8eba812f
train/phenotype/sub-stroke0117/ses-02/sub-stroke0117_ses-02_outcome.csv,97,3528b1f0
train/phenotype/sub-stroke0118/ses-01/sub-stroke0118_ses-01_demographic_baseline.csv,451,c9f73567
train/phenotype/sub-stroke0118/ses-02/sub-stroke0118_ses-02_outcome.csv,97,8b1dd12d
train/phenotype/sub-stroke0119/ses-01/sub-stroke0119_ses-01_demographic_baseline.csv,450,ee05a3bf
train/phenotype/sub-stroke0119/ses-02/sub-stroke0119_ses-02_outcome.csv,98,4b3c0264
train/phenotype/sub-stroke0133/ses-01/sub-stroke0133_ses-01_demographic_baseline.csv,395,1885f032
train/phenotype/sub-stroke0133/ses-02/sub-stroke0133_ses-02_outcome.csv,95,cd8a550d
train/phenotype/sub-stroke0134/ses-01/sub-stroke0134_ses-01_demographic_baseline.csv,388,6a4f11bd
train/phenotype/sub-stroke0134/ses-02/sub-stroke0134_ses-02_outcome.csv,94,e45fc3e4
train/phenotype/sub-stroke0135/ses-01/sub-stroke0135_ses-01_demographic_baseline.csv,396,275e08f4
train/phenotype/sub-stroke0135/ses-02/sub-stroke0135_ses-02_outcome.csv,95,b0fda148
train/phenotype/sub-stroke0136/ses-01/sub-stroke0136_ses-01_demographic_baseline.csv,395,21147f78
train/phenotype/sub-stroke0136/ses-02/sub-stroke0136_ses-02_outcome.csv,95,b0fda148
train/phenotype/sub-stroke0137/ses-01/sub-stroke0137_ses-01_demographic_baseline.csv,396,f7d895cb
train/phenotype/sub-stroke0137/ses-02/sub-stroke0137_ses-02_outcome.csv,95,d491644c
train/phenotype/sub-stroke0138/ses-01/sub-stroke0138_ses-01_demographic_baseline.csv,397,52d91a71
train/phenotype/sub-stroke0138/ses-02/sub-stroke0138_ses-02_outcome.csv,95,a9e69009
train/phenotype/sub-stroke0139/ses-01/sub-stroke0139_ses-01_demographic_baseline.csv,392,4245555f
train/phenotype/sub-stroke0139/ses-02/sub-stroke0139_ses-02_outcome.csv,95,a9e69009
train/phenotype/sub-stroke0140/ses-01/sub-stroke0140_ses-01_demographic_baseline.csv,396,fc8d01fd
train/phenotype/sub-stroke0140/ses-02/sub-stroke0140_ses-02_outcome.csv,95,d491644c
train/phenotype/sub-stroke0141/ses-01/sub-stroke0141_ses-01_demographic_baseline.csv,396,cb1317af
train/phenotype/sub-stroke0141/ses-02/sub-stroke0141_ses-02_outcome.csv,94,e45fc3e4
train/phenotype/sub-stroke0142/ses-01/sub-stroke0142_ses-01_demographic_baseline.csv,395,5d67dfba
train/phenotype/sub-stroke0142/ses-02/sub-stroke0142_ses-02_outcome.csv,95,b0fda148
train/phenotype/sub-stroke0143/ses-01/sub-stroke0143_ses-01_demographic_baseline.csv,396,bac34ea0
train/phenotype/sub-stroke0143/ses-02/sub-stroke0143_ses-02_outcome.csv,95,b0fda148
train/phenotype/sub-stroke0144/ses-01/sub-stroke0144_ses-01_demographic_baseline.csv,395,b5304e03
train/phenotype/sub-stroke0144/ses-02/sub-stroke0144_ses-02_outcome.csv,94,e45fc3e4
train/phenotype/sub-stroke0145/ses-01/sub-stroke0145_ses-01_demographic_baseline.csv,396,a2b5b067
train/phenotype/sub-stroke0145/ses-02/sub-stroke0145_ses-02_outcome.csv,95,b0fda148
train/phenotype/sub-stroke0146/ses-01/sub-stroke0146_ses-01_demographic_baseline.csv,396,45fb9770
train/phenotype/sub-stroke0146/ses-02/sub-stroke0146_ses-02_outcome.csv,95,b0fda148
train/phenotype/sub-stroke0147/ses-01/sub-stroke0147_ses-01_demographic_baseline.csv,396,d44ed3bd
train/phenotype/sub-stroke0147/ses-02/sub-stroke0147_ses-02_outcome.csv,95,b0fda148
train/phenotype/sub-stroke0148/ses-01/sub-stroke0148_ses-01_demographic_baseline.csv,397,1e42254b
train/phenotype/sub-stroke0148/ses-02/sub-stroke0148_ses-02_outcome.csv,95,a9e69009
train/phenotype/sub-stroke0149/ses-01/sub-stroke0149_ses-01_demographic_baseline.csv,396,3d7c0c19
train/phenotype/sub-stroke0149/ses-02/sub-stroke0149_ses-02_outcome.csv,94,e45fc3e4
train/phenotype/sub-stroke0150/ses-01/sub-stroke0150_ses-01_demographic_baseline.csv,395,aba5fa1b
train/phenotype/sub-stroke0150/ses-02/sub-stroke0150_ses-02_outcome.csv,95,b0fda148
train/phenotype/sub-stroke0151/ses-01/sub-stroke0151_ses-01_demographic_baseline.csv,392,6726a684
train/phenotype/sub-stroke0151/ses-02/sub-stroke0151_ses-02_outcome.csv,95,a9e69009
train/phenotype/sub-stroke0152/ses-01/sub-stroke0152_ses-01_demographic_baseline.csv,395,74985911
train/phenotype/sub-stroke0152/ses-02/sub-stroke0152_ses-02_outcome.csv,94,e45fc3e4
train/phenotype/sub-stroke0153/ses-01/sub-stroke0153_ses-01_demographic_baseline.csv,396,acb94df1
train/phenotype/sub-stroke0153/ses-02/sub-stroke0153_ses-02_outcome.csv,94,e45fc3e4
train/phenotype/sub-stroke0154/ses-01/sub-stroke0154_ses-01_demographic_baseline.csv,396,b291d191
train/phenotype/sub-stroke0154/ses-02/sub-stroke0154_ses-02_outcome.csv,95,e6a706ce
train/phenotype/sub-stroke0155/ses-01/sub-stroke0155_ses-01_demographic_baseline.csv,385,9675575d
train/phenotype/sub-stroke0155/ses-02/sub-stroke0155_ses-02_outcome.csv,94,e45fc3e4
train/phenotype/sub-stroke0156/ses-01/sub-stroke0156_ses-01_demographic_baseline.csv,397,df616c29
train/phenotype/sub-stroke0156/ses-02/sub-stroke0156_ses-02_outcome.csv,95,b0fda148
train/phenotype/sub-stroke0157/ses-01/sub-stroke0157_ses-01_demographic_baseline.csv,397,ef162a67
train/phenotype/sub-stroke0157/ses-02/sub-stroke0157_ses-02_outcome.csv,95,b0fda148
train/phenotype/sub-stroke0158/ses-01/sub-stroke0158_ses-01_demographic_baseline.csv,392,60a9e28f
train/phenotype/sub-stroke0158/ses-02/sub-stroke0158_ses-02_outcome.csv,94,e45fc3e4
train/phenotype/sub-stroke0159/ses-01/sub-stroke0159_ses-01_demographic_baseline.csv,397,2af72a5c
train/phenotype/sub-stroke0159/ses-02/sub-stroke0159_ses-02_outcome.csv,95,82cbc3ca
train/phenotype/sub-stroke0161/ses-01/sub-stroke0161_ses-01_demographic_baseline.csv,396,76f80472
train/phenotype/sub-stroke0161/ses-02/sub-stroke0161_ses-02_outcome.csv,95,b0fda148
train/phenotype/sub-stroke0162/ses-01/sub-stroke0162_ses-01_demographic_baseline.csv,397,c38162be
train/phenotype/sub-stroke0162/ses-02/sub-stroke0162_ses-02_outcome.csv,94,e45fc3e4
train/phenotype/sub-stroke0163/ses-01/sub-stroke0163_ses-01_demographic_baseline.csv,396,61f38228
train/phenotype/sub-stroke0163/ses-02/sub-stroke0163_ses-02_outcome.csv,95,a9e69009
train/phenotype/sub-stroke0164/ses-01/sub-stroke0164_ses-01_demographic_baseline.csv,392,86398591
train/phenotype/sub-stroke0164/ses-02/sub-stroke0164_ses-02_outcome.csv,95,b0fda148
train/phenotype/sub-stroke0165/ses-01/sub-stroke0165_ses-01_demographic_baseline.csv,396,9e63f7b6
train/phenotype/sub-stroke0165/ses-02/sub-stroke0165_ses-02_outcome.csv,95,b0fda148
train/phenotype/sub-stroke0166/ses-01/sub-stroke0166_ses-01_demographic_baseline.csv,397,8d6b5c51
train/phenotype/sub-stroke0166/ses-02/sub-stroke0166_ses-02_outcome.csv,95,b0fda148
train/phenotype/sub-stroke0167/ses-01/sub-stroke0167_ses-01_demographic_baseline.csv,392,d18957a8
train/phenotype/sub-stroke0167/ses-02/sub-stroke0167_ses-02_outcome.csv,95,b0fda148
train/phenotype/sub-stroke0168/ses-01/sub-stroke0168_ses-01_demographic_baseline.csv,398,d13804e5
train/phenotype/sub-stroke0168/ses-02/sub-stroke0168_ses-02_outcome.csv,95,b0fda148
train/phenotype/sub-stroke0169/ses-01/sub-stroke0169_ses-01_demographic_baseline.csv,391,c2768fd6
train/phenotype/sub-stroke0169/ses-02/sub-stroke0169_ses-02_outcome.csv,95,b0fda148
train/phenotype/sub-stroke0170/ses-01/sub-stroke0170_ses-01_demographic_baseline.csv,396,7c368c61
train/phenotype/sub-stroke0170/ses-02/sub-stroke0170_ses-02_outcome.csv,95,b0fda148
train/phenotype/sub-stroke0171/ses-01/sub-stroke0171_ses-01_demographic_baseline.csv,392,a4b26cad
train/phenotype/sub-stroke0171/ses-02/sub-stroke0171_ses-02_outcome.csv,95,b0fda148
train/phenotype/sub-stroke0172/ses-01/sub-stroke0172_ses-01_demographic_baseline.csv,395,014109cc
train/phenotype/sub-stroke0172/ses-02/sub-stroke0172_ses-02_outcome.csv,95,9bd0f28b
train/phenotype/sub-stroke0173/ses-01/sub-stroke0173_ses-01_demographic_baseline.csv,397,9d2dbd83
train/phenotype/sub-stroke0173/ses-02/sub-stroke0173_ses-02_outcome.csv,95,b0fda148
train/phenotype/sub-stroke0174/ses-01/sub-stroke0174_ses-01_demographic_baseline.csv,396,2f79c3cf
train/phenotype/sub-stroke0174/ses-02/sub-stroke0174_ses-02_outcome.csv,95,b0fda148
train/phenotype/sub-stroke0175/ses-01/sub-stroke0175_ses-01_demographic_baseline.csv,397,b794ec36
train/phenotype/sub-stroke0175/ses-02/sub-stroke0175_ses-02_outcome.csv,95,b0fda148
train/phenotype/sub-stroke0176/ses-01/sub-stroke0176_ses-01_demographic_baseline.csv,397,cbea8eed
train/phenotype/sub-stroke0176/ses-02/sub-stroke0176_ses-02_outcome.csv,95,b0fda148
train/phenotype/sub-stroke0177/ses-01/sub-stroke0177_ses-01_demographic_baseline.csv,397,b881239f
train/phenotype/sub-stroke0177/ses-02/sub-stroke0177_ses-02_outcome.csv,95,b0fda148
train/phenotype/sub-stroke0178/ses-01/sub-stroke0178_ses-01_demographic_baseline.csv,397,99f7ab95
train/phenotype/sub-stroke0178/ses-02/sub-stroke0178_ses-02_outcome.csv,95,82cbc3ca
train/phenotype/sub-stroke0179/ses-01/sub-stroke0179_ses-01_demographic_baseline.csv,396,73c3f2af
train/phenotype/sub-stroke0179/ses-02/sub-stroke0179_ses-02_outcome.csv,95,b0fda148
train/phenotype/sub-stroke0180/ses-01/sub-stroke0180_ses-01_demographic_baseline.csv,452,1ff2aba5
train/phenotype/sub-stroke0180/ses-02/sub-stroke0180_ses-02_outcome.csv,105,0016c054
train/phenotype/sub-stroke0181/ses-01/sub-stroke0181_ses-01_demographic_baseline.csv,396,987a09d2
train/phenotype/sub-stroke0181/ses-02/sub-stroke0181_ses-02_outcome.csv,95,a9e69009
train/phenotype/sub-stroke0182/ses-01/sub-stroke0182_ses-01_demographic_baseline.csv,398,4fb55c98
train/phenotype/sub-stroke0182/ses-02/sub-stroke0182_ses-02_outcome.csv,95,b0fda148
train/phenotype/sub-stroke0183/ses-01/sub-stroke0183_ses-01_demographic_baseline.csv,452,7c7ec603
train/phenotype/sub-stroke0183/ses-02/sub-stroke0183_ses-02_outcome.csv,97,15f90574
train/phenotype/sub-stroke0184/ses-01/sub-stroke0184_ses-01_demographic_baseline.csv,450,2ca87519
train/phenotype/sub-stroke0184/ses-02/sub-stroke0184_ses-02_outcome.csv,97,a5e1f90e
train/phenotype/sub-stroke0185/ses-01/sub-stroke0185_ses-01_demographic_baseline.csv,453,5b49f61b
train/phenotype/sub-stroke0185/ses-02/sub-stroke0185_ses-02_outcome.csv,99,44c7831f
train/phenotype/sub-stroke0186/ses-01/sub-stroke0186_ses-01_demographic_baseline.csv,452,a6d9cdd1
train/phenotype/sub-stroke0186/ses-02/sub-stroke0186_ses-02_outcome.csv,97,42299638
train/phenotype/sub-stroke0187/ses-01/sub-stroke0187_ses-01_demographic_baseline.csv,451,12196e22
train/phenotype/sub-stroke0187/ses-02/sub-stroke0187_ses-02_outcome.csv,99,cae2ac71
train/phenotype/sub-stroke0188/ses-01/sub-stroke0188_ses-01_demographic_baseline.csv,450,0df11fa4
train/phenotype/sub-stroke0188/ses-02/sub-stroke0188_ses-02_outcome.csv,97,f1231801
train/phenotype/sub-stroke0189/ses-01/sub-stroke0189_ses-01_demographic_baseline.csv,452,774c181b
train/phenotype/sub-stroke0189/ses-02/sub-stroke0189_ses-02_outcome.csv,97,8f8391a8
train/raw_data/sub-stroke0001/ses-01/perfusion-maps/sub-stroke0001_ses-01_cbf.nii.gz,902199,6a615f3d
train/raw_data/sub-stroke0001/ses-01/perfusion-maps/sub-stroke0001_ses-01_cbv.nii.gz,915493,2c0f2ab1
train/raw_data/sub-stroke0001/ses-01/perfusion-maps/sub-stroke0001_ses-01_mtt.nii.gz,896004,3e62c4d7
train/raw_data/sub-stroke0001/ses-01/perfusion-maps/sub-stroke0001_ses-01_tmax.nii.gz,193752,1aa30615
train/raw_data/sub-stroke0001/ses-01/sub-stroke0001_ses-01_cta.nii.gz,71343612,c5ceb44c
train/raw_data/sub-stroke0001/ses-01/sub-stroke0001_ses-01_ctp.nii.gz,44038845,b76eabea
train/raw_data/sub-stroke0001/ses-01/sub-stroke0001_ses-01_ncct.nii.gz,13729263,bb1dcc8a
train/raw_data/sub-stroke0002/ses-01/perfusion-maps/sub-stroke0002_ses-01_cbf.nii.gz,833141,67a488a3
train/raw_data/sub-stroke0002/ses-01/perfusion-maps/sub-stroke0002_ses-01_cbv.nii.gz,845695,843a9660
train/raw_data/sub-stroke0002/ses-01/perfusion-maps/sub-stroke0002_ses-01_mtt.nii.gz,827391,8de07a0b
train/raw_data/sub-stroke0002/ses-01/perfusion-maps/sub-stroke0002_ses-01_tmax.nii.gz,195054,414a5213
train/raw_data/sub-stroke0002/ses-01/sub-stroke0002_ses-01_cta.nii.gz,48891829,49e3ec37
train/raw_data/sub-stroke0002/ses-01/sub-stroke0002_ses-01_ctp.nii.gz,34137700,9c67d2ca
train/raw_data/sub-stroke0002/ses-01/sub-stroke0002_ses-01_ncct.nii.gz,10615053,10315757
train/raw_data/sub-stroke0003/ses-01/perfusion-maps/sub-stroke0003_ses-01_cbf.nii.gz,723532,9a4ab0f6
train/raw_data/sub-stroke0003/ses-01/perfusion-maps/sub-stroke0003_ses-01_cbv.nii.gz,732919,06190d12
train/raw_data/sub-stroke0003/ses-01/perfusion-maps/sub-stroke0003_ses-01_mtt.nii.gz,721319,1bda963d
train/raw_data/sub-stroke0003/ses-01/perfusion-maps/sub-stroke0003_ses-01_tmax.nii.gz,195519,cdcba9d8
train/raw_data/sub-stroke0003/ses-01/sub-stroke0003_ses-01_cta.nii.gz,38096798,0af1a502
train/raw_data/sub-stroke0003/ses-01/sub-stroke0003_ses-01_ctp.nii.gz,40625845,687d4cda
train/raw_data/sub-stroke0003/ses-01/sub-stroke0003_ses-01_ncct.nii.gz,15040199,69147d86
train/raw_data/sub-stroke0004/ses-01/perfusion-maps/sub-stroke0004_ses-01_cbf.nii.gz,479841,f4de222c
train/raw_data/sub-stroke0004/ses-01/perfusion-maps/sub-stroke0004_ses-01_cbv.nii.gz,485767,a6dc4f0d
train/raw_data/sub-stroke0004/ses-01/perfusion-maps/sub-stroke0004_ses-01_mtt.nii.gz,476959,f98e4cb2
train/raw_data/sub-stroke0004/ses-01/perfusion-maps/sub-stroke0004_ses-01_tmax.nii.gz,120617,b742853b
train/raw_data/sub-stroke0004/ses-01/sub-stroke0004_ses-01_cta.nii.gz,72017461,d08e7747
train/raw_data/sub-stroke0004/ses-01/sub-stroke0004_ses-01_ctp.nii.gz,20155665,e0713187
train/raw_data/sub-stroke0004/ses-01/sub-stroke0004_ses-01_ncct.nii.gz,14180936,d6fd79c8
train/raw_data/sub-stroke0005/ses-01/perfusion-maps/sub-stroke0005_ses-01_cbf.nii.gz,791470,3d2a4268
train/raw_data/sub-stroke0005/ses-01/perfusion-maps/sub-stroke0005_ses-01_cbv.nii.gz,797913,0b2fba8b
train/raw_data/sub-stroke0005/ses-01/perfusion-maps/sub-stroke0005_ses-01_mtt.nii.gz,778647,0e668b13
train/raw_data/sub-stroke0005/ses-01/perfusion-maps/sub-stroke0005_ses-01_tmax.nii.gz,161165,d5918d0b
train/raw_data/sub-stroke0005/ses-01/sub-stroke0005_ses-01_cta.nii.gz,50255090,0a6cd536
train/raw_data/sub-stroke0005/ses-01/sub-stroke0005_ses-01_ctp.nii.gz,40306054,4d15afc2
train/raw_data/sub-stroke0005/ses-01/sub-stroke0005_ses-01_ncct.nii.gz,14948880,150ab5f4
train/raw_data/sub-stroke0006/ses-01/perfusion-maps/sub-stroke0006_ses-01_cbf.nii.gz,843954,e2c1e603
train/raw_data/sub-stroke0006/ses-01/perfusion-maps/sub-stroke0006_ses-01_cbv.nii.gz,862019,c94d3b3a
train/raw_data/sub-stroke0006/ses-01/perfusion-maps/sub-stroke0006_ses-01_mtt.nii.gz,845714,bfc54fb3
train/raw_data/sub-stroke0006/ses-01/perfusion-maps/sub-stroke0006_ses-01_tmax.nii.gz,217295,c124e92d
train/raw_data/sub-stroke0006/ses-01/sub-stroke0006_ses-01_cta.nii.gz,13526727,41d3b750
train/raw_data/sub-stroke0006/ses-01/sub-stroke0006_ses-01_ctp.nii.gz,42146505,19920118
train/raw_data/sub-stroke0006/ses-01/sub-stroke0006_ses-01_ncct.nii.gz,14061889,ccc8ff4a
train/raw_data/sub-stroke0007/ses-01/perfusion-maps/sub-stroke0007_ses-01_cbf.nii.gz,910779,1bf1468c
train/raw_data/sub-stroke0007/ses-01/perfusion-maps/sub-stroke0007_ses-01_cbv.nii.gz,919304,025c6083
train/raw_data/sub-stroke0007/ses-01/perfusion-maps/sub-stroke0007_ses-01_mtt.nii.gz,902842,aa6162b8
train/raw_data/sub-stroke0007/ses-01/perfusion-maps/sub-stroke0007_ses-01_tmax.nii.gz,237154,c02f039e
train/raw_data/sub-stroke0007/ses-01/sub-stroke0007_ses-01_cta.nii.gz,80528614,471e4275
train/raw_data/sub-stroke0007/ses-01/sub-stroke0007_ses-01_ctp.nii.gz,43105326,299be328
train/raw_data/sub-stroke0007/ses-01/sub-stroke0007_ses-01_ncct.nii.gz,16235795,a66fb7a0
train/raw_data/sub-stroke0008/ses-01/perfusion-maps/sub-stroke0008_ses-01_cbf.nii.gz,896836,e5e9bde3
train/raw_data/sub-stroke0008/ses-01/perfusion-maps/sub-stroke0008_ses-01_cbv.nii.gz,910009,1a73a7fa
train/raw_data/sub-stroke0008/ses-01/perfusion-maps/sub-stroke0008_ses-01_mtt.nii.gz,893485,067ce297
train/raw_data/sub-stroke0008/ses-01/perfusion-maps/sub-stroke0008_ses-01_tmax.nii.gz,206758,424ca1d9
train/raw_data/sub-stroke0008/ses-01/sub-stroke0008_ses-01_cta.nii.gz,50128426,4611caae
train/raw_data/sub-stroke0008/ses-01/sub-stroke0008_ses-01_ctp.nii.gz,41766752,27df8f64
train/raw_data/sub-stroke0008/ses-01/sub-stroke0008_ses-01_ncct.nii.gz,16425686,5b3bd637
train/raw_data/sub-stroke0009/ses-01/perfusion-maps/sub-stroke0009_ses-01_cbf.nii.gz,847072,3e48c42a
train/raw_data/sub-stroke0009/ses-01/perfusion-maps/sub-stroke0009_ses-01_cbv.nii.gz,854818,c2f63383
train/raw_data/sub-stroke0009/ses-01/perfusion-maps/sub-stroke0009_ses-01_mtt.nii.gz,842032,5ff1c260
train/raw_data/sub-stroke0009/ses-01/perfusion-maps/sub-stroke0009_ses-01_tmax.nii.gz,173282,6e861e86
train/raw_data/sub-stroke0009/ses-01/sub-stroke0009_ses-01_cta.nii.gz,43754103,0488717e
train/raw_data/sub-stroke0009/ses-01/sub-stroke0009_ses-01_ctp.nii.gz,42083956,31777132
train/raw_data/sub-stroke0009/ses-01/sub-stroke0009_ses-01_ncct.nii.gz,12699002,9141117f
train/raw_data/sub-stroke0010/ses-01/perfusion-maps/sub-stroke0010_ses-01_cbf.nii.gz,782012,e210273c
train/raw_data/sub-stroke0010/ses-01/perfusion-maps/sub-stroke0010_ses-01_cbv.nii.gz,793462,aa5b6c56
train/raw_data/sub-stroke0010/ses-01/perfusion-maps/sub-stroke0010_ses-01_mtt.nii.gz,776605,5323237a
train/raw_data/sub-stroke0010/ses-01/perfusion-maps/sub-stroke0010_ses-01_tmax.nii.gz,188359,5f34f803
train/raw_data/sub-stroke0010/ses-01/sub-stroke0010_ses-01_cta.nii.gz,65948880,d1bb4523
train/raw_data/sub-stroke0010/ses-01/sub-stroke0010_ses-01_ctp.nii.gz,41984563,192d627b
train/raw_data/sub-stroke0010/ses-01/sub-stroke0010_ses-01_ncct.nii.gz,17629960,40a90112
train/raw_data/sub-stroke0011/ses-01/perfusion-maps/sub-stroke0011_ses-01_cbf.nii.gz,796903,3fc2b258
train/raw_data/sub-stroke0011/ses-01/perfusion-maps/sub-stroke0011_ses-01_cbv.nii.gz,807694,a3f3f8e3
train/raw_data/sub-stroke0011/ses-01/perfusion-maps/sub-stroke0011_ses-01_mtt.nii.gz,794603,132e0f74
train/raw_data/sub-stroke0011/ses-01/perfusion-maps/sub-stroke0011_ses-01_tmax.nii.gz,167482,c1ca3b75
train/raw_data/sub-stroke0011/ses-01/sub-stroke0011_ses-01_cta.nii.gz,35631952,0d5f7b8d
train/raw_data/sub-stroke0011/ses-01/sub-stroke0011_ses-01_ctp.nii.gz,37313911,3fd7a767
train/raw_data/sub-stroke0011/ses-01/sub-stroke0011_ses-01_ncct.nii.gz,15429837,a2b7f869
train/raw_data/sub-stroke0012/ses-01/perfusion-maps/sub-stroke0012_ses-01_cbf.nii.gz,483542,09c119c2
train/raw_data/sub-stroke0012/ses-01/perfusion-maps/sub-stroke0012_ses-01_cbv.nii.gz,491237,54e7209d
train/raw_data/sub-stroke0012/ses-01/perfusion-maps/sub-stroke0012_ses-01_mtt.nii.gz,480787,99215ee2
train/raw_data/sub-stroke0012/ses-01/perfusion-maps/sub-stroke0012_ses-01_tmax.nii.gz,115521,4fa012f5
train/raw_data/sub-stroke0012/ses-01/sub-stroke0012_ses-01_cta.nii.gz,86420659,81208024
train/raw_data/sub-stroke0012/ses-01/sub-stroke0012_ses-01_ctp.nii.gz,21037044,b592a16c
train/raw_data/sub-stroke0012/ses-01/sub-stroke0012_ses-01_ncct.nii.gz,17133349,8d501c5f
train/raw_data/sub-stroke0013/ses-01/perfusion-maps/sub-stroke0013_ses-01_cbf.nii.gz,872082,ccb50f7a
train/raw_data/sub-stroke0013/ses-01/perfusion-maps/sub-stroke0013_ses-01_cbv.nii.gz,882407,214c9c52
train/raw_data/sub-stroke0013/ses-01/perfusion-maps/sub-stroke0013_ses-01_mtt.nii.gz,858467,2e9da01c
train/raw_data/sub-stroke0013/ses-01/perfusion-maps/sub-stroke0013_ses-01_tmax.nii.gz,217152,b6da809b
train/raw_data/sub-stroke0013/ses-01/sub-stroke0013_ses-01_cta.nii.gz,39564547,141ab0f6
train/raw_data/sub-stroke0013/ses-01/sub-stroke0013_ses-01_ctp.nii.gz,41604180,b433d0d8
train/raw_data/sub-stroke0013/ses-01/sub-stroke0013_ses-01_ncct.nii.gz,15605379,2d6d0056
train/raw_data/sub-stroke0014/ses-01/perfusion-maps/sub-stroke0014_ses-01_cbf.nii.gz,718542,a936bd00
train/raw_data/sub-stroke0014/ses-01/perfusion-maps/sub-stroke0014_ses-01_cbv.nii.gz,726837,9ff584f6
train/raw_data/sub-stroke0014/ses-01/perfusion-maps/sub-stroke0014_ses-01_mtt.nii.gz,711751,3495c714
train/raw_data/sub-stroke0014/ses-01/perfusion-maps/sub-stroke0014_ses-01_tmax.nii.gz,173651,3b287ed6
train/raw_data/sub-stroke0014/ses-01/sub-stroke0014_ses-01_cta.nii.gz,68334282,908d4414
train/raw_data/sub-stroke0014/ses-01/sub-stroke0014_ses-01_ctp.nii.gz,39092648,ded957fe
train/raw_data/sub-stroke0014/ses-01/sub-stroke0014_ses-01_ncct.nii.gz,17659160,b2141fb0
train/raw_data/sub-stroke0015/ses-01/perfusion-maps/sub-stroke0015_ses-01_cbf.nii.gz,952781,924f9210
train/raw_data/sub-stroke0015/ses-01/perfusion-maps/sub-stroke0015_ses-01_cbv.nii.gz,970327,6df46bfa
train/raw_data/sub-stroke0015/ses-01/perfusion-maps/sub-stroke0015_ses-01_mtt.nii.gz,949941,e2fd6ba0
train/raw_data/sub-stroke0015/ses-01/perfusion-maps/sub-stroke0015_ses-01_tmax.nii.gz,217456,8d514e63
train/raw_data/sub-stroke0015/ses-01/sub-stroke0015_ses-01_cta.nii.gz,28357517,3c7e09b3
train/raw_data/sub-stroke0015/ses-01/sub-stroke0015_ses-01_ctp.nii.gz,59348969,6ef8b176
train/raw_data/sub-stroke0015/ses-01/sub-stroke0015_ses-01_ncct.nii.gz,17129586,25bdd27c
train/raw_data/sub-stroke0016/ses-01/perfusion-maps/sub-stroke0016_ses-01_cbf.nii.gz,693390,eaf55d9d
train/raw_data/sub-stroke0016/ses-01/perfusion-maps/sub-stroke0016_ses-01_cbv.nii.gz,704606,9f2e9be4
train/raw_data/sub-stroke0016/ses-01/perfusion-maps/sub-stroke0016_ses-01_mtt.nii.gz,691516,da521aee
train/raw_data/sub-stroke0016/ses-01/perfusion-maps/sub-stroke0016_ses-01_tmax.nii.gz,176811,e463149e
train/raw_data/sub-stroke0016/ses-01/sub-stroke0016_ses-01_cta.nii.gz,50753028,b45ea78a
train/raw_data/sub-stroke0016/ses-01/sub-stroke0016_ses-01_ctp.nii.gz,38881338,715214ea
train/raw_data/sub-stroke0016/ses-01/sub-stroke0016_ses-01_ncct.nii.gz,5751347,a450d776
train/raw_data/sub-stroke0017/ses-01/perfusion-maps/sub-stroke0017_ses-01_cbf.nii.gz,769042,8a391642
train/raw_data/sub-stroke0017/ses-01/perfusion-maps/sub-stroke0017_ses-01_cbv.nii.gz,776783,36e58a86
train/raw_data/sub-stroke0017/ses-01/perfusion-maps/sub-stroke0017_ses-01_mtt.nii.gz,760040,896eda19
train/raw_data/sub-stroke0017/ses-01/perfusion-maps/sub-stroke0017_ses-01_tmax.nii.gz,181873,881aa0fe
train/raw_data/sub-stroke0017/ses-01/sub-stroke0017_ses-01_cta.nii.gz,59751352,f6b417c9
train/raw_data/sub-stroke0017/ses-01/sub-stroke0017_ses-01_ctp.nii.gz,38467284,d44930f3
train/raw_data/sub-stroke0017/ses-01/sub-stroke0017_ses-01_ncct.nii.gz,11757100,ef8e8559
train/raw_data/sub-stroke0019/ses-01/perfusion-maps/sub-stroke0019_ses-01_cbf.nii.gz,963125,31493d23
train/raw_data/sub-stroke0019/ses-01/perfusion-maps/sub-stroke0019_ses-01_cbv.nii.gz,980347,377e5ca7
train/raw_data/sub-stroke0019/ses-01/perfusion-maps/sub-stroke0019_ses-01_mtt.nii.gz,963166,3873f399
train/raw_data/sub-stroke0019/ses-01/perfusion-maps/sub-stroke0019_ses-01_tmax.nii.gz,214198,5209e7ca
train/raw_data/sub-stroke0019/ses-01/sub-stroke0019_ses-01_cta.nii.gz,61838484,dfd6ed49
train/raw_data/sub-stroke0019/ses-01/sub-stroke0019_ses-01_ctp.nii.gz,43865389,c49660c9
train/raw_data/sub-stroke0019/ses-01/sub-stroke0019_ses-01_ncct.nii.gz,18163473,0fb06d36
train/raw_data/sub-stroke0020/ses-01/perfusion-maps/sub-stroke0020_ses-01_cbf.nii.gz,868687,56095bde
train/raw_data/sub-stroke0020/ses-01/perfusion-maps/sub-stroke0020_ses-01_cbv.nii.gz,885197,06b33ef4
train/raw_data/sub-stroke0020/ses-01/perfusion-maps/sub-stroke0020_ses-01_mtt.nii.gz,871351,86f9acac
train/raw_data/sub-stroke0020/ses-01/perfusion-maps/sub-stroke0020_ses-01_tmax.nii.gz,194516,6db5d94a
train/raw_data/sub-stroke0020/ses-01/sub-stroke0020_ses-01_cta.nii.gz,33703071,8a935eef
train/raw_data/sub-stroke0020/ses-01/sub-stroke0020_ses-01_ctp.nii.gz,44919081,799b9af9
train/raw_data/sub-stroke0020/ses-01/sub-stroke0020_ses-01_ncct.nii.gz,18969626,47846c22
train/raw_data/sub-stroke0021/ses-01/perfusion-maps/sub-stroke0021_ses-01_cbf.nii.gz,722864,145e9834
train/raw_data/sub-stroke0021/ses-01/perfusion-maps/sub-stroke0021_ses-01_cbv.nii.gz,729241,48ebd3c2
train/raw_data/sub-stroke0021/ses-01/perfusion-maps/sub-stroke0021_ses-01_mtt.nii.gz,710453,29a90755
train/raw_data/sub-stroke0021/ses-01/perfusion-maps/sub-stroke0021_ses-01_tmax.nii.gz,153263,1b83c029
train/raw_data/sub-stroke0021/ses-01/sub-stroke0021_ses-01_cta.nii.gz,55054929,14cfb5d6
train/raw_data/sub-stroke0021/ses-01/sub-stroke0021_ses-01_ctp.nii.gz,37625781,b9ac9a4a
train/raw_data/sub-stroke0021/ses-01/sub-stroke0021_ses-01_ncct.nii.gz,12350072,26a8520f
train/raw_data/sub-stroke0022/ses-01/perfusion-maps/sub-stroke0022_ses-01_cbf.nii.gz,714278,8bdf0372
train/raw_data/sub-stroke0022/ses-01/perfusion-maps/sub-stroke0022_ses-01_cbv.nii.gz,722832,32042886
train/raw_data/sub-stroke0022/ses-01/perfusion-maps/sub-stroke0022_ses-01_mtt.nii.gz,707773,9b6b7a42
train/raw_data/sub-stroke0022/ses-01/perfusion-maps/sub-stroke0022_ses-01_tmax.nii.gz,201549,b399ac6a
train/raw_data/sub-stroke0022/ses-01/sub-stroke0022_ses-01_cta.nii.gz,37939568,55733e59
train/raw_data/sub-stroke0022/ses-01/sub-stroke0022_ses-01_ctp.nii.gz,37280651,c2ee5325
train/raw_data/sub-stroke0022/ses-01/sub-stroke0022_ses-01_ncct.nii.gz,11157496,e3e1eca2
train/raw_data/sub-stroke0025/ses-01/perfusion-maps/sub-stroke0025_ses-01_cbf.nii.gz,941027,d272f0d3
train/raw_data/sub-stroke0025/ses-01/perfusion-maps/sub-stroke0025_ses-01_cbv.nii.gz,953822,e476fec1
train/raw_data/sub-stroke0025/ses-01/perfusion-maps/sub-stroke0025_ses-01_mtt.nii.gz,937414,be067af6
train/raw_data/sub-stroke0025/ses-01/perfusion-maps/sub-stroke0025_ses-01_tmax.nii.gz,195125,0551b16a
train/raw_data/sub-stroke0025/ses-01/sub-stroke0025_ses-01_cta.nii.gz,22357102,05fbc09d
train/raw_data/sub-stroke0025/ses-01/sub-stroke0025_ses-01_ctp.nii.gz,38646437,c4276285
train/raw_data/sub-stroke0025/ses-01/sub-stroke0025_ses-01_ncct.nii.gz,15598250,3d46ca06
train/raw_data/sub-stroke0026/ses-01/perfusion-maps/sub-stroke0026_ses-01_cbf.nii.gz,1129201,deaff3a4
train/raw_data/sub-stroke0026/ses-01/perfusion-maps/sub-stroke0026_ses-01_cbv.nii.gz,1145044,531e6db0
train/raw_data/sub-stroke0026/ses-01/perfusion-maps/sub-stroke0026_ses-01_mtt.nii.gz,1128705,c9114bb8
train/raw_data/sub-stroke0026/ses-01/perfusion-maps/sub-stroke0026_ses-01_tmax.nii.gz,310374,78d16468
train/raw_data/sub-stroke0026/ses-01/sub-stroke0026_ses-01_cta.nii.gz,19194924,62d99c08
train/raw_data/sub-stroke0026/ses-01/sub-stroke0026_ses-01_ctp.nii.gz,55776774,183dad83
train/raw_data/sub-stroke0026/ses-01/sub-stroke0026_ses-01_ncct.nii.gz,15769967,23064c85
train/raw_data/sub-stroke0027/ses-01/perfusion-maps/sub-stroke0027_ses-01_cbf.nii.gz,700540,edf79bb9
train/raw_data/sub-stroke0027/ses-01/perfusion-maps/sub-stroke0027_ses-01_cbv.nii.gz,708606,66c21550
train/raw_data/sub-stroke0027/ses-01/perfusion-maps/sub-stroke0027_ses-01_mtt.nii.gz,694974,9258a684
train/raw_data/sub-stroke0027/ses-01/perfusion-maps/sub-stroke0027_ses-01_tmax.nii.gz,145717,16c27dd6
train/raw_data/sub-stroke0027/ses-01/sub-stroke0027_ses-01_cta.nii.gz,12938742,4ac2c208
train/raw_data/sub-stroke0027/ses-01/sub-stroke0027_ses-01_ctp.nii.gz,36816186,37dc815b
train/raw_data/sub-stroke0027/ses-01/sub-stroke0027_ses-01_ncct.nii.gz,12718462,997ebc8f
train/raw_data/sub-stroke0028/ses-01/perfusion-maps/sub-stroke0028_ses-01_cbf.nii.gz,398271,b4db9516
train/raw_data/sub-stroke0028/ses-01/perfusion-maps/sub-stroke0028_ses-01_cbv.nii.gz,404510,bd2ce7b0
train/raw_data/sub-stroke0028/ses-01/perfusion-maps/sub-stroke0028_ses-01_mtt.nii.gz,396383,e2747882
train/raw_data/sub-stroke0028/ses-01/perfusion-maps/sub-stroke0028_ses-01_tmax.nii.gz,90415,3a16ff1a
train/raw_data/sub-stroke0028/ses-01/sub-stroke0028_ses-01_cta.nii.gz,47754180,73404159
train/raw_data/sub-stroke0028/ses-01/sub-stroke0028_ses-01_ctp.nii.gz,22123795,f872ed66
train/raw_data/sub-stroke0028/ses-01/sub-stroke0028_ses-01_ncct.nii.gz,14057980,46b8d1ed
train/raw_data/sub-stroke0030/ses-01/perfusion-maps/sub-stroke0030_ses-01_cbf.nii.gz,488090,2cd7ed0f
train/raw_data/sub-stroke0030/ses-01/perfusion-maps/sub-stroke0030_ses-01_cbv.nii.gz,494803,614515e2
train/raw_data/sub-stroke0030/ses-01/perfusion-maps/sub-stroke0030_ses-01_mtt.nii.gz,485942,1764b1ec
train/raw_data/sub-stroke0030/ses-01/perfusion-maps/sub-stroke0030_ses-01_tmax.nii.gz,117910,5388806a
train/raw_data/sub-stroke0030/ses-01/sub-stroke0030_ses-01_cta.nii.gz,17198431,f2a5d541
train/raw_data/sub-stroke0030/ses-01/sub-stroke0030_ses-01_ctp.nii.gz,17302066,09f67afe
train/raw_data/sub-stroke0030/ses-01/sub-stroke0030_ses-01_ncct.nii.gz,13197877,7b593bac
train/raw_data/sub-stroke0033/ses-01/perfusion-maps/sub-stroke0033_ses-01_cbf.nii.gz,906047,195edd57
train/raw_data/sub-stroke0033/ses-01/perfusion-maps/sub-stroke0033_ses-01_cbv.nii.gz,922602,1a787e64
train/raw_data/sub-stroke0033/ses-01/perfusion-maps/sub-stroke0033_ses-01_mtt.nii.gz,905552,dfb4cc8a
train/raw_data/sub-stroke0033/ses-01/perfusion-maps/sub-stroke0033_ses-01_tmax.nii.gz,226023,7733b49f
train/raw_data/sub-stroke0033/ses-01/sub-stroke0033_ses-01_cta.nii.gz,58230840,68ff3d73
train/raw_data/sub-stroke0033/ses-01/sub-stroke0033_ses-01_ctp.nii.gz,45754118,465fe94a
train/raw_data/sub-stroke0033/ses-01/sub-stroke0033_ses-01_ncct.nii.gz,19077637,a0455784
train/raw_data/sub-stroke0036/ses-01/perfusion-maps/sub-stroke0036_ses-01_cbf.nii.gz,845404,d7829ee8
train/raw_data/sub-stroke0036/ses-01/perfusion-maps/sub-stroke0036_ses-01_cbv.nii.gz,855261,8b211162
train/raw_data/sub-stroke0036/ses-01/perfusion-maps/sub-stroke0036_ses-01_mtt.nii.gz,832760,0937f8b5
train/raw_data/sub-stroke0036/ses-01/perfusion-maps/sub-stroke0036_ses-01_tmax.nii.gz,169704,b9798ee0
train/raw_data/sub-stroke0036/ses-01/sub-stroke0036_ses-01_cta.nii.gz,15709145,23ceb50e
train/raw_data/sub-stroke0036/ses-01/sub-stroke0036_ses-01_ctp.nii.gz,40977111,1e20932d
train/raw_data/sub-stroke0036/ses-01/sub-stroke0036_ses-01_ncct.nii.gz,15267663,88c17a80
train/raw_data/sub-stroke0037/ses-01/perfusion-maps/sub-stroke0037_ses-01_cbf.nii.gz,420087,9d9a75b9
train/raw_data/sub-stroke0037/ses-01/perfusion-maps/sub-stroke0037_ses-01_cbv.nii.gz,425977,7c7b8c96
train/raw_data/sub-stroke0037/ses-01/perfusion-maps/sub-stroke0037_ses-01_mtt.nii.gz,416387,aa0641ff
train/raw_data/sub-stroke0037/ses-01/perfusion-maps/sub-stroke0037_ses-01_tmax.nii.gz,108116,25cbb75d
train/raw_data/sub-stroke0037/ses-01/sub-stroke0037_ses-01_cta.nii.gz,26682939,687740ff
train/raw_data/sub-stroke0037/ses-01/sub-stroke0037_ses-01_ctp.nii.gz,19170393,2a2a8934
train/raw_data/sub-stroke0037/ses-01/sub-stroke0037_ses-01_ncct.nii.gz,7922745,9d56246a
train/raw_data/sub-stroke0038/ses-01/perfusion-maps/sub-stroke0038_ses-01_cbf.nii.gz,361837,f96be1a6
train/raw_data/sub-stroke0038/ses-01/perfusion-maps/sub-stroke0038_ses-01_cbv.nii.gz,362325,a0c4af79
train/raw_data/sub-stroke0038/ses-01/perfusion-maps/sub-stroke0038_ses-01_mtt.nii.gz,356664,097cc3a2
train/raw_data/sub-stroke0038/ses-01/perfusion-maps/sub-stroke0038_ses-01_tmax.nii.gz,70546,7e81f686
train/raw_data/sub-stroke0038/ses-01/sub-stroke0038_ses-01_cta.nii.gz,36018241,6c3292ae
train/raw_data/sub-stroke0038/ses-01/sub-stroke0038_ses-01_ctp.nii.gz,20166808,016f8c57
train/raw_data/sub-stroke0038/ses-01/sub-stroke0038_ses-01_ncct.nii.gz,10309355,4d2f5b6f
train/raw_data/sub-stroke0040/ses-01/perfusion-maps/sub-stroke0040_ses-01_cbf.nii.gz,432705,1d6bec97
train/raw_data/sub-stroke0040/ses-01/perfusion-maps/sub-stroke0040_ses-01_cbv.nii.gz,439141,2ff3ea6b
train/raw_data/sub-stroke0040/ses-01/perfusion-maps/sub-stroke0040_ses-01_mtt.nii.gz,430789,03e8d4f0
train/raw_data/sub-stroke0040/ses-01/perfusion-maps/sub-stroke0040_ses-01_tmax.nii.gz,104237,2ec99aeb
train/raw_data/sub-stroke0040/ses-01/sub-stroke0040_ses-01_cta.nii.gz,34714086,1f8c4fa2
train/raw_data/sub-stroke0040/ses-01/sub-stroke0040_ses-01_ctp.nii.gz,39890203,46011a0e
train/raw_data/sub-stroke0040/ses-01/sub-stroke0040_ses-01_ncct.nii.gz,29297014,172fe12a
train/raw_data/sub-stroke0043/ses-01/perfusion-maps/sub-stroke0043_ses-01_cbf.nii.gz,848455,2bc3a02c
train/raw_data/sub-stroke0043/ses-01/perfusion-maps/sub-stroke0043_ses-01_cbv.nii.gz,864464,c511f738
train/raw_data/sub-stroke0043/ses-01/perfusion-maps/sub-stroke0043_ses-01_mtt.nii.gz,854218,f6a3eec1
train/raw_data/sub-stroke0043/ses-01/perfusion-maps/sub-stroke0043_ses-01_tmax.nii.gz,206047,3a42da15
train/raw_data/sub-stroke0043/ses-01/sub-stroke0043_ses-01_cta.nii.gz,18073800,4a4ce33b
train/raw_data/sub-stroke0043/ses-01/sub-stroke0043_ses-01_ctp.nii.gz,39662302,a46c0057
train/raw_data/sub-stroke0043/ses-01/sub-stroke0043_ses-01_ncct.nii.gz,13215209,6060efd2
train/raw_data/sub-stroke0045/ses-01/perfusion-maps/sub-stroke0045_ses-01_cbf.nii.gz,751167,5fa5cdec
train/raw_data/sub-stroke0045/ses-01/perfusion-maps/sub-stroke0045_ses-01_cbv.nii.gz,761743,e7e42b8e
train/raw_data/sub-stroke0045/ses-01/perfusion-maps/sub-stroke0045_ses-01_mtt.nii.gz,747348,bf0fc706
train/raw_data/sub-stroke0045/ses-01/perfusion-maps/sub-stroke0045_ses-01_tmax.nii.gz,159796,118288cc
train/raw_data/sub-stroke0045/ses-01/sub-stroke0045_ses-01_cta.nii.gz,31691081,a6f4219a
train/raw_data/sub-stroke0045/ses-01/sub-stroke0045_ses-01_ctp.nii.gz,40054055,0765088d
train/raw_data/sub-stroke0045/ses-01/sub-stroke0045_ses-01_ncct.nii.gz,17005598,74f169c8
train/raw_data/sub-stroke0047/ses-01/perfusion-maps/sub-stroke0047_ses-01_cbf.nii.gz,802814,e01fd689
train/raw_data/sub-stroke0047/ses-01/perfusion-maps/sub-stroke0047_ses-01_cbv.nii.gz,810794,9dd57ef9
train/raw_data/sub-stroke0047/ses-01/perfusion-maps/sub-stroke0047_ses-01_mtt.nii.gz,785071,8fe7a564
train/raw_data/sub-stroke0047/ses-01/perfusion-maps/sub-stroke0047_ses-01_tmax.nii.gz,174968,4f3a74f3
train/raw_data/sub-stroke0047/ses-01/sub-stroke0047_ses-01_cta.nii.gz,45090525,43d175d8
train/raw_data/sub-stroke0047/ses-01/sub-stroke0047_ses-01_ctp.nii.gz,38934721,5a367be7
train/raw_data/sub-stroke0047/ses-01/sub-stroke0047_ses-01_ncct.nii.gz,15044756,57f143e2
train/raw_data/sub-stroke0048/ses-01/perfusion-maps/sub-stroke0048_ses-01_cbf.nii.gz,834962,d723e3dd
train/raw_data/sub-stroke0048/ses-01/perfusion-maps/sub-stroke0048_ses-01_cbv.nii.gz,848505,6b26ff96
train/raw_data/sub-stroke0048/ses-01/perfusion-maps/sub-stroke0048_ses-01_mtt.nii.gz,833534,187e3ce2
train/raw_data/sub-stroke0048/ses-01/perfusion-maps/sub-stroke0048_ses-01_tmax.nii.gz,187348,f055dce2
train/raw_data/sub-stroke0048/ses-01/sub-stroke0048_ses-01_cta.nii.gz,70076434,12f6d9ea
train/raw_data/sub-stroke0048/ses-01/sub-stroke0048_ses-01_ctp.nii.gz,39394385,dfda8993
train/raw_data/sub-stroke0048/ses-01/sub-stroke0048_ses-01_ncct.nii.gz,14956067,c11857ea
train/raw_data/sub-stroke0049/ses-01/perfusion-maps/sub-stroke0049_ses-01_cbf.nii.gz,768844,1710c820
train/raw_data/sub-stroke0049/ses-01/perfusion-maps/sub-stroke0049_ses-01_cbv.nii.gz,775971,1a930cac
train/raw_data/sub-stroke0049/ses-01/perfusion-maps/sub-stroke0049_ses-01_mtt.nii.gz,759292,3492d852
train/raw_data/sub-stroke0049/ses-01/perfusion-maps/sub-stroke0049_ses-01_tmax.nii.gz,170718,854646ef
train/raw_data/sub-stroke0049/ses-01/sub-stroke0049_ses-01_cta.nii.gz,71547593,713e87cf
train/raw_data/sub-stroke0049/ses-01/sub-stroke0049_ses-01_ctp.nii.gz,39683956,9a8398e3
train/raw_data/sub-stroke0049/ses-01/sub-stroke0049_ses-01_ncct.nii.gz,15634644,18a26201
train/raw_data/sub-stroke0052/ses-01/perfusion-maps/sub-stroke0052_ses-01_cbf.nii.gz,914332,3c2411d1
train/raw_data/sub-stroke0052/ses-01/perfusion-maps/sub-stroke0052_ses-01_cbv.nii.gz,927958,081151c4
train/raw_data/sub-stroke0052/ses-01/perfusion-maps/sub-stroke0052_ses-01_mtt.nii.gz,908302,af08dae2
train/raw_data/sub-stroke0052/ses-01/perfusion-maps/sub-stroke0052_ses-01_tmax.nii.gz,223187,3969d1cb
train/raw_data/sub-stroke0052/ses-01/sub-stroke0052_ses-01_cta.nii.gz,16073267,c74a455d
train/raw_data/sub-stroke0052/ses-01/sub-stroke0052_ses-01_ctp.nii.gz,43128158,844e5177
train/raw_data/sub-stroke0052/ses-01/sub-stroke0052_ses-01_ncct.nii.gz,16778847,944bf99d
train/raw_data/sub-stroke0053/ses-01/perfusion-maps/sub-stroke0053_ses-01_cbf.nii.gz,818848,430fe990
train/raw_data/sub-stroke0053/ses-01/perfusion-maps/sub-stroke0053_ses-01_cbv.nii.gz,835126,b3c729dc
train/raw_data/sub-stroke0053/ses-01/perfusion-maps/sub-stroke0053_ses-01_mtt.nii.gz,821854,72c28dda
train/raw_data/sub-stroke0053/ses-01/perfusion-maps/sub-stroke0053_ses-01_tmax.nii.gz,203610,f279f0b4
train/raw_data/sub-stroke0053/ses-01/sub-stroke0053_ses-01_cta.nii.gz,42216231,aa077de5
train/raw_data/sub-stroke0053/ses-01/sub-stroke0053_ses-01_ctp.nii.gz,39454647,cc87f8b9
train/raw_data/sub-stroke0053/ses-01/sub-stroke0053_ses-01_ncct.nii.gz,10053317,424ad7b6
train/raw_data/sub-stroke0054/ses-01/perfusion-maps/sub-stroke0054_ses-01_cbf.nii.gz,1138208,3b3cdc44
train/raw_data/sub-stroke0054/ses-01/perfusion-maps/sub-stroke0054_ses-01_cbv.nii.gz,1150439,c4af9688
train/raw_data/sub-stroke0054/ses-01/perfusion-maps/sub-stroke0054_ses-01_mtt.nii.gz,1122789,3a7d3b78
train/raw_data/sub-stroke0054/ses-01/perfusion-maps/sub-stroke0054_ses-01_tmax.nii.gz,234082,fa1ac4ae
train/raw_data/sub-stroke0054/ses-01/sub-stroke0054_ses-01_cta.nii.gz,44348370,462cdcb4
train/raw_data/sub-stroke0054/ses-01/sub-stroke0054_ses-01_ctp.nii.gz,49734782,d9cf0220
train/raw_data/sub-stroke0054/ses-01/sub-stroke0054_ses-01_ncct.nii.gz,16497151,f550d4d4
train/raw_data/sub-stroke0055/ses-01/perfusion-maps/sub-stroke0055_ses-01_cbf.nii.gz,918446,d725fd56
train/raw_data/sub-stroke0055/ses-01/perfusion-maps/sub-stroke0055_ses-01_cbv.nii.gz,930212,594301ae
train/raw_data/sub-stroke0055/ses-01/perfusion-maps/sub-stroke0055_ses-01_mtt.nii.gz,903528,fff516db
train/raw_data/sub-stroke0055/ses-01/perfusion-maps/sub-stroke0055_ses-01_tmax.nii.gz,175165,8afb2b81
train/raw_data/sub-stroke0055/ses-01/sub-stroke0055_ses-01_cta.nii.gz,15006304,3c479e65
train/raw_data/sub-stroke0055/ses-01/sub-stroke0055_ses-01_ctp.nii.gz,41270929,70cbba5e
train/raw_data/sub-stroke0055/ses-01/sub-stroke0055_ses-01_ncct.nii.gz,16347133,e9e4ad4d
train/raw_data/sub-stroke0057/ses-01/perfusion-maps/sub-stroke0057_ses-01_cbf.nii.gz,790797,a6252a7f
train/raw_data/sub-stroke0057/ses-01/perfusion-maps/sub-stroke0057_ses-01_cbv.nii.gz,798013,7c1bb129
train/raw_data/sub-stroke0057/ses-01/perfusion-maps/sub-stroke0057_ses-01_mtt.nii.gz,776550,a174bc6a
train/raw_data/sub-stroke0057/ses-01/perfusion-maps/sub-stroke0057_ses-01_tmax.nii.gz,168673,4c000438
train/raw_data/sub-stroke0057/ses-01/sub-stroke0057_ses-01_cta.nii.gz,16848920,2ca05e03
train/raw_data/sub-stroke0057/ses-01/sub-stroke0057_ses-01_ctp.nii.gz,38452020,385784e6
train/raw_data/sub-stroke0057/ses-01/sub-stroke0057_ses-01_ncct.nii.gz,9297381,4c0d54c7
train/raw_data/sub-stroke0062/ses-01/perfusion-maps/sub-stroke0062_ses-01_cbf.nii.gz,918970,fd5c2b88
train/raw_data/sub-stroke0062/ses-01/perfusion-maps/sub-stroke0062_ses-01_cbv.nii.gz,931391,fed0f6f5
train/raw_data/sub-stroke0062/ses-01/perfusion-maps/sub-stroke0062_ses-01_mtt.nii.gz,912039,2fd9b62c
train/raw_data/sub-stroke0062/ses-01/perfusion-maps/sub-stroke0062_ses-01_tmax.nii.gz,195255,1edf8bab
train/raw_data/sub-stroke0062/ses-01/sub-stroke0062_ses-01_cta.nii.gz,51991918,53ada7a1
train/raw_data/sub-stroke0062/ses-01/sub-stroke0062_ses-01_ctp.nii.gz,42240513,91eee3bf
train/raw_data/sub-stroke0062/ses-01/sub-stroke0062_ses-01_ncct.nii.gz,16820332,e1133c5d
train/raw_data/sub-stroke0066/ses-01/perfusion-maps/sub-stroke0066_ses-01_cbf.nii.gz,243791,f5ab8a5f
train/raw_data/sub-stroke0066/ses-01/perfusion-maps/sub-stroke0066_ses-01_cbv.nii.gz,245401,f138174f
train/raw_data/sub-stroke0066/ses-01/perfusion-maps/sub-stroke0066_ses-01_mtt.nii.gz,238006,6505707f
train/raw_data/sub-stroke0066/ses-01/perfusion-maps/sub-stroke0066_ses-01_tmax.nii.gz,47723,103ef0b8
train/raw_data/sub-stroke0066/ses-01/sub-stroke0066_ses-01_cta.nii.gz,18721172,432b5dcc
train/raw_data/sub-stroke0066/ses-01/sub-stroke0066_ses-01_ctp.nii.gz,11164058,4661169f
train/raw_data/sub-stroke0066/ses-01/sub-stroke0066_ses-01_ncct.nii.gz,12899741,2a0d6c2d
train/raw_data/sub-stroke0068/ses-01/perfusion-maps/sub-stroke0068_ses-01_cbf.nii.gz,881648,1843d017
train/raw_data/sub-stroke0068/ses-01/perfusion-maps/sub-stroke0068_ses-01_cbv.nii.gz,890944,bd26f9dd
train/raw_data/sub-stroke0068/ses-01/perfusion-maps/sub-stroke0068_ses-01_mtt.nii.gz,873693,f5d778bb
train/raw_data/sub-stroke0068/ses-01/perfusion-maps/sub-stroke0068_ses-01_tmax.nii.gz,199626,c9a0f7c6
train/raw_data/sub-stroke0068/ses-01/sub-stroke0068_ses-01_cta.nii.gz,50960381,554dc35f
train/raw_data/sub-stroke0068/ses-01/sub-stroke0068_ses-01_ctp.nii.gz,42503910,5663bc93
train/raw_data/sub-stroke0068/ses-01/sub-stroke0068_ses-01_ncct.nii.gz,15321669,4a7055df
train/raw_data/sub-stroke0070/ses-01/perfusion-maps/sub-stroke0070_ses-01_cbf.nii.gz,371850,3509d703
train/raw_data/sub-stroke0070/ses-01/perfusion-maps/sub-stroke0070_ses-01_cbv.nii.gz,374974,6f145cd7
train/raw_data/sub-stroke0070/ses-01/perfusion-maps/sub-stroke0070_ses-01_mtt.nii.gz,366395,32fea882
train/raw_data/sub-stroke0070/ses-01/perfusion-maps/sub-stroke0070_ses-01_tmax.nii.gz,104107,338e41e7
train/raw_data/sub-stroke0070/ses-01/sub-stroke0070_ses-01_cta.nii.gz,27441096,22fa3383
train/raw_data/sub-stroke0070/ses-01/sub-stroke0070_ses-01_ctp.nii.gz,20253865,6daf5617
train/raw_data/sub-stroke0070/ses-01/sub-stroke0070_ses-01_ncct.nii.gz,11357210,ff1521c4
train/raw_data/sub-stroke0071/ses-01/perfusion-maps/sub-stroke0071_ses-01_cbf.nii.gz,784119,3ecdb8f2
train/raw_data/sub-stroke0071/ses-01/perfusion-maps/sub-stroke0071_ses-01_cbv.nii.gz,791960,a3ce8d08
train/raw_data/sub-stroke0071/ses-01/perfusion-maps/sub-stroke0071_ses-01_mtt.nii.gz,774026,aab61042
train/raw_data/sub-stroke0071/ses-01/perfusion-maps/sub-stroke0071_ses-01_tmax.nii.gz,165377,48cb620f
train/raw_data/sub-stroke0071/ses-01/sub-stroke0071_ses-01_cta.nii.gz,60966146,2bdc2fa8
train/raw_data/sub-stroke0071/ses-01/sub-stroke0071_ses-01_ctp.nii.gz,36973200,f97710bb
train/raw_data/sub-stroke0071/ses-01/sub-stroke0071_ses-01_ncct.nii.gz,11366598,319c03f5
train/raw_data/sub-stroke0073/ses-01/perfusion-maps/sub-stroke0073_ses-01_cbf.nii.gz,391165,2371ceea
train/raw_data/sub-stroke0073/ses-01/perfusion-maps/sub-stroke0073_ses-01_cbv.nii.gz,396585,2087a73c
train/raw_data/sub-stroke0073/ses-01/perfusion-maps/sub-stroke0073_ses-01_mtt.nii.gz,388252,df573ac8
train/raw_data/sub-stroke0073/ses-01/perfusion-maps/sub-stroke0073_ses-01_tmax.nii.gz,79940,436e5de0
train/raw_data/sub-stroke0073/ses-01/sub-stroke0073_ses-01_cta.nii.gz,8695943,c0cfedf4
train/raw_data/sub-stroke0073/ses-01/sub-stroke0073_ses-01_ctp.nii.gz,21541731,9e9499a3
train/raw_data/sub-stroke0073/ses-01/sub-stroke0073_ses-01_ncct.nii.gz,11676850,8384e8de
train/raw_data/sub-stroke0074/ses-01/perfusion-maps/sub-stroke0074_ses-01_cbf.nii.gz,462597,5d5b7f56
train/raw_data/sub-stroke0074/ses-01/perfusion-maps/sub-stroke0074_ses-01_cbv.nii.gz,467382,dc7f983d
train/raw_data/sub-stroke0074/ses-01/perfusion-maps/sub-stroke0074_ses-01_mtt.nii.gz,456064,f133adad
train/raw_data/sub-stroke0074/ses-01/perfusion-maps/sub-stroke0074_ses-01_tmax.nii.gz,108523,2057ee5e
train/raw_data/sub-stroke0074/ses-01/sub-stroke0074_ses-01_cta.nii.gz,34412096,6ceb272c
train/raw_data/sub-stroke0074/ses-01/sub-stroke0074_ses-01_ctp.nii.gz,22004779,36085d67
train/raw_data/sub-stroke0074/ses-01/sub-stroke0074_ses-01_ncct.nii.gz,12597486,5414281e
train/raw_data/sub-stroke0075/ses-01/perfusion-maps/sub-stroke0075_ses-01_cbf.nii.gz,868723,13b7404a
train/raw_data/sub-stroke0075/ses-01/perfusion-maps/sub-stroke0075_ses-01_cbv.nii.gz,882495,7b06ec18
train/raw_data/sub-stroke0075/ses-01/perfusion-maps/sub-stroke0075_ses-01_mtt.nii.gz,867768,91154be6
train/raw_data/sub-stroke0075/ses-01/perfusion-maps/sub-stroke0075_ses-01_tmax.nii.gz,235177,07887958
train/raw_data/sub-stroke0075/ses-01/sub-stroke0075_ses-01_cta.nii.gz,40365103,aaf15015
train/raw_data/sub-stroke0075/ses-01/sub-stroke0075_ses-01_ctp.nii.gz,41525498,143f71e3
train/raw_data/sub-stroke0075/ses-01/sub-stroke0075_ses-01_ncct.nii.gz,15462059,eb27753a
train/raw_data/sub-stroke0076/ses-01/perfusion-maps/sub-stroke0076_ses-01_cbf.nii.gz,820363,7b105aac
train/raw_data/sub-stroke0076/ses-01/perfusion-maps/sub-stroke0076_ses-01_cbv.nii.gz,828211,52588ab9
train/raw_data/sub-stroke0076/ses-01/perfusion-maps/sub-stroke0076_ses-01_mtt.nii.gz,810117,38581613
train/raw_data/sub-stroke0076/ses-01/perfusion-maps/sub-stroke0076_ses-01_tmax.nii.gz,208887,083f7182
train/raw_data/sub-stroke0076/ses-01/sub-stroke0076_ses-01_cta.nii.gz,43569753,0bc40455
train/raw_data/sub-stroke0076/ses-01/sub-stroke0076_ses-01_ctp.nii.gz,41347321,386be6ad
train/raw_data/sub-stroke0076/ses-01/sub-stroke0076_ses-01_ncct.nii.gz,13500257,0dcfcd8e
train/raw_data/sub-stroke0077/ses-01/perfusion-maps/sub-stroke0077_ses-01_cbf.nii.gz,981464,748af067
train/raw_data/sub-stroke0077/ses-01/perfusion-maps/sub-stroke0077_ses-01_cbv.nii.gz,997596,c191f621
train/raw_data/sub-stroke0077/ses-01/perfusion-maps/sub-stroke0077_ses-01_mtt.nii.gz,981139,2a8baecf
train/raw_data/sub-stroke0077/ses-01/perfusion-maps/sub-stroke0077_ses-01_tmax.nii.gz,255350,9d18e4b9
train/raw_data/sub-stroke0077/ses-01/sub-stroke0077_ses-01_cta.nii.gz,44332729,a0fb145f
train/raw_data/sub-stroke0077/ses-01/sub-stroke0077_ses-01_ctp.nii.gz,49840686,98d01ea8
train/raw_data/sub-stroke0077/ses-01/sub-stroke0077_ses-01_ncct.nii.gz,16641837,c46aa53a
train/raw_data/sub-stroke0078/ses-01/perfusion-maps/sub-stroke0078_ses-01_cbf.nii.gz,970595,4a397bf6
train/raw_data/sub-stroke0078/ses-01/perfusion-maps/sub-stroke0078_ses-01_cbv.nii.gz,985189,f4a313b0
train/raw_data/sub-stroke0078/ses-01/perfusion-maps/sub-stroke0078_ses-01_mtt.nii.gz,971161,260ec458
train/raw_data/sub-stroke0078/ses-01/perfusion-maps/sub-stroke0078_ses-01_tmax.nii.gz,221976,51d2fc90
train/raw_data/sub-stroke0078/ses-01/sub-stroke0078_ses-01_cta.nii.gz,46741154,7343dc95
train/raw_data/sub-stroke0078/ses-01/sub-stroke0078_ses-01_ctp.nii.gz,48658003,bee4ad6d
train/raw_data/sub-stroke0078/ses-01/sub-stroke0078_ses-01_ncct.nii.gz,16826103,72580122
train/raw_data/sub-stroke0079/ses-01/perfusion-maps/sub-stroke0079_ses-01_cbf.nii.gz,779221,0f523a99
train/raw_data/sub-stroke0079/ses-01/perfusion-maps/sub-stroke0079_ses-01_cbv.nii.gz,792239,da8500ae
train/raw_data/sub-stroke0079/ses-01/perfusion-maps/sub-stroke0079_ses-01_mtt.nii.gz,779133,c10b1566
train/raw_data/sub-stroke0079/ses-01/perfusion-maps/sub-stroke0079_ses-01_tmax.nii.gz,202879,784f96c1
train/raw_data/sub-stroke0079/ses-01/sub-stroke0079_ses-01_cta.nii.gz,47353241,0bf370a6
train/raw_data/sub-stroke0079/ses-01/sub-stroke0079_ses-01_ctp.nii.gz,43621131,2bb1999d
train/raw_data/sub-stroke0079/ses-01/sub-stroke0079_ses-01_ncct.nii.gz,15637304,65e8f3c0
train/raw_data/sub-stroke0080/ses-01/perfusion-maps/sub-stroke0080_ses-01_cbf.nii.gz,818861,013d60aa
train/raw_data/sub-stroke0080/ses-01/perfusion-maps/sub-stroke0080_ses-01_cbv.nii.gz,820684,70a35753
train/raw_data/sub-stroke0080/ses-01/perfusion-maps/sub-stroke0080_ses-01_mtt.nii.gz,797324,88f68556
train/raw_data/sub-stroke0080/ses-01/perfusion-maps/sub-stroke0080_ses-01_tmax.nii.gz,182653,164b70d2
train/raw_data/sub-stroke0080/ses-01/sub-stroke0080_ses-01_cta.nii.gz,51509124,b35ef29a
train/raw_data/sub-stroke0080/ses-01/sub-stroke0080_ses-01_ctp.nii.gz,42076969,75089dd4
train/raw_data/sub-stroke0080/ses-01/sub-stroke0080_ses-01_ncct.nii.gz,16019265,94f962a0
train/raw_data/sub-stroke0081/ses-01/perfusion-maps/sub-stroke0081_ses-01_cbf.nii.gz,862102,97b42632
train/raw_data/sub-stroke0081/ses-01/perfusion-maps/sub-stroke0081_ses-01_cbv.nii.gz,868875,b5d1060a
train/raw_data/sub-stroke0081/ses-01/perfusion-maps/sub-stroke0081_ses-01_mtt.nii.gz,843436,593f878d
train/raw_data/sub-stroke0081/ses-01/perfusion-maps/sub-stroke0081_ses-01_tmax.nii.gz,165788,bb0f20d8
train/raw_data/sub-stroke0081/ses-01/sub-stroke0081_ses-01_cta.nii.gz,49452841,2215e464
train/raw_data/sub-stroke0081/ses-01/sub-stroke0081_ses-01_ctp.nii.gz,40558135,9d94d048
train/raw_data/sub-stroke0081/ses-01/sub-stroke0081_ses-01_ncct.nii.gz,14906768,59f3fdd0
train/raw_data/sub-stroke0082/ses-01/perfusion-maps/sub-stroke0082_ses-01_cbf.nii.gz,852474,99afda61
train/raw_data/sub-stroke0082/ses-01/perfusion-maps/sub-stroke0082_ses-01_cbv.nii.gz,863159,82cdc141
train/raw_data/sub-stroke0082/ses-01/perfusion-maps/sub-stroke0082_ses-01_mtt.nii.gz,843132,c64aa910
train/raw_data/sub-stroke0082/ses-01/perfusion-maps/sub-stroke0082_ses-01_tmax.nii.gz,201964,7858508f
train/raw_data/sub-stroke0082/ses-01/sub-stroke0082_ses-01_cta.nii.gz,67663428,c82fffef
train/raw_data/sub-stroke0082/ses-01/sub-stroke0082_ses-01_ctp.nii.gz,43781316,850015be
train/raw_data/sub-stroke0082/ses-01/sub-stroke0082_ses-01_ncct.nii.gz,16225061,05f323f9
train/raw_data/sub-stroke0083/ses-01/perfusion-maps/sub-stroke0083_ses-01_cbf.nii.gz,753611,4469c253
train/raw_data/sub-stroke0083/ses-01/perfusion-maps/sub-stroke0083_ses-01_cbv.nii.gz,760523,5b358898
train/raw_data/sub-stroke0083/ses-01/perfusion-maps/sub-stroke0083_ses-01_mtt.nii.gz,743657,01c79151
train/raw_data/sub-stroke0083/ses-01/perfusion-maps/sub-stroke0083_ses-01_tmax.nii.gz,150821,bc02dd66
train/raw_data/sub-stroke0083/ses-01/sub-stroke0083_ses-01_cta.nii.gz,49394700,a04b6e28
train/raw_data/sub-stroke0083/ses-01/sub-stroke0083_ses-01_ctp.nii.gz,38135045,70378022
train/raw_data/sub-stroke0083/ses-01/sub-stroke0083_ses-01_ncct.nii.gz,13763362,abd5ac16
train/raw_data/sub-stroke0084/ses-01/perfusion-maps/sub-stroke0084_ses-01_cbf.nii.gz,830937,6eef041a
train/raw_data/sub-stroke0084/ses-01/perfusion-maps/sub-stroke0084_ses-01_cbv.nii.gz,848812,568b32ef
train/raw_data/sub-stroke0084/ses-01/perfusion-maps/sub-stroke0084_ses-01_mtt.nii.gz,836151,3a5cc072
train/raw_data/sub-stroke0084/ses-01/perfusion-maps/sub-stroke0084_ses-01_tmax.nii.gz,186575,20f463bb
train/raw_data/sub-stroke0084/ses-01/sub-stroke0084_ses-01_cta.nii.gz,37705451,9b51b940
train/raw_data/sub-stroke0084/ses-01/sub-stroke0084_ses-01_ctp.nii.gz,43976755,c4f73c9e
train/raw_data/sub-stroke0084/ses-01/sub-stroke0084_ses-01_ncct.nii.gz,13218179,ade8d08d
train/raw_data/sub-stroke0085/ses-01/perfusion-maps/sub-stroke0085_ses-01_cbf.nii.gz,784231,51991004
train/raw_data/sub-stroke0085/ses-01/perfusion-maps/sub-stroke0085_ses-01_cbv.nii.gz,804903,9ed7085e
train/raw_data/sub-stroke0085/ses-01/perfusion-maps/sub-stroke0085_ses-01_mtt.nii.gz,792680,d1e81251
train/raw_data/sub-stroke0085/ses-01/perfusion-maps/sub-stroke0085_ses-01_tmax.nii.gz,202251,f5d7b024
train/raw_data/sub-stroke0085/ses-01/sub-stroke0085_ses-01_cta.nii.gz,46243254,a8f134b7
train/raw_data/sub-stroke0085/ses-01/sub-stroke0085_ses-01_ctp.nii.gz,45243398,33ef3f2f
train/raw_data/sub-stroke0085/ses-01/sub-stroke0085_ses-01_ncct.nii.gz,17592452,e3ed2acf
train/raw_data/sub-stroke0086/ses-01/perfusion-maps/sub-stroke0086_ses-01_cbf.nii.gz,764879,2b9bb029
train/raw_data/sub-stroke0086/ses-01/perfusion-maps/sub-stroke0086_ses-01_cbv.nii.gz,769931,04c69ed1
train/raw_data/sub-stroke0086/ses-01/perfusion-maps/sub-stroke0086_ses-01_mtt.nii.gz,749796,b716daad
train/raw_data/sub-stroke0086/ses-01/perfusion-maps/sub-stroke0086_ses-01_tmax.nii.gz,181813,351fa81d
train/raw_data/sub-stroke0086/ses-01/sub-stroke0086_ses-01_cta.nii.gz,43673554,1782019a
train/raw_data/sub-stroke0086/ses-01/sub-stroke0086_ses-01_ctp.nii.gz,41462023,419dfd96
train/raw_data/sub-stroke0086/ses-01/sub-stroke0086_ses-01_ncct.nii.gz,14998738,3a709e49
train/raw_data/sub-stroke0087/ses-01/perfusion-maps/sub-stroke0087_ses-01_cbf.nii.gz,714404,a12c51a5
train/raw_data/sub-stroke0087/ses-01/perfusion-maps/sub-stroke0087_ses-01_cbv.nii.gz,714871,493d6ccb
train/raw_data/sub-stroke0087/ses-01/perfusion-maps/sub-stroke0087_ses-01_mtt.nii.gz,693128,d0c931fb
train/raw_data/sub-stroke0087/ses-01/perfusion-maps/sub-stroke0087_ses-01_tmax.nii.gz,147207,4e8709f2
train/raw_data/sub-stroke0087/ses-01/sub-stroke0087_ses-01_cta.nii.gz,32287109,6abac799
train/raw_data/sub-stroke0087/ses-01/sub-stroke0087_ses-01_ctp.nii.gz,39235485,74c47f76
train/raw_data/sub-stroke0087/ses-01/sub-stroke0087_ses-01_ncct.nii.gz,14003122,84e3e85b
train/raw_data/sub-stroke0088/ses-01/perfusion-maps/sub-stroke0088_ses-01_cbf.nii.gz,774581,b1ee88a3
train/raw_data/sub-stroke0088/ses-01/perfusion-maps/sub-stroke0088_ses-01_cbv.nii.gz,784649,3e5b0067
train/raw_data/sub-stroke0088/ses-01/perfusion-maps/sub-stroke0088_ses-01_mtt.nii.gz,768331,7947fb96
train/raw_data/sub-stroke0088/ses-01/perfusion-maps/sub-stroke0088_ses-01_tmax.nii.gz,176573,35e7f333
train/raw_data/sub-stroke0088/ses-01/sub-stroke0088_ses-01_cta.nii.gz,49141659,c6652b51
train/raw_data/sub-stroke0088/ses-01/sub-stroke0088_ses-01_ctp.nii.gz,44855535,2bd7cdd1
train/raw_data/sub-stroke0088/ses-01/sub-stroke0088_ses-01_ncct.nii.gz,17859226,821eba84
train/raw_data/sub-stroke0089/ses-01/perfusion-maps/sub-stroke0089_ses-01_cbf.nii.gz,679438,f349fe92
train/raw_data/sub-stroke0089/ses-01/perfusion-maps/sub-stroke0089_ses-01_cbv.nii.gz,690928,9c47da2a
train/raw_data/sub-stroke0089/ses-01/perfusion-maps/sub-stroke0089_ses-01_mtt.nii.gz,677459,6abfd1ea
train/raw_data/sub-stroke0089/ses-01/perfusion-maps/sub-stroke0089_ses-01_tmax.nii.gz,150063,846a8ddc
train/raw_data/sub-stroke0089/ses-01/sub-stroke0089_ses-01_cta.nii.gz,38566074,c6be5e0d
train/raw_data/sub-stroke0089/ses-01/sub-stroke0089_ses-01_ctp.nii.gz,37621978,b0dfb7c1
train/raw_data/sub-stroke0089/ses-01/sub-stroke0089_ses-01_ncct.nii.gz,15877295,ea7a09a7
train/raw_data/sub-stroke0090/ses-01/perfusion-maps/sub-stroke0090_ses-01_cbf.nii.gz,986025,0d82645a
train/raw_data/sub-stroke0090/ses-01/perfusion-maps/sub-stroke0090_ses-01_cbv.nii.gz,994516,165c239b
train/raw_data/sub-stroke0090/ses-01/perfusion-maps/sub-stroke0090_ses-01_mtt.nii.gz,965054,0c9b49bd
train/raw_data/sub-stroke0090/ses-01/perfusion-maps/sub-stroke0090_ses-01_tmax.nii.gz,202720,d82da24f
train/raw_data/sub-stroke0090/ses-01/sub-stroke0090_ses-01_cta.nii.gz,52208487,eba4ba17
train/raw_data/sub-stroke0090/ses-01/sub-stroke0090_ses-01_ctp.nii.gz,45342304,f5a22038
train/raw_data/sub-stroke0090/ses-01/sub-stroke0090_ses-01_ncct.nii.gz,16305694,084a0dc4
train/raw_data/sub-stroke0091/ses-01/perfusion-maps/sub-stroke0091_ses-01_cbf.nii.gz,767225,9881a205
train/raw_data/sub-stroke0091/ses-01/perfusion-maps/sub-stroke0091_ses-01_cbv.nii.gz,769537,40a3f83b
train/raw_data/sub-stroke0091/ses-01/perfusion-maps/sub-stroke0091_ses-01_mtt.nii.gz,752862,102b7995
train/raw_data/sub-stroke0091/ses-01/perfusion-maps/sub-stroke0091_ses-01_tmax.nii.gz,158080,87836d0c
train/raw_data/sub-stroke0091/ses-01/sub-stroke0091_ses-01_cta.nii.gz,42653994,12104fbd
train/raw_data/sub-stroke0091/ses-01/sub-stroke0091_ses-01_ctp.nii.gz,42276591,d4e8fd47
train/raw_data/sub-stroke0091/ses-01/sub-stroke0091_ses-01_ncct.nii.gz,17647966,058a586d
train/raw_data/sub-stroke0092/ses-01/perfusion-maps/sub-stroke0092_ses-01_cbf.nii.gz,760342,9b9773db
train/raw_data/sub-stroke0092/ses-01/perfusion-maps/sub-stroke0092_ses-01_cbv.nii.gz,768912,15101ae0
train/raw_data/sub-stroke0092/ses-01/perfusion-maps/sub-stroke0092_ses-01_mtt.nii.gz,752694,ad07fe4d
train/raw_data/sub-stroke0092/ses-01/perfusion-maps/sub-stroke0092_ses-01_tmax.nii.gz,148295,31acb16d
train/raw_data/sub-stroke0092/ses-01/sub-stroke0092_ses-01_cta.nii.gz,56367589,a28f82b3
train/raw_data/sub-stroke0092/ses-01/sub-stroke0092_ses-01_ctp.nii.gz,39397159,9f5476c8
train/raw_data/sub-stroke0092/ses-01/sub-stroke0092_ses-01_ncct.nii.gz,14186343,67be64f0
train/raw_data/sub-stroke0093/ses-01/perfusion-maps/sub-stroke0093_ses-01_cbf.nii.gz,1052721,d7584723
train/raw_data/sub-stroke0093/ses-01/perfusion-maps/sub-stroke0093_ses-01_cbv.nii.gz,1069389,0ab12cc4
train/raw_data/sub-stroke0093/ses-01/perfusion-maps/sub-stroke0093_ses-01_mtt.nii.gz,1046482,9263eb4e
train/raw_data/sub-stroke0093/ses-01/perfusion-maps/sub-stroke0093_ses-01_tmax.nii.gz,229476,ef9986fe
train/raw_data/sub-stroke0093/ses-01/sub-stroke0093_ses-01_cta.nii.gz,46468722,b665376e
train/raw_data/sub-stroke0093/ses-01/sub-stroke0093_ses-01_ctp.nii.gz,50831253,1512b131
train/raw_data/sub-stroke0093/ses-01/sub-stroke0093_ses-01_ncct.nii.gz,11260339,e18e5815
train/raw_data/sub-stroke0094/ses-01/perfusion-maps/sub-stroke0094_ses-01_cbf.nii.gz,925102,41359938
train/raw_data/sub-stroke0094/ses-01/perfusion-maps/sub-stroke0094_ses-01_cbv.nii.gz,933737,d7bb1d5f
train/raw_data/sub-stroke0094/ses-01/perfusion-maps/sub-stroke0094_ses-01_mtt.nii.gz,912498,33592587
train/raw_data/sub-stroke0094/ses-01/perfusion-maps/sub-stroke0094_ses-01_tmax.nii.gz,220567,eb6996ed
train/raw_data/sub-stroke0094/ses-01/sub-stroke0094_ses-01_cta.nii.gz,56647000,02883f76
train/raw_data/sub-stroke0094/ses-01/sub-stroke0094_ses-01_ctp.nii.gz,46655507,6ff800f5
train/raw_data/sub-stroke0094/ses-01/sub-stroke0094_ses-01_ncct.nii.gz,14888504,e4b59743
train/raw_data/sub-stroke0095/ses-01/perfusion-maps/sub-stroke0095_ses-01_cbf.nii.gz,817826,5abaa0dc
train/raw_data/sub-stroke0095/ses-01/perfusion-maps/sub-stroke0095_ses-01_cbv.nii.gz,820547,5116315e
train/raw_data/sub-stroke0095/ses-01/perfusion-maps/sub-stroke0095_ses-01_mtt.nii.gz,796190,4b87a920
train/raw_data/sub-stroke0095/ses-01/perfusion-maps/sub-stroke0095_ses-01_tmax.nii.gz,179392,85c47650
train/raw_data/sub-stroke0095/ses-01/sub-stroke0095_ses-01_cta.nii.gz,44186057,3f6daf19
train/raw_data/sub-stroke0095/ses-01/sub-stroke0095_ses-01_ctp.nii.gz,43749179,f5b648ff
train/raw_data/sub-stroke0095/ses-01/sub-stroke0095_ses-01_ncct.nii.gz,15619430,1626dec4
train/raw_data/sub-stroke0096/ses-01/perfusion-maps/sub-stroke0096_ses-01_cbf.nii.gz,760623,52f690e7
train/raw_data/sub-stroke0096/ses-01/perfusion-maps/sub-stroke0096_ses-01_cbv.nii.gz,773375,dd793f49
train/raw_data/sub-stroke0096/ses-01/perfusion-maps/sub-stroke0096_ses-01_mtt.nii.gz,758300,3db8738e
train/raw_data/sub-stroke0096/ses-01/perfusion-maps/sub-stroke0096_ses-01_tmax.nii.gz,196670,085171cc
train/raw_data/sub-stroke0096/ses-01/sub-stroke0096_ses-01_cta.nii.gz,48086216,5ecda68d
train/raw_data/sub-stroke0096/ses-01/sub-stroke0096_ses-01_ctp.nii.gz,43245433,f0529df9
train/raw_data/sub-stroke0096/ses-01/sub-stroke0096_ses-01_ncct.nii.gz,18244916,4128840d
train/raw_data/sub-stroke0097/ses-01/perfusion-maps/sub-stroke0097_ses-01_cbf.nii.gz,854392,bda0dacc
train/raw_data/sub-stroke0097/ses-01/perfusion-maps/sub-stroke0097_ses-01_cbv.nii.gz,863657,fc7476cb
train/raw_data/sub-stroke0097/ses-01/perfusion-maps/sub-stroke0097_ses-01_mtt.nii.gz,846530,8776d70f
train/raw_data/sub-stroke0097/ses-01/perfusion-maps/sub-stroke0097_ses-01_tmax.nii.gz,185231,ac19be3a
train/raw_data/sub-stroke0097/ses-01/sub-stroke0097_ses-01_cta.nii.gz,68002097,f6a69ef7
train/raw_data/sub-stroke0097/ses-01/sub-stroke0097_ses-01_ctp.nii.gz,40031893,98dda98d
train/raw_data/sub-stroke0097/ses-01/sub-stroke0097_ses-01_ncct.nii.gz,16565160,4fcdda29
train/raw_data/sub-stroke0098/ses-01/perfusion-maps/sub-stroke0098_ses-01_cbf.nii.gz,862695,bf38bcef
train/raw_data/sub-stroke0098/ses-01/perfusion-maps/sub-stroke0098_ses-01_cbv.nii.gz,873491,e96e92c7
train/raw_data/sub-stroke0098/ses-01/perfusion-maps/sub-stroke0098_ses-01_mtt.nii.gz,855634,2fdbe1b0
train/raw_data/sub-stroke0098/ses-01/perfusion-maps/sub-stroke0098_ses-01_tmax.nii.gz,171654,b16819a1
train/raw_data/sub-stroke0098/ses-01/sub-stroke0098_ses-01_cta.nii.gz,18727076,2fa4023e
train/raw_data/sub-stroke0098/ses-01/sub-stroke0098_ses-01_ctp.nii.gz,42166231,c0f9e53a
train/raw_data/sub-stroke0098/ses-01/sub-stroke0098_ses-01_ncct.nii.gz,16648863,833ac92c
train/raw_data/sub-stroke0099/ses-01/perfusion-maps/sub-stroke0099_ses-01_cbf.nii.gz,689569,c9ea8ed0
train/raw_data/sub-stroke0099/ses-01/perfusion-maps/sub-stroke0099_ses-01_cbv.nii.gz,702486,13cebe99
train/raw_data/sub-stroke0099/ses-01/perfusion-maps/sub-stroke0099_ses-01_mtt.nii.gz,690017,4b92657f
train/raw_data/sub-stroke0099/ses-01/perfusion-maps/sub-stroke0099_ses-01_tmax.nii.gz,175017,1f597637
train/raw_data/sub-stroke0099/ses-01/sub-stroke0099_ses-01_cta.nii.gz,46231775,e6273f8f
train/raw_data/sub-stroke0099/ses-01/sub-stroke0099_ses-01_ctp.nii.gz,40242357,e5f0be50
train/raw_data/sub-stroke0099/ses-01/sub-stroke0099_ses-01_ncct.nii.gz,14743788,8c7a644b
train/raw_data/sub-stroke0100/ses-01/perfusion-maps/sub-stroke0100_ses-01_cbf.nii.gz,817647,eb83ef18
train/raw_data/sub-stroke0100/ses-01/perfusion-maps/sub-stroke0100_ses-01_cbv.nii.gz,833508,fd615176
train/raw_data/sub-stroke0100/ses-01/perfusion-maps/sub-stroke0100_ses-01_mtt.nii.gz,819565,b6fd606f
train/raw_data/sub-stroke0100/ses-01/perfusion-maps/sub-stroke0100_ses-01_tmax.nii.gz,188132,cb33d8ec
train/raw_data/sub-stroke0100/ses-01/sub-stroke0100_ses-01_cta.nii.gz,43340964,6b5c2724
train/raw_data/sub-stroke0100/ses-01/sub-stroke0100_ses-01_ctp.nii.gz,42508232,57acb6b1
train/raw_data/sub-stroke0100/ses-01/sub-stroke0100_ses-01_ncct.nii.gz,17055949,fb282449
train/raw_data/sub-stroke0101/ses-01/perfusion-maps/sub-stroke0101_ses-01_cbf.nii.gz,861568,9691c688
train/raw_data/sub-stroke0101/ses-01/perfusion-maps/sub-stroke0101_ses-01_cbv.nii.gz,872455,b438ba28
train/raw_data/sub-stroke0101/ses-01/perfusion-maps/sub-stroke0101_ses-01_mtt.nii.gz,853053,47afc4f1
train/raw_data/sub-stroke0101/ses-01/perfusion-maps/sub-stroke0101_ses-01_tmax.nii.gz,166558,e471a0a8
train/raw_data/sub-stroke0101/ses-01/sub-stroke0101_ses-01_cta.nii.gz,52599925,e81d2aca
train/raw_data/sub-stroke0101/ses-01/sub-stroke0101_ses-01_ctp.nii.gz,42167086,64fb8a96
train/raw_data/sub-stroke0101/ses-01/sub-stroke0101_ses-01_ncct.nii.gz,11778799,44623ed1
train/raw_data/sub-stroke0102/ses-01/perfusion-maps/sub-stroke0102_ses-01_cbf.nii.gz,788522,b34b928b
train/raw_data/sub-stroke0102/ses-01/perfusion-maps/sub-stroke0102_ses-01_cbv.nii.gz,802213,5f0c24c5
train/raw_data/sub-stroke0102/ses-01/perfusion-maps/sub-stroke0102_ses-01_mtt.nii.gz,781347,63d3e96c
train/raw_data/sub-stroke0102/ses-01/perfusion-maps/sub-stroke0102_ses-01_tmax.nii.gz,157947,9417aa13
train/raw_data/sub-stroke0102/ses-01/sub-stroke0102_ses-01_cta.nii.gz,58072351,31bb906f
train/raw_data/sub-stroke0102/ses-01/sub-stroke0102_ses-01_ctp.nii.gz,42548894,980c45eb
train/raw_data/sub-stroke0102/ses-01/sub-stroke0102_ses-01_ncct.nii.gz,14313351,ae92bb15
train/raw_data/sub-stroke0103/ses-01/perfusion-maps/sub-stroke0103_ses-01_cbf.nii.gz,927072,7920bfad
train/raw_data/sub-stroke0103/ses-01/perfusion-maps/sub-stroke0103_ses-01_cbv.nii.gz,938998,b380d42d
train/raw_data/sub-stroke0103/ses-01/perfusion-maps/sub-stroke0103_ses-01_mtt.nii.gz,910064,262dd3f8
train/raw_data/sub-stroke0103/ses-01/perfusion-maps/sub-stroke0103_ses-01_tmax.nii.gz,177380,6365c971
train/raw_data/sub-stroke0103/ses-01/sub-stroke0103_ses-01_cta.nii.gz,54523383,25e23b8a
train/raw_data/sub-stroke0103/ses-01/sub-stroke0103_ses-01_ctp.nii.gz,43374970,4af36528
train/raw_data/sub-stroke0103/ses-01/sub-stroke0103_ses-01_ncct.nii.gz,16636981,1e11c468
train/raw_data/sub-stroke0104/ses-01/perfusion-maps/sub-stroke0104_ses-01_cbf.nii.gz,838605,55894c61
train/raw_data/sub-stroke0104/ses-01/perfusion-maps/sub-stroke0104_ses-01_cbv.nii.gz,846005,8d25406d
train/raw_data/sub-stroke0104/ses-01/perfusion-maps/sub-stroke0104_ses-01_mtt.nii.gz,827579,70a0a668
train/raw_data/sub-stroke0104/ses-01/perfusion-maps/sub-stroke0104_ses-01_tmax.nii.gz,170092,2a3d5095
train/raw_data/sub-stroke0104/ses-01/sub-stroke0104_ses-01_cta.nii.gz,48825247,3c982793
train/raw_data/sub-stroke0104/ses-01/sub-stroke0104_ses-01_ctp.nii.gz,42400654,3d8b59e1
train/raw_data/sub-stroke0104/ses-01/sub-stroke0104_ses-01_ncct.nii.gz,17693726,7486c519
train/raw_data/sub-stroke0105/ses-01/perfusion-maps/sub-stroke0105_ses-01_cbf.nii.gz,830618,e53e1343
train/raw_data/sub-stroke0105/ses-01/perfusion-maps/sub-stroke0105_ses-01_cbv.nii.gz,850892,0225a36e
train/raw_data/sub-stroke0105/ses-01/perfusion-maps/sub-stroke0105_ses-01_mtt.nii.gz,837190,023a458c
train/raw_data/sub-stroke0105/ses-01/perfusion-maps/sub-stroke0105_ses-01_tmax.nii.gz,191840,00f7fe31
train/raw_data/sub-stroke0105/ses-01/sub-stroke0105_ses-01_cta.nii.gz,49268970,dc6f4633
train/raw_data/sub-stroke0105/ses-01/sub-stroke0105_ses-01_ctp.nii.gz,45437763,68f09113
train/raw_data/sub-stroke0105/ses-01/sub-stroke0105_ses-01_ncct.nii.gz,15461602,e3786046
train/raw_data/sub-stroke0106/ses-01/perfusion-maps/sub-stroke0106_ses-01_cbf.nii.gz,918965,7efad3be
train/raw_data/sub-stroke0106/ses-01/perfusion-maps/sub-stroke0106_ses-01_cbv.nii.gz,921500,7ee631ac
train/raw_data/sub-stroke0106/ses-01/perfusion-maps/sub-stroke0106_ses-01_mtt.nii.gz,895191,fb7fc9e3
train/raw_data/sub-stroke0106/ses-01/perfusion-maps/sub-stroke0106_ses-01_tmax.nii.gz,210718,c1e800de
train/raw_data/sub-stroke0106/ses-01/sub-stroke0106_ses-01_cta.nii.gz,58814173,4f87b856
train/raw_data/sub-stroke0106/ses-01/sub-stroke0106_ses-01_ctp.nii.gz,42600741,aca8c304
train/raw_data/sub-stroke0106/ses-01/sub-stroke0106_ses-01_ncct.nii.gz,15113548,758267b1
train/raw_data/sub-stroke0107/ses-01/perfusion-maps/sub-stroke0107_ses-01_cbf.nii.gz,853429,26957543
train/raw_data/sub-stroke0107/ses-01/perfusion-maps/sub-stroke0107_ses-01_cbv.nii.gz,856591,a138642b
train/raw_data/sub-stroke0107/ses-01/perfusion-maps/sub-stroke0107_ses-01_mtt.nii.gz,835191,32eeb8ba
train/raw_data/sub-stroke0107/ses-01/perfusion-maps/sub-stroke0107_ses-01_tmax.nii.gz,165180,b857d97c
train/raw_data/sub-stroke0107/ses-01/sub-stroke0107_ses-01_cta.nii.gz,54888767,48d46d22
train/raw_data/sub-stroke0107/ses-01/sub-stroke0107_ses-01_ctp.nii.gz,40737915,547ea86d
train/raw_data/sub-stroke0107/ses-01/sub-stroke0107_ses-01_ncct.nii.gz,16303299,4d4ab881
train/raw_data/sub-stroke0108/ses-01/perfusion-maps/sub-stroke0108_ses-01_cbf.nii.gz,779624,68c3d297
train/raw_data/sub-stroke0108/ses-01/perfusion-maps/sub-stroke0108_ses-01_cbv.nii.gz,789077,c4b1aadd
train/raw_data/sub-stroke0108/ses-01/perfusion-maps/sub-stroke0108_ses-01_mtt.nii.gz,772775,670afe8b
train/raw_data/sub-stroke0108/ses-01/perfusion-maps/sub-stroke0108_ses-01_tmax.nii.gz,176867,4c9d1a1d
train/raw_data/sub-stroke0108/ses-01/sub-stroke0108_ses-01_cta.nii.gz,44583416,1305d094
train/raw_data/sub-stroke0108/ses-01/sub-stroke0108_ses-01_ctp.nii.gz,41492012,1cf794a5
train/raw_data/sub-stroke0108/ses-01/sub-stroke0108_ses-01_ncct.nii.gz,15222234,b9fccbe7
train/raw_data/sub-stroke0109/ses-01/perfusion-maps/sub-stroke0109_ses-01_cbf.nii.gz,938106,e3b39946
train/raw_data/sub-stroke0109/ses-01/perfusion-maps/sub-stroke0109_ses-01_cbv.nii.gz,957852,d4480b51
train/raw_data/sub-stroke0109/ses-01/perfusion-maps/sub-stroke0109_ses-01_mtt.nii.gz,942414,0e499bf2
train/raw_data/sub-stroke0109/ses-01/perfusion-maps/sub-stroke0109_ses-01_tmax.nii.gz,196637,52efacd1
train/raw_data/sub-stroke0109/ses-01/sub-stroke0109_ses-01_cta.nii.gz,41988325,71457b68
train/raw_data/sub-stroke0109/ses-01/sub-stroke0109_ses-01_ctp.nii.gz,47792955,cbbf1d4d
train/raw_data/sub-stroke0109/ses-01/sub-stroke0109_ses-01_ncct.nii.gz,15981810,a198121a
train/raw_data/sub-stroke0110/ses-01/perfusion-maps/sub-stroke0110_ses-01_cbf.nii.gz,785174,fa084907
train/raw_data/sub-stroke0110/ses-01/perfusion-maps/sub-stroke0110_ses-01_cbv.nii.gz,793815,06013d31
train/raw_data/sub-stroke0110/ses-01/perfusion-maps/sub-stroke0110_ses-01_mtt.nii.gz,776165,e4dd9619
train/raw_data/sub-stroke0110/ses-01/perfusion-maps/sub-stroke0110_ses-01_tmax.nii.gz,161408,3cbf881d
train/raw_data/sub-stroke0110/ses-01/sub-stroke0110_ses-01_cta.nii.gz,41274476,88d13d85
train/raw_data/sub-stroke0110/ses-01/sub-stroke0110_ses-01_ctp.nii.gz,40701668,3fbc701d
train/raw_data/sub-stroke0110/ses-01/sub-stroke0110_ses-01_ncct.nii.gz,15347273,acdc0a7f
train/raw_data/sub-stroke0111/ses-01/perfusion-maps/sub-stroke0111_ses-01_cbf.nii.gz,831310,b44efd77
train/raw_data/sub-stroke0111/ses-01/perfusion-maps/sub-stroke0111_ses-01_cbv.nii.gz,837185,cd08296b
train/raw_data/sub-stroke0111/ses-01/perfusion-maps/sub-stroke0111_ses-01_mtt.nii.gz,816225,7f80f71e
train/raw_data/sub-stroke0111/ses-01/perfusion-maps/sub-stroke0111_ses-01_tmax.nii.gz,172931,d1545d47
train/raw_data/sub-stroke0111/ses-01/sub-stroke0111_ses-01_cta.nii.gz,58271583,338329b8
train/raw_data/sub-stroke0111/ses-01/sub-stroke0111_ses-01_ctp.nii.gz,42205156,3e03057a
train/raw_data/sub-stroke0111/ses-01/sub-stroke0111_ses-01_ncct.nii.gz,15072159,0f33e58c
train/raw_data/sub-stroke0112/ses-01/perfusion-maps/sub-stroke0112_ses-01_cbf.nii.gz,843461,1065a1a0
train/raw_data/sub-stroke0112/ses-01/perfusion-maps/sub-stroke0112_ses-01_cbv.nii.gz,855077,71d58f7f
train/raw_data/sub-stroke0112/ses-01/perfusion-maps/sub-stroke0112_ses-01_mtt.nii.gz,836234,95671326
train/raw_data/sub-stroke0112/ses-01/perfusion-maps/sub-stroke0112_ses-01_tmax.nii.gz,182192,b03f3571
train/raw_data/sub-stroke0112/ses-01/sub-stroke0112_ses-01_cta.nii.gz,55643946,559cbe17
train/raw_data/sub-stroke0112/ses-01/sub-stroke0112_ses-01_ctp.nii.gz,45462342,b4279562
train/raw_data/sub-stroke0112/ses-01/sub-stroke0112_ses-01_ncct.nii.gz,18686257,1ca06961
train/raw_data/sub-stroke0113/ses-01/perfusion-maps/sub-stroke0113_ses-01_cbf.nii.gz,749187,0e8ffedc
train/raw_data/sub-stroke0113/ses-01/perfusion-maps/sub-stroke0113_ses-01_cbv.nii.gz,776506,faf43c9f
train/raw_data/sub-stroke0113/ses-01/perfusion-maps/sub-stroke0113_ses-01_mtt.nii.gz,763868,e77ddd57
train/raw_data/sub-stroke0113/ses-01/perfusion-maps/sub-stroke0113_ses-01_tmax.nii.gz,218339,e3c4ac33
train/raw_data/sub-stroke0113/ses-01/sub-stroke0113_ses-01_cta.nii.gz,43706722,c200e72f
train/raw_data/sub-stroke0113/ses-01/sub-stroke0113_ses-01_ctp.nii.gz,40823740,97a0c562
train/raw_data/sub-stroke0113/ses-01/sub-stroke0113_ses-01_ncct.nii.gz,15149106,6fc65a34
train/raw_data/sub-stroke0114/ses-01/perfusion-maps/sub-stroke0114_ses-01_cbf.nii.gz,746842,24c96c3d
train/raw_data/sub-stroke0114/ses-01/perfusion-maps/sub-stroke0114_ses-01_cbv.nii.gz,766354,56d5e766
train/raw_data/sub-stroke0114/ses-01/perfusion-maps/sub-stroke0114_ses-01_mtt.nii.gz,758274,c845309e
train/raw_data/sub-stroke0114/ses-01/perfusion-maps/sub-stroke0114_ses-01_tmax.nii.gz,166284,dcafee84
train/raw_data/sub-stroke0114/ses-01/sub-stroke0114_ses-01_cta.nii.gz,43145927,80af7258
train/raw_data/sub-stroke0114/ses-01/sub-stroke0114_ses-01_ctp.nii.gz,40927094,156801aa
train/raw_data/sub-stroke0114/ses-01/sub-stroke0114_ses-01_ncct.nii.gz,15219397,8c2b144a
train/raw_data/sub-stroke0115/ses-01/perfusion-maps/sub-stroke0115_ses-01_cbf.nii.gz,834581,8b58e3d3
train/raw_data/sub-stroke0115/ses-01/perfusion-maps/sub-stroke0115_ses-01_cbv.nii.gz,838598,2d66165f
train/raw_data/sub-stroke0115/ses-01/perfusion-maps/sub-stroke0115_ses-01_mtt.nii.gz,818245,3ed4b60a
train/raw_data/sub-stroke0115/ses-01/perfusion-maps/sub-stroke0115_ses-01_tmax.nii.gz,180098,f43e27ce
train/raw_data/sub-stroke0115/ses-01/sub-stroke0115_ses-01_cta.nii.gz,45478063,3c73949b
train/raw_data/sub-stroke0115/ses-01/sub-stroke0115_ses-01_ctp.nii.gz,41394740,0eeb8da3
train/raw_data/sub-stroke0115/ses-01/sub-stroke0115_ses-01_ncct.nii.gz,13949501,87e1f535
train/raw_data/sub-stroke0116/ses-01/perfusion-maps/sub-stroke0116_ses-01_cbf.nii.gz,823444,69f1a7ba
train/raw_data/sub-stroke0116/ses-01/perfusion-maps/sub-stroke0116_ses-01_cbv.nii.gz,821752,eb80ec2b
train/raw_data/sub-stroke0116/ses-01/perfusion-maps/sub-stroke0116_ses-01_mtt.nii.gz,800294,709a9456
train/raw_data/sub-stroke0116/ses-01/perfusion-maps/sub-stroke0116_ses-01_tmax.nii.gz,189625,9d11f67d
train/raw_data/sub-stroke0116/ses-01/sub-stroke0116_ses-01_cta.nii.gz,50152794,756521c8
train/raw_data/sub-stroke0116/ses-01/sub-stroke0116_ses-01_ctp.nii.gz,41503290,f7a09523
train/raw_data/sub-stroke0116/ses-01/sub-stroke0116_ses-01_ncct.nii.gz,16858199,69a28c3a
train/raw_data/sub-stroke0117/ses-01/perfusion-maps/sub-stroke0117_ses-01_cbf.nii.gz,821984,aa417c7f
train/raw_data/sub-stroke0117/ses-01/perfusion-maps/sub-stroke0117_ses-01_cbv.nii.gz,833718,f5a38d08
train/raw_data/sub-stroke0117/ses-01/perfusion-maps/sub-stroke0117_ses-01_mtt.nii.gz,813948,658c04cd
train/raw_data/sub-stroke0117/ses-01/perfusion-maps/sub-stroke0117_ses-01_tmax.nii.gz,203358,87a769ea
train/raw_data/sub-stroke0117/ses-01/sub-stroke0117_ses-01_cta.nii.gz,48008855,4fa01fa5
train/raw_data/sub-stroke0117/ses-01/sub-stroke0117_ses-01_ctp.nii.gz,43890661,1fade334
train/raw_data/sub-stroke0117/ses-01/sub-stroke0117_ses-01_ncct.nii.gz,17209594,cfe0b9d4
train/raw_data/sub-stroke0118/ses-01/perfusion-maps/sub-stroke0118_ses-01_cbf.nii.gz,949879,e4ffa75c
train/raw_data/sub-stroke0118/ses-01/perfusion-maps/sub-stroke0118_ses-01_cbv.nii.gz,973451,99729a0f
train/raw_data/sub-stroke0118/ses-01/perfusion-maps/sub-stroke0118_ses-01_mtt.nii.gz,958124,6e660d83
train/raw_data/sub-stroke0118/ses-01/perfusion-maps/sub-stroke0118_ses-01_tmax.nii.gz,227396,9cb4e81e
train/raw_data/sub-stroke0118/ses-01/sub-stroke0118_ses-01_cta.nii.gz,57101947,11f83a10
train/raw_data/sub-stroke0118/ses-01/sub-stroke0118_ses-01_ctp.nii.gz,47368660,728ba0a9
train/raw_data/sub-stroke0118/ses-01/sub-stroke0118_ses-01_ncct.nii.gz,15731986,5c941381
train/raw_data/sub-stroke0119/ses-01/perfusion-maps/sub-stroke0119_ses-01_cbf.nii.gz,777283,cd16e629
train/raw_data/sub-stroke0119/ses-01/perfusion-maps/sub-stroke0119_ses-01_cbv.nii.gz,779281,82c56b09
train/raw_data/sub-stroke0119/ses-01/perfusion-maps/sub-stroke0119_ses-01_mtt.nii.gz,758959,5cb2b984
train/raw_data/sub-stroke0119/ses-01/perfusion-maps/sub-stroke0119_ses-01_tmax.nii.gz,133651,1d739725
train/raw_data/sub-stroke0119/ses-01/sub-stroke0119_ses-01_cta.nii.gz,49365710,5fc97336
train/raw_data/sub-stroke0119/ses-01/sub-stroke0119_ses-01_ctp.nii.gz,36848065,d98e9722
train/raw_data/sub-stroke0119/ses-01/sub-stroke0119_ses-01_ncct.nii.gz,12062189,4b7f5769
train/raw_data/sub-stroke0133/ses-01/perfusion-maps/sub-stroke0133_ses-01_cbf.nii.gz,1209064,4c02b063
train/raw_data/sub-stroke0133/ses-01/perfusion-maps/sub-stroke0133_ses-01_cbv.nii.gz,1226896,2d85f3c1
train/raw_data/sub-stroke0133/ses-01/perfusion-maps/sub-stroke0133_ses-01_mtt.nii.gz,1192928,d073fc79
train/raw_data/sub-stroke0133/ses-01/perfusion-maps/sub-stroke0133_ses-01_tmax.nii.gz,234244,f752581a
train/raw_data/sub-stroke0133/ses-01/sub-stroke0133_ses-01_cta.nii.gz,25160589,96ff3389
train/raw_data/sub-stroke0133/ses-01/sub-stroke0133_ses-01_ctp.nii.gz,56973183,3789b987
train/raw_data/sub-stroke0133/ses-01/sub-stroke0133_ses-01_ncct.nii.gz,11647482,1e5cb786
train/raw_data/sub-stroke0134/ses-01/perfusion-maps/sub-stroke0134_ses-01_cbf.nii.gz,1073863,6ce300ca
train/raw_data/sub-stroke0134/ses-01/perfusion-maps/sub-stroke0134_ses-01_cbv.nii.gz,1080917,a9b0cff4
train/raw_data/sub-stroke0134/ses-01/perfusion-maps/sub-stroke0134_ses-01_mtt.nii.gz,1049231,8e97c522
train/raw_data/sub-stroke0134/ses-01/perfusion-maps/sub-stroke0134_ses-01_tmax.nii.gz,228267,47aa9568
train/raw_data/sub-stroke0134/ses-01/sub-stroke0134_ses-01_cta.nii.gz,44329334,56249f3e
train/raw_data/sub-stroke0134/ses-01/sub-stroke0134_ses-01_ctp.nii.gz,54677249,e53b5164
train/raw_data/sub-stroke0134/ses-01/sub-stroke0134_ses-01_ncct.nii.gz,11601694,2ffa7391
train/raw_data/sub-stroke0135/ses-01/perfusion-maps/sub-stroke0135_ses-01_cbf.nii.gz,1273688,da357167
train/raw_data/sub-stroke0135/ses-01/perfusion-maps/sub-stroke0135_ses-01_cbv.nii.gz,1291173,a903d244
train/raw_data/sub-stroke0135/ses-01/perfusion-maps/sub-stroke0135_ses-01_mtt.nii.gz,1263195,338216f5
train/raw_data/sub-stroke0135/ses-01/perfusion-maps/sub-stroke0135_ses-01_tmax.nii.gz,270143,1973a488
train/raw_data/sub-stroke0135/ses-01/sub-stroke0135_ses-01_cta.nii.gz,40647194,957fc067
train/raw_data/sub-stroke0135/ses-01/sub-stroke0135_ses-01_ctp.nii.gz,62327958,f66aef23
train/raw_data/sub-stroke0135/ses-01/sub-stroke0135_ses-01_ncct.nii.gz,11608719,29446d97
train/raw_data/sub-stroke0136/ses-01/perfusion-maps/sub-stroke0136_ses-01_cbf.nii.gz,978122,3a3ebc74
train/raw_data/sub-stroke0136/ses-01/perfusion-maps/sub-stroke0136_ses-01_cbv.nii.gz,989423,ec5a0d6e
train/raw_data/sub-stroke0136/ses-01/perfusion-maps/sub-stroke0136_ses-01_mtt.nii.gz,959424,c045e069
train/raw_data/sub-stroke0136/ses-01/perfusion-maps/sub-stroke0136_ses-01_tmax.nii.gz,186008,687cc649
train/raw_data/sub-stroke0136/ses-01/sub-stroke0136_ses-01_cta.nii.gz,41440221,3ffc92d1
train/raw_data/sub-stroke0136/ses-01/sub-stroke0136_ses-01_ctp.nii.gz,50320905,e34ac953
train/raw_data/sub-stroke0136/ses-01/sub-stroke0136_ses-01_ncct.nii.gz,11310306,a718fa02
train/raw_data/sub-stroke0137/ses-01/perfusion-maps/sub-stroke0137_ses-01_cbf.nii.gz,1123880,4dd3b905
train/raw_data/sub-stroke0137/ses-01/perfusion-maps/sub-stroke0137_ses-01_cbv.nii.gz,1135072,3644abf8
train/raw_data/sub-stroke0137/ses-01/perfusion-maps/sub-stroke0137_ses-01_mtt.nii.gz,1104876,c34911db
train/raw_data/sub-stroke0137/ses-01/perfusion-maps/sub-stroke0137_ses-01_tmax.nii.gz,256728,b503cb53
train/raw_data/sub-stroke0137/ses-01/sub-stroke0137_ses-01_cta.nii.gz,63010124,5f8a2e10
train/raw_data/sub-stroke0137/ses-01/sub-stroke0137_ses-01_ctp.nii.gz,54307284,4961e00b
train/raw_data/sub-stroke0137/ses-01/sub-stroke0137_ses-01_ncct.nii.gz,17224388,06d5f9a1
train/raw_data/sub-stroke0138/ses-01/perfusion-maps/sub-stroke0138_ses-01_cbf.nii.gz,1130265,568021a9
train/raw_data/sub-stroke0138/ses-01/perfusion-maps/sub-stroke0138_ses-01_cbv.nii.gz,1137391,a8d1548e
train/raw_data/sub-stroke0138/ses-01/perfusion-maps/sub-stroke0138_ses-01_mtt.nii.gz,1107454,c8cbf488
train/raw_data/sub-stroke0138/ses-01/perfusion-maps/sub-stroke0138_ses-01_tmax.nii.gz,266363,6dfc56b8
train/raw_data/sub-stroke0138/ses-01/sub-stroke0138_ses-01_cta.nii.gz,49812596,73b2e82a
train/raw_data/sub-stroke0138/ses-01/sub-stroke0138_ses-01_ctp.nii.gz,55476798,d15bec67
train/raw_data/sub-stroke0138/ses-01/sub-stroke0138_ses-01_ncct.nii.gz,10619022,493a8d8b
train/raw_data/sub-stroke0139/ses-01/perfusion-maps/sub-stroke0139_ses-01_cbf.nii.gz,1201100,f99e7b78
train/raw_data/sub-stroke0139/ses-01/perfusion-maps/sub-stroke0139_ses-01_cbv.nii.gz,1219749,7bdad02e
train/raw_data/sub-stroke0139/ses-01/perfusion-maps/sub-stroke0139_ses-01_mtt.nii.gz,1194523,061458f8
train/raw_data/sub-stroke0139/ses-01/perfusion-maps/sub-stroke0139_ses-01_tmax.nii.gz,281627,0354ab60
train/raw_data/sub-stroke0139/ses-01/sub-stroke0139_ses-01_cta.nii.gz,59651379,ce7ee72c
train/raw_data/sub-stroke0139/ses-01/sub-stroke0139_ses-01_ctp.nii.gz,56006361,2bd43a33
train/raw_data/sub-stroke0139/ses-01/sub-stroke0139_ses-01_ncct.nii.gz,10190889,ae3f6e54
train/raw_data/sub-stroke0140/ses-01/perfusion-maps/sub-stroke0140_ses-01_cbf.nii.gz,995344,f8b60106
train/raw_data/sub-stroke0140/ses-01/perfusion-maps/sub-stroke0140_ses-01_cbv.nii.gz,1005808,18e159c1
train/raw_data/sub-stroke0140/ses-01/perfusion-maps/sub-stroke0140_ses-01_mtt.nii.gz,981002,0b5418d0
train/raw_data/sub-stroke0140/ses-01/perfusion-maps/sub-stroke0140_ses-01_tmax.nii.gz,221185,8b14ac61
train/raw_data/sub-stroke0140/ses-01/sub-stroke0140_ses-01_cta.nii.gz,56258451,9f09cafb
train/raw_data/sub-stroke0140/ses-01/sub-stroke0140_ses-01_ctp.nii.gz,53489595,90e4833f
train/raw_data/sub-stroke0140/ses-01/sub-stroke0140_ses-01_ncct.nii.gz,12265693,c94ce980
train/raw_data/sub-stroke0141/ses-01/perfusion-maps/sub-stroke0141_ses-01_cbf.nii.gz,1162102,144de880
train/raw_data/sub-stroke0141/ses-01/perfusion-maps/sub-stroke0141_ses-01_cbv.nii.gz,1182306,dc75eea3
train/raw_data/sub-stroke0141/ses-01/perfusion-maps/sub-stroke0141_ses-01_mtt.nii.gz,1163562,8d751727
train/raw_data/sub-stroke0141/ses-01/perfusion-maps/sub-stroke0141_ses-01_tmax.nii.gz,273061,682d3cbe
train/raw_data/sub-stroke0141/ses-01/sub-stroke0141_ses-01_cta.nii.gz,27600973,f4812c49
train/raw_data/sub-stroke0141/ses-01/sub-stroke0141_ses-01_ctp.nii.gz,57931620,d49f0522
train/raw_data/sub-stroke0141/ses-01/sub-stroke0141_ses-01_ncct.nii.gz,10409668,c3f3f60b
train/raw_data/sub-stroke0142/ses-01/perfusion-maps/sub-stroke0142_ses-01_cbf.nii.gz,1041351,494e0ddb
train/raw_data/sub-stroke0142/ses-01/perfusion-maps/sub-stroke0142_ses-01_cbv.nii.gz,1057003,94933db0
train/raw_data/sub-stroke0142/ses-01/perfusion-maps/sub-stroke0142_ses-01_mtt.nii.gz,1037049,a3c64d7e
train/raw_data/sub-stroke0142/ses-01/perfusion-maps/sub-stroke0142_ses-01_tmax.nii.gz,216376,e92b6110
train/raw_data/sub-stroke0142/ses-01/sub-stroke0142_ses-01_cta.nii.gz,40703111,af00bc98
train/raw_data/sub-stroke0142/ses-01/sub-stroke0142_ses-01_ctp.nii.gz,54551995,379ca412
train/raw_data/sub-stroke0142/ses-01/sub-stroke0142_ses-01_ncct.nii.gz,11152952,d13c7273
train/raw_data/sub-stroke0143/ses-01/perfusion-maps/sub-stroke0143_ses-01_cbf.nii.gz,955156,d6eb1a15
train/raw_data/sub-stroke0143/ses-01/perfusion-maps/sub-stroke0143_ses-01_cbv.nii.gz,961951,ea535ab1
train/raw_data/sub-stroke0143/ses-01/perfusion-maps/sub-stroke0143_ses-01_mtt.nii.gz,931329,feaba08e
train/raw_data/sub-stroke0143/ses-01/perfusion-maps/sub-stroke0143_ses-01_tmax.nii.gz,222565,9e9ed29f
train/raw_data/sub-stroke0143/ses-01/sub-stroke0143_ses-01_cta.nii.gz,40830729,05bc98b3
train/raw_data/sub-stroke0143/ses-01/sub-stroke0143_ses-01_ctp.nii.gz,51262577,448c3f02
train/raw_data/sub-stroke0143/ses-01/sub-stroke0143_ses-01_ncct.nii.gz,9712208,22288186
train/raw_data/sub-stroke0144/ses-01/perfusion-maps/sub-stroke0144_ses-01_cbf.nii.gz,1017497,09167d77
train/raw_data/sub-stroke0144/ses-01/perfusion-maps/sub-stroke0144_ses-01_cbv.nii.gz,1031740,57951974
train/raw_data/sub-stroke0144/ses-01/perfusion-maps/sub-stroke0144_ses-01_mtt.nii.gz,1000382,d561607e
train/raw_data/sub-stroke0144/ses-01/perfusion-maps/sub-stroke0144_ses-01_tmax.nii.gz,208739,12228dc8
train/raw_data/sub-stroke0144/ses-01/sub-stroke0144_ses-01_cta.nii.gz,14655448,cb51f087
train/raw_data/sub-stroke0144/ses-01/sub-stroke0144_ses-01_ctp.nii.gz,51914794,86d0bb9f
train/raw_data/sub-stroke0144/ses-01/sub-stroke0144_ses-01_ncct.nii.gz,9830986,51d7cb34
train/raw_data/sub-stroke0145/ses-01/perfusion-maps/sub-stroke0145_ses-01_cbf.nii.gz,1205812,4dcf3969
train/raw_data/sub-stroke0145/ses-01/perfusion-maps/sub-stroke0145_ses-01_cbv.nii.gz,1218288,111f0214
train/raw_data/sub-stroke0145/ses-01/perfusion-maps/sub-stroke0145_ses-01_mtt.nii.gz,1192985,db232ad1
train/raw_data/sub-stroke0145/ses-01/perfusion-maps/sub-stroke0145_ses-01_tmax.nii.gz,280279,db36bf0d
train/raw_data/sub-stroke0145/ses-01/sub-stroke0145_ses-01_cta.nii.gz,49112222,e49cd23e
train/raw_data/sub-stroke0145/ses-01/sub-stroke0145_ses-01_ctp.nii.gz,57220404,fa2c5524
train/raw_data/sub-stroke0145/ses-01/sub-stroke0145_ses-01_ncct.nii.gz,10699465,1423add3
train/raw_data/sub-stroke0146/ses-01/perfusion-maps/sub-stroke0146_ses-01_cbf.nii.gz,1196690,1eb18dfe
train/raw_data/sub-stroke0146/ses-01/perfusion-maps/sub-stroke0146_ses-01_cbv.nii.gz,1212392,d0741aac
train/raw_data/sub-stroke0146/ses-01/perfusion-maps/sub-stroke0146_ses-01_mtt.nii.gz,1182388,ed5246cb
train/raw_data/sub-stroke0146/ses-01/perfusion-maps/sub-stroke0146_ses-01_tmax.nii.gz,277445,59f6b5b3
train/raw_data/sub-stroke0146/ses-01/sub-stroke0146_ses-01_cta.nii.gz,39565983,3503900d
train/raw_data/sub-stroke0146/ses-01/sub-stroke0146_ses-01_ctp.nii.gz,57074611,91b8c66a
train/raw_data/sub-stroke0146/ses-01/sub-stroke0146_ses-01_ncct.nii.gz,15675115,8da5ff8d
train/raw_data/sub-stroke0147/ses-01/perfusion-maps/sub-stroke0147_ses-01_cbf.nii.gz,998455,e7c0da5d
train/raw_data/sub-stroke0147/ses-01/perfusion-maps/sub-stroke0147_ses-01_cbv.nii.gz,1004811,5bebe6d3
train/raw_data/sub-stroke0147/ses-01/perfusion-maps/sub-stroke0147_ses-01_mtt.nii.gz,978272,21b42e12
train/raw_data/sub-stroke0147/ses-01/perfusion-maps/sub-stroke0147_ses-01_tmax.nii.gz,176118,d3fe881c
train/raw_data/sub-stroke0147/ses-01/sub-stroke0147_ses-01_cta.nii.gz,39214095,04484968
train/raw_data/sub-stroke0147/ses-01/sub-stroke0147_ses-01_ctp.nii.gz,49913883,95ee37e0
train/raw_data/sub-stroke0147/ses-01/sub-stroke0147_ses-01_ncct.nii.gz,9804138,f98c30e5
train/raw_data/sub-stroke0148/ses-01/perfusion-maps/sub-stroke0148_ses-01_cbf.nii.gz,1105630,1e001bc9
train/raw_data/sub-stroke0148/ses-01/perfusion-maps/sub-stroke0148_ses-01_cbv.nii.gz,1120806,fd388ccb
train/raw_data/sub-stroke0148/ses-01/perfusion-maps/sub-stroke0148_ses-01_mtt.nii.gz,1094523,09f0e01b
train/raw_data/sub-stroke0148/ses-01/perfusion-maps/sub-stroke0148_ses-01_tmax.nii.gz,252633,577c7f2d
train/raw_data/sub-stroke0148/ses-01/sub-stroke0148_ses-01_cta.nii.gz,55049928,f4c05586
train/raw_data/sub-stroke0148/ses-01/sub-stroke0148_ses-01_ctp.nii.gz,54353902,48c47f8c
train/raw_data/sub-stroke0148/ses-01/sub-stroke0148_ses-01_ncct.nii.gz,9771214,abc1bd0c
train/raw_data/sub-stroke0149/ses-01/perfusion-maps/sub-stroke0149_ses-01_cbf.nii.gz,1159113,459ddc52
train/raw_data/sub-stroke0149/ses-01/perfusion-maps/sub-stroke0149_ses-01_cbv.nii.gz,1173213,b019956f
train/raw_data/sub-stroke0149/ses-01/perfusion-maps/sub-stroke0149_ses-01_mtt.nii.gz,1147661,10f9355f
train/raw_data/sub-stroke0149/ses-01/perfusion-maps/sub-stroke0149_ses-01_tmax.nii.gz,270217,d52177c6
train/raw_data/sub-stroke0149/ses-01/sub-stroke0149_ses-01_cta.nii.gz,14293627,cf808ead
train/raw_data/sub-stroke0149/ses-01/sub-stroke0149_ses-01_ctp.nii.gz,53875323,28b03161
train/raw_data/sub-stroke0149/ses-01/sub-stroke0149_ses-01_ncct.nii.gz,12635340,514426d0
train/raw_data/sub-stroke0150/ses-01/perfusion-maps/sub-stroke0150_ses-01_cbf.nii.gz,1178035,0460d4fa
train/raw_data/sub-stroke0150/ses-01/perfusion-maps/sub-stroke0150_ses-01_cbv.nii.gz,1194143,8ba74dbf
train/raw_data/sub-stroke0150/ses-01/perfusion-maps/sub-stroke0150_ses-01_mtt.nii.gz,1162744,c2064997
train/raw_data/sub-stroke0150/ses-01/perfusion-maps/sub-stroke0150_ses-01_tmax.nii.gz,249352,08b47b3c
train/raw_data/sub-stroke0150/ses-01/sub-stroke0150_ses-01_cta.nii.gz,28967858,7531df73
train/raw_data/sub-stroke0150/ses-01/sub-stroke0150_ses-01_ctp.nii.gz,57262610,43e04faa
train/raw_data/sub-stroke0150/ses-01/sub-stroke0150_ses-01_ncct.nii.gz,14134270,a5983665
train/raw_data/sub-stroke0151/ses-01/perfusion-maps/sub-stroke0151_ses-01_cbf.nii.gz,1047668,285f503d
train/raw_data/sub-stroke0151/ses-01/perfusion-maps/sub-stroke0151_ses-01_cbv.nii.gz,1057991,5ac64c72
train/raw_data/sub-stroke0151/ses-01/perfusion-maps/sub-stroke0151_ses-01_mtt.nii.gz,1039398,5ffd2161
train/raw_data/sub-stroke0151/ses-01/perfusion-maps/sub-stroke0151_ses-01_tmax.nii.gz,242257,f53bdc69
train/raw_data/sub-stroke0151/ses-01/sub-stroke0151_ses-01_cta.nii.gz,27149870,4056adc6
train/raw_data/sub-stroke0151/ses-01/sub-stroke0151_ses-01_ctp.nii.gz,52792060,fefca703
train/raw_data/sub-stroke0151/ses-01/sub-stroke0151_ses-01_ncct.nii.gz,11274571,9f6494a2
train/raw_data/sub-stroke0152/ses-01/perfusion-maps/sub-stroke0152_ses-01_cbf.nii.gz,974724,174d81e3
train/raw_data/sub-stroke0152/ses-01/perfusion-maps/sub-stroke0152_ses-01_cbv.nii.gz,986564,82185e82
train/raw_data/sub-stroke0152/ses-01/perfusion-maps/sub-stroke0152_ses-01_mtt.nii.gz,962878,2132e5c7
train/raw_data/sub-stroke0152/ses-01/perfusion-maps/sub-stroke0152_ses-01_tmax.nii.gz,205699,31067cf6
train/raw_data/sub-stroke0152/ses-01/sub-stroke0152_ses-01_cta.nii.gz,33819641,8c6e2587
train/raw_data/sub-stroke0152/ses-01/sub-stroke0152_ses-01_ctp.nii.gz,55649358,8967fe8a
train/raw_data/sub-stroke0152/ses-01/sub-stroke0152_ses-01_ncct.nii.gz,13722470,d7a870cc
train/raw_data/sub-stroke0153/ses-01/perfusion-maps/sub-stroke0153_ses-01_cbf.nii.gz,1204376,711737bb
train/raw_data/sub-stroke0153/ses-01/perfusion-maps/sub-stroke0153_ses-01_cbv.nii.gz,1220881,e687d308
train/raw_data/sub-stroke0153/ses-01/perfusion-maps/sub-stroke0153_ses-01_mtt.nii.gz,1192009,dfbbea4d
train/raw_data/sub-stroke0153/ses-01/perfusion-maps/sub-stroke0153_ses-01_tmax.nii.gz,268772,0cbe000e
train/raw_data/sub-stroke0153/ses-01/sub-stroke0153_ses-01_cta.nii.gz,39048828,d3da9137
train/raw_data/sub-stroke0153/ses-01/sub-stroke0153_ses-01_ctp.nii.gz,56155021,b086eab4
train/raw_data/sub-stroke0153/ses-01/sub-stroke0153_ses-01_ncct.nii.gz,8889913,87766001
train/raw_data/sub-stroke0154/ses-01/perfusion-maps/sub-stroke0154_ses-01_cbf.nii.gz,1112472,e361d886
train/raw_data/sub-stroke0154/ses-01/perfusion-maps/sub-stroke0154_ses-01_cbv.nii.gz,1127980,39596208
train/raw_data/sub-stroke0154/ses-01/perfusion-maps/sub-stroke0154_ses-01_mtt.nii.gz,1100135,99453aef
train/raw_data/sub-stroke0154/ses-01/perfusion-maps/sub-stroke0154_ses-01_tmax.nii.gz,231727,d8a1129d
train/raw_data/sub-stroke0154/ses-01/sub-stroke0154_ses-01_cta.nii.gz,43115302,ac33dd83
train/raw_data/sub-stroke0154/ses-01/sub-stroke0154_ses-01_ctp.nii.gz,56013077,0aaa5ff3
train/raw_data/sub-stroke0154/ses-01/sub-stroke0154_ses-01_ncct.nii.gz,15136149,05099754
train/raw_data/sub-stroke0155/ses-01/perfusion-maps/sub-stroke0155_ses-01_cbf.nii.gz,1066803,64b12f86
train/raw_data/sub-stroke0155/ses-01/perfusion-maps/sub-stroke0155_ses-01_cbv.nii.gz,1076308,8dcce022
train/raw_data/sub-stroke0155/ses-01/perfusion-maps/sub-stroke0155_ses-01_mtt.nii.gz,1040918,01cd36fa
train/raw_data/sub-stroke0155/ses-01/perfusion-maps/sub-stroke0155_ses-01_tmax.nii.gz,259738,75b3d4f0
train/raw_data/sub-stroke0155/ses-01/sub-stroke0155_ses-01_cta.nii.gz,29764645,c6b3dff1
train/raw_data/sub-stroke0155/ses-01/sub-stroke0155_ses-01_ctp.nii.gz,54226695,610556f9
train/raw_data/sub-stroke0155/ses-01/sub-stroke0155_ses-01_ncct.nii.gz,9253863,2000dc94
train/raw_data/sub-stroke0156/ses-01/perfusion-maps/sub-stroke0156_ses-01_cbf.nii.gz,977793,c6eb02e9
train/raw_data/sub-stroke0156/ses-01/perfusion-maps/sub-stroke0156_ses-01_cbv.nii.gz,989756,4b4d14fa
train/raw_data/sub-stroke0156/ses-01/perfusion-maps/sub-stroke0156_ses-01_mtt.nii.gz,961733,6148f7f0
train/raw_data/sub-stroke0156/ses-01/perfusion-maps/sub-stroke0156_ses-01_tmax.nii.gz,205701,0ec42d27
train/raw_data/sub-stroke0156/ses-01/sub-stroke0156_ses-01_cta.nii.gz,44478746,1d34fc28
train/raw_data/sub-stroke0156/ses-01/sub-stroke0156_ses-01_ctp.nii.gz,52147253,caf5d612
train/raw_data/sub-stroke0156/ses-01/sub-stroke0156_ses-01_ncct.nii.gz,8667774,08cf3027
train/raw_data/sub-stroke0157/ses-01/perfusion-maps/sub-stroke0157_ses-01_cbf.nii.gz,1075586,1564e5a7
train/raw_data/sub-stroke0157/ses-01/perfusion-maps/sub-stroke0157_ses-01_cbv.nii.gz,1087023,76de5631
train/raw_data/sub-stroke0157/ses-01/perfusion-maps/sub-stroke0157_ses-01_mtt.nii.gz,1061917,0591f68c
train/raw_data/sub-stroke0157/ses-01/perfusion-maps/sub-stroke0157_ses-01_tmax.nii.gz,237601,a53936bc
train/raw_data/sub-stroke0157/ses-01/sub-stroke0157_ses-01_cta.nii.gz,32499636,f0bbfbc0
train/raw_data/sub-stroke0157/ses-01/sub-stroke0157_ses-01_ctp.nii.gz,55456379,675f00fd
train/raw_data/sub-stroke0157/ses-01/sub-stroke0157_ses-01_ncct.nii.gz,6479042,ae879eb2
train/raw_data/sub-stroke0158/ses-01/perfusion-maps/sub-stroke0158_ses-01_cbf.nii.gz,1077505,48535843
train/raw_data/sub-stroke0158/ses-01/perfusion-maps/sub-stroke0158_ses-01_cbv.nii.gz,1083525,561852f6
train/raw_data/sub-stroke0158/ses-01/perfusion-maps/sub-stroke0158_ses-01_mtt.nii.gz,1052148,545c0d0e
train/raw_data/sub-stroke0158/ses-01/perfusion-maps/sub-stroke0158_ses-01_tmax.nii.gz,228983,81f19691
train/raw_data/sub-stroke0158/ses-01/sub-stroke0158_ses-01_cta.nii.gz,15759943,1507af25
train/raw_data/sub-stroke0158/ses-01/sub-stroke0158_ses-01_ctp.nii.gz,55774567,f1e3dfd9
train/raw_data/sub-stroke0158/ses-01/sub-stroke0158_ses-01_ncct.nii.gz,13607993,d9c98a59
train/raw_data/sub-stroke0159/ses-01/perfusion-maps/sub-stroke0159_ses-01_cbf.nii.gz,1032717,a7a84bc1
train/raw_data/sub-stroke0159/ses-01/perfusion-maps/sub-stroke0159_ses-01_cbv.nii.gz,1042131,76e63fb5
train/raw_data/sub-stroke0159/ses-01/perfusion-maps/sub-stroke0159_ses-01_mtt.nii.gz,1010380,a2145465
train/raw_data/sub-stroke0159/ses-01/perfusion-maps/sub-stroke0159_ses-01_tmax.nii.gz,217007,72c903e2
train/raw_data/sub-stroke0159/ses-01/sub-stroke0159_ses-01_cta.nii.gz,46160824,2d27ca81
train/raw_data/sub-stroke0159/ses-01/sub-stroke0159_ses-01_ctp.nii.gz,54148022,b0577a45
train/raw_data/sub-stroke0159/ses-01/sub-stroke0159_ses-01_ncct.nii.gz,9522859,ca565742
train/raw_data/sub-stroke0161/ses-01/perfusion-maps/sub-stroke0161_ses-01_cbf.nii.gz,1093238,7c998e0c
train/raw_data/sub-stroke0161/ses-01/perfusion-maps/sub-stroke0161_ses-01_cbv.nii.gz,1107956,e4aeb0f1
train/raw_data/sub-stroke0161/ses-01/perfusion-maps/sub-stroke0161_ses-01_mtt.nii.gz,1080172,078afb82
train/raw_data/sub-stroke0161/ses-01/perfusion-maps/sub-stroke0161_ses-01_tmax.nii.gz,239401,797d7b1b
train/raw_data/sub-stroke0161/ses-01/sub-stroke0161_ses-01_cta.nii.gz,30922281,cd138123
train/raw_data/sub-stroke0161/ses-01/sub-stroke0161_ses-01_ctp.nii.gz,56555701,d649f26c
train/raw_data/sub-stroke0161/ses-01/sub-stroke0161_ses-01_ncct.nii.gz,9815501,63e10500
train/raw_data/sub-stroke0162/ses-01/perfusion-maps/sub-stroke0162_ses-01_cbf.nii.gz,1014636,a90f9779
train/raw_data/sub-stroke0162/ses-01/perfusion-maps/sub-stroke0162_ses-01_cbv.nii.gz,1025596,8c30174e
train/raw_data/sub-stroke0162/ses-01/perfusion-maps/sub-stroke0162_ses-01_mtt.nii.gz,997642,774dd896
train/raw_data/sub-stroke0162/ses-01/perfusion-maps/sub-stroke0162_ses-01_tmax.nii.gz,262796,db9723ee
train/raw_data/sub-stroke0162/ses-01/sub-stroke0162_ses-01_cta.nii.gz,35006577,7c236928
train/raw_data/sub-stroke0162/ses-01/sub-stroke0162_ses-01_ctp.nii.gz,56344711,39a6d167
train/raw_data/sub-stroke0162/ses-01/sub-stroke0162_ses-01_ncct.nii.gz,11069984,4b4dc368
train/raw_data/sub-stroke0163/ses-01/perfusion-maps/sub-stroke0163_ses-01_cbf.nii.gz,1185804,8e107614
train/raw_data/sub-stroke0163/ses-01/perfusion-maps/sub-stroke0163_ses-01_cbv.nii.gz,1202894,48f06821
train/raw_data/sub-stroke0163/ses-01/perfusion-maps/sub-stroke0163_ses-01_mtt.nii.gz,1174435,b0faf3c2
train/raw_data/sub-stroke0163/ses-01/perfusion-maps/sub-stroke0163_ses-01_tmax.nii.gz,232729,efc99325
train/raw_data/sub-stroke0163/ses-01/sub-stroke0163_ses-01_cta.nii.gz,55530892,175692d1
train/raw_data/sub-stroke0163/ses-01/sub-stroke0163_ses-01_ctp.nii.gz,59403128,58e616aa
train/raw_data/sub-stroke0163/ses-01/sub-stroke0163_ses-01_ncct.nii.gz,11897509,dbe3c7ff
train/raw_data/sub-stroke0164/ses-01/perfusion-maps/sub-stroke0164_ses-01_cbf.nii.gz,1052851,78d13343
train/raw_data/sub-stroke0164/ses-01/perfusion-maps/sub-stroke0164_ses-01_cbv.nii.gz,1063755,029a4a61
train/raw_data/sub-stroke0164/ses-01/perfusion-maps/sub-stroke0164_ses-01_mtt.nii.gz,1037883,da88411b
train/raw_data/sub-stroke0164/ses-01/perfusion-maps/sub-stroke0164_ses-01_tmax.nii.gz,236507,e1ed51fd
train/raw_data/sub-stroke0164/ses-01/sub-stroke0164_ses-01_cta.nii.gz,29860365,69d5cf17
train/raw_data/sub-stroke0164/ses-01/sub-stroke0164_ses-01_ctp.nii.gz,54465156,07bcee8f
train/raw_data/sub-stroke0164/ses-01/sub-stroke0164_ses-01_ncct.nii.gz,9571660,4ffb6085
train/raw_data/sub-stroke0165/ses-01/perfusion-maps/sub-stroke0165_ses-01_cbf.nii.gz,1040139,20e452c1
train/raw_data/sub-stroke0165/ses-01/perfusion-maps/sub-stroke0165_ses-01_cbv.nii.gz,1052131,96b2e9c6
train/raw_data/sub-stroke0165/ses-01/perfusion-maps/sub-stroke0165_ses-01_mtt.nii.gz,1027054,396eed01
train/raw_data/sub-stroke0165/ses-01/perfusion-maps/sub-stroke0165_ses-01_tmax.nii.gz,221803,e34d9e6e
train/raw_data/sub-stroke0165/ses-01/sub-stroke0165_ses-01_cta.nii.gz,51199607,2e0c8d8d
train/raw_data/sub-stroke0165/ses-01/sub-stroke0165_ses-01_ctp.nii.gz,55203107,847efb7c
train/raw_data/sub-stroke0165/ses-01/sub-stroke0165_ses-01_ncct.nii.gz,8943704,23f0fdc6
train/raw_data/sub-stroke0166/ses-01/perfusion-maps/sub-stroke0166_ses-01_cbf.nii.gz,1019383,6e3cbf06
train/raw_data/sub-stroke0166/ses-01/perfusion-maps/sub-stroke0166_ses-01_cbv.nii.gz,1032249,932f634b
train/raw_data/sub-stroke0166/ses-01/perfusion-maps/sub-stroke0166_ses-01_mtt.nii.gz,1005475,1b748fc1
train/raw_data/sub-stroke0166/ses-01/perfusion-maps/sub-stroke0166_ses-01_tmax.nii.gz,197657,d754303e
train/raw_data/sub-stroke0166/ses-01/sub-stroke0166_ses-01_cta.nii.gz,34142386,dfff61cd
train/raw_data/sub-stroke0166/ses-01/sub-stroke0166_ses-01_ctp.nii.gz,53767942,e52a211d
train/raw_data/sub-stroke0166/ses-01/sub-stroke0166_ses-01_ncct.nii.gz,10109519,01ffeb43
train/raw_data/sub-stroke0167/ses-01/perfusion-maps/sub-stroke0167_ses-01_cbf.nii.gz,1022689,0fcb417b
train/raw_data/sub-stroke0167/ses-01/perfusion-maps/sub-stroke0167_ses-01_cbv.nii.gz,1033415,4dc21c87
train/raw_data/sub-stroke0167/ses-01/perfusion-maps/sub-stroke0167_ses-01_mtt.nii.gz,1001526,a53a4c67
train/raw_data/sub-stroke0167/ses-01/perfusion-maps/sub-stroke0167_ses-01_tmax.nii.gz,200814,074174f4
train/raw_data/sub-stroke0167/ses-01/sub-stroke0167_ses-01_cta.nii.gz,32196797,16c6f4c7
train/raw_data/sub-stroke0167/ses-01/sub-stroke0167_ses-01_ctp.nii.gz,52437462,adef535a
train/raw_data/sub-stroke0167/ses-01/sub-stroke0167_ses-01_ncct.nii.gz,12765741,46a1958d
train/raw_data/sub-stroke0168/ses-01/perfusion-maps/sub-stroke0168_ses-01_cbf.nii.gz,970943,41e0aa75
train/raw_data/sub-stroke0168/ses-01/perfusion-maps/sub-stroke0168_ses-01_cbv.nii.gz,979096,fabf4251
train/raw_data/sub-stroke0168/ses-01/perfusion-maps/sub-stroke0168_ses-01_mtt.nii.gz,953961,f19040d6
train/raw_data/sub-stroke0168/ses-01/perfusion-maps/sub-stroke0168_ses-01_tmax.nii.gz,216769,a6313c23
train/raw_data/sub-stroke0168/ses-01/sub-stroke0168_ses-01_cta.nii.gz,40700131,08ae733a
train/raw_data/sub-stroke0168/ses-01/sub-stroke0168_ses-01_ctp.nii.gz,50086182,bac2f3db
train/raw_data/sub-stroke0168/ses-01/sub-stroke0168_ses-01_ncct.nii.gz,9758201,d85287a1
train/raw_data/sub-stroke0169/ses-01/perfusion-maps/sub-stroke0169_ses-01_cbf.nii.gz,1122939,359473b5
train/raw_data/sub-stroke0169/ses-01/perfusion-maps/sub-stroke0169_ses-01_cbv.nii.gz,1137862,32117a52
train/raw_data/sub-stroke0169/ses-01/perfusion-maps/sub-stroke0169_ses-01_mtt.nii.gz,1107081,ad686ba8
train/raw_data/sub-stroke0169/ses-01/perfusion-maps/sub-stroke0169_ses-01_tmax.nii.gz,241967,486c0d61
train/raw_data/sub-stroke0169/ses-01/sub-stroke0169_ses-01_cta.nii.gz,42024117,20fce01c
train/raw_data/sub-stroke0169/ses-01/sub-stroke0169_ses-01_ctp.nii.gz,53704204,d6aba209
train/raw_data/sub-stroke0169/ses-01/sub-stroke0169_ses-01_ncct.nii.gz,9532185,50e2dcd9
train/raw_data/sub-stroke0170/ses-01/perfusion-maps/sub-stroke0170_ses-01_cbf.nii.gz,1255585,4e4e0851
train/raw_data/sub-stroke0170/ses-01/perfusion-maps/sub-stroke0170_ses-01_cbv.nii.gz,1275049,7e2c5a65
train/raw_data/sub-stroke0170/ses-01/perfusion-maps/sub-stroke0170_ses-01_mtt.nii.gz,1248640,204dfff8
train/raw_data/sub-stroke0170/ses-01/perfusion-maps/sub-stroke0170_ses-01_tmax.nii.gz,245145,e3a487f9
train/raw_data/sub-stroke0170/ses-01/sub-stroke0170_ses-01_cta.nii.gz,7234666,99b4df63
train/raw_data/sub-stroke0170/ses-01/sub-stroke0170_ses-01_ctp.nii.gz,59508120,904aa13c
train/raw_data/sub-stroke0170/ses-01/sub-stroke0170_ses-01_ncct.nii.gz,15314631,b98e533c
train/raw_data/sub-stroke0171/ses-01/perfusion-maps/sub-stroke0171_ses-01_cbf.nii.gz,1054412,98cc377e
train/raw_data/sub-stroke0171/ses-01/perfusion-maps/sub-stroke0171_ses-01_cbv.nii.gz,1066261,ee56f145
train/raw_data/sub-stroke0171/ses-01/perfusion-maps/sub-stroke0171_ses-01_mtt.nii.gz,1038757,35b22948
train/raw_data/sub-stroke0171/ses-01/perfusion-maps/sub-stroke0171_ses-01_tmax.nii.gz,249915,bb2d7b3f
train/raw_data/sub-stroke0171/ses-01/sub-stroke0171_ses-01_cta.nii.gz,41883153,4ceb5b22
train/raw_data/sub-stroke0171/ses-01/sub-stroke0171_ses-01_ctp.nii.gz,53200732,925ee721
train/raw_data/sub-stroke0171/ses-01/sub-stroke0171_ses-01_ncct.nii.gz,13581072,340a06d1
train/raw_data/sub-stroke0172/ses-01/perfusion-maps/sub-stroke0172_ses-01_cbf.nii.gz,1015959,d21790b7
train/raw_data/sub-stroke0172/ses-01/perfusion-maps/sub-stroke0172_ses-01_cbv.nii.gz,1026771,34f2b96d
train/raw_data/sub-stroke0172/ses-01/perfusion-maps/sub-stroke0172_ses-01_mtt.nii.gz,994514,5478ed48
train/raw_data/sub-stroke0172/ses-01/perfusion-maps/sub-stroke0172_ses-01_tmax.nii.gz,188194,0b0c240e
train/raw_data/sub-stroke0172/ses-01/sub-stroke0172_ses-01_cta.nii.gz,23943324,a91ae912
train/raw_data/sub-stroke0172/ses-01/sub-stroke0172_ses-01_ctp.nii.gz,52329614,29e0546d
train/raw_data/sub-stroke0172/ses-01/sub-stroke0172_ses-01_ncct.nii.gz,9111912,3cafcefe
train/raw_data/sub-stroke0173/ses-01/perfusion-maps/sub-stroke0173_ses-01_cbf.nii.gz,1132881,efca539b
train/raw_data/sub-stroke0173/ses-01/perfusion-maps/sub-stroke0173_ses-01_cbv.nii.gz,1139556,5f44c321
train/raw_data/sub-stroke0173/ses-01/perfusion-maps/sub-stroke0173_ses-01_mtt.nii.gz,1109471,80c46b37
train/raw_data/sub-stroke0173/ses-01/perfusion-maps/sub-stroke0173_ses-01_tmax.nii.gz,257651,fb9d6355
train/raw_data/sub-stroke0173/ses-01/sub-stroke0173_ses-01_cta.nii.gz,39067065,3606647f
train/raw_data/sub-stroke0173/ses-01/sub-stroke0173_ses-01_ctp.nii.gz,66975429,c760e3f8
train/raw_data/sub-stroke0173/ses-01/sub-stroke0173_ses-01_ncct.nii.gz,8890963,1d890189
train/raw_data/sub-stroke0174/ses-01/perfusion-maps/sub-stroke0174_ses-01_cbf.nii.gz,950313,9386ead6
train/raw_data/sub-stroke0174/ses-01/perfusion-maps/sub-stroke0174_ses-01_cbv.nii.gz,963003,e946987a
train/raw_data/sub-stroke0174/ses-01/perfusion-maps/sub-stroke0174_ses-01_mtt.nii.gz,937643,9025ec6a
train/raw_data/sub-stroke0174/ses-01/perfusion-maps/sub-stroke0174_ses-01_tmax.nii.gz,193904,a231fdf8
train/raw_data/sub-stroke0174/ses-01/sub-stroke0174_ses-01_cta.nii.gz,39359813,0088c671
train/raw_data/sub-stroke0174/ses-01/sub-stroke0174_ses-01_ctp.nii.gz,48796776,528d303b
train/raw_data/sub-stroke0174/ses-01/sub-stroke0174_ses-01_ncct.nii.gz,10231537,dd1850f2
train/raw_data/sub-stroke0175/ses-01/perfusion-maps/sub-stroke0175_ses-01_cbf.nii.gz,1015970,d033b424
train/raw_data/sub-stroke0175/ses-01/perfusion-maps/sub-stroke0175_ses-01_cbv.nii.gz,1027586,428f403c
train/raw_data/sub-stroke0175/ses-01/perfusion-maps/sub-stroke0175_ses-01_mtt.nii.gz,1009004,41cd1045
train/raw_data/sub-stroke0175/ses-01/perfusion-maps/sub-stroke0175_ses-01_tmax.nii.gz,200163,4cce6309
train/raw_data/sub-stroke0175/ses-01/sub-stroke0175_ses-01_cta.nii.gz,50284578,163f77c4
train/raw_data/sub-stroke0175/ses-01/sub-stroke0175_ses-01_ctp.nii.gz,51068891,cfce5b5d
train/raw_data/sub-stroke0175/ses-01/sub-stroke0175_ses-01_ncct.nii.gz,11557134,8f432059
train/raw_data/sub-stroke0176/ses-01/perfusion-maps/sub-stroke0176_ses-01_cbf.nii.gz,1240061,b0cc4713
train/raw_data/sub-stroke0176/ses-01/perfusion-maps/sub-stroke0176_ses-01_cbv.nii.gz,1253542,a522d52f
train/raw_data/sub-stroke0176/ses-01/perfusion-maps/sub-stroke0176_ses-01_mtt.nii.gz,1224641,a2a5f483
train/raw_data/sub-stroke0176/ses-01/perfusion-maps/sub-stroke0176_ses-01_tmax.nii.gz,261761,d0f6334f
train/raw_data/sub-stroke0176/ses-01/sub-stroke0176_ses-01_cta.nii.gz,65081334,85a7fef2
train/raw_data/sub-stroke0176/ses-01/sub-stroke0176_ses-01_ctp.nii.gz,55995083,1a229a5a
train/raw_data/sub-stroke0176/ses-01/sub-stroke0176_ses-01_ncct.nii.gz,10534223,4d8430a8
train/raw_data/sub-stroke0177/ses-01/perfusion-maps/sub-stroke0177_ses-01_cbf.nii.gz,1173397,18fc1286
train/raw_data/sub-stroke0177/ses-01/perfusion-maps/sub-stroke0177_ses-01_cbv.nii.gz,1190794,b26d775a
train/raw_data/sub-stroke0177/ses-01/perfusion-maps/sub-stroke0177_ses-01_mtt.nii.gz,1165046,bce9ace4
train/raw_data/sub-stroke0177/ses-01/perfusion-maps/sub-stroke0177_ses-01_tmax.nii.gz,260484,83780e41
train/raw_data/sub-stroke0177/ses-01/sub-stroke0177_ses-01_cta.nii.gz,41132788,02b4a52c
train/raw_data/sub-stroke0177/ses-01/sub-stroke0177_ses-01_ctp.nii.gz,58185459,f0ac6e1f
train/raw_data/sub-stroke0177/ses-01/sub-stroke0177_ses-01_ncct.nii.gz,10087175,45323f64
train/raw_data/sub-stroke0178/ses-01/perfusion-maps/sub-stroke0178_ses-01_cbf.nii.gz,1010932,96c7a285
train/raw_data/sub-stroke0178/ses-01/perfusion-maps/sub-stroke0178_ses-01_cbv.nii.gz,1026511,b9d37e9e
train/raw_data/sub-stroke0178/ses-01/perfusion-maps/sub-stroke0178_ses-01_mtt.nii.gz,1001802,a2715e1e
train/raw_data/sub-stroke0178/ses-01/perfusion-maps/sub-stroke0178_ses-01_tmax.nii.gz,192105,1f74d933
train/raw_data/sub-stroke0178/ses-01/sub-stroke0178_ses-01_cta.nii.gz,33443593,d3aeb74e
train/raw_data/sub-stroke0178/ses-01/sub-stroke0178_ses-01_ctp.nii.gz,52225906,00573a43
train/raw_data/sub-stroke0178/ses-01/sub-stroke0178_ses-01_ncct.nii.gz,9795548,43fcd1be
train/raw_data/sub-stroke0179/ses-01/perfusion-maps/sub-stroke0179_ses-01_cbf.nii.gz,1086802,61783954
train/raw_data/sub-stroke0179/ses-01/perfusion-maps/sub-stroke0179_ses-01_cbv.nii.gz,1092931,8df414e5
train/raw_data/sub-stroke0179/ses-01/perfusion-maps/sub-stroke0179_ses-01_mtt.nii.gz,1063546,18ecadc7
train/raw_data/sub-stroke0179/ses-01/perfusion-maps/sub-stroke0179_ses-01_tmax.nii.gz,214587,358789a4
train/raw_data/sub-stroke0179/ses-01/sub-stroke0179_ses-01_cta.nii.gz,50977900,60aebc8e
train/raw_data/sub-stroke0179/ses-01/sub-stroke0179_ses-01_ctp.nii.gz,51702349,1acf9844
train/raw_data/sub-stroke0179/ses-01/sub-stroke0179_ses-01_ncct.nii.gz,11930256,474e168e
train/raw_data/sub-stroke0180/ses-01/perfusion-maps/sub-stroke0180_ses-01_cbf.nii.gz,967500,ef8af7ce
train/raw_data/sub-stroke0180/ses-01/perfusion-maps/sub-stroke0180_ses-01_cbv.nii.gz,979794,eadca47d
train/raw_data/sub-stroke0180/ses-01/perfusion-maps/sub-stroke0180_ses-01_mtt.nii.gz,950990,990589d3
train/raw_data/sub-stroke0180/ses-01/perfusion-maps/sub-stroke0180_ses-01_tmax.nii.gz,193773,c7b3374d
train/raw_data/sub-stroke0180/ses-01/sub-stroke0180_ses-01_cta.nii.gz,32401062,6a5558ff
train/raw_data/sub-stroke0180/ses-01/sub-stroke0180_ses-01_ctp.nii.gz,47913635,60f5bbc8
train/raw_data/sub-stroke0180/ses-01/sub-stroke0180_ses-01_ncct.nii.gz,9207935,0168a23e
train/raw_data/sub-stroke0181/ses-01/perfusion-maps/sub-stroke0181_ses-01_cbf.nii.gz,1290502,f677f595
train/raw_data/sub-stroke0181/ses-01/perfusion-maps/sub-stroke0181_ses-01_cbv.nii.gz,1306813,1509382d
train/raw_data/sub-stroke0181/ses-01/perfusion-maps/sub-stroke0181_ses-01_mtt.nii.gz,1271657,971e6c25
train/raw_data/sub-stroke0181/ses-01/perfusion-maps/sub-stroke0181_ses-01_tmax.nii.gz,265284,57cee73d
train/raw_data/sub-stroke0181/ses-01/sub-stroke0181_ses-01_cta.nii.gz,42835170,066280eb
train/raw_data/sub-stroke0181/ses-01/sub-stroke0181_ses-01_ctp.nii.gz,59377021,61a608ce
train/raw_data/sub-stroke0181/ses-01/sub-stroke0181_ses-01_ncct.nii.gz,11784343,b42548fb
train/raw_data/sub-stroke0182/ses-01/perfusion-maps/sub-stroke0182_ses-01_cbf.nii.gz,1202222,6a753ad4
train/raw_data/sub-stroke0182/ses-01/perfusion-maps/sub-stroke0182_ses-01_cbv.nii.gz,1215236,17c36a38
train/raw_data/sub-stroke0182/ses-01/perfusion-maps/sub-stroke0182_ses-01_mtt.nii.gz,1179970,aa540606
train/raw_data/sub-stroke0182/ses-01/perfusion-maps/sub-stroke0182_ses-01_tmax.nii.gz,257523,41925fdd
train/raw_data/sub-stroke0182/ses-01/sub-stroke0182_ses-01_cta.nii.gz,37827998,d66f5c26
train/raw_data/sub-stroke0182/ses-01/sub-stroke0182_ses-01_ctp.nii.gz,57215398,56f545e1
train/raw_data/sub-stroke0182/ses-01/sub-stroke0182_ses-01_ncct.nii.gz,11256591,1ff3aac5
train/raw_data/sub-stroke0183/ses-01/perfusion-maps/sub-stroke0183_ses-01_cbf.nii.gz,839145,aa8b575f
train/raw_data/sub-stroke0183/ses-01/perfusion-maps/sub-stroke0183_ses-01_cbv.nii.gz,858253,3eca26da
train/raw_data/sub-stroke0183/ses-01/perfusion-maps/sub-stroke0183_ses-01_mtt.nii.gz,845430,e37d5056
train/raw_data/sub-stroke0183/ses-01/perfusion-maps/sub-stroke0183_ses-01_tmax.nii.gz,176106,7e468ce9
train/raw_data/sub-stroke0183/ses-01/sub-stroke0183_ses-01_cta.nii.gz,45339462,0967e1f9
train/raw_data/sub-stroke0183/ses-01/sub-stroke0183_ses-01_ctp.nii.gz,43279939,1c5fa306
train/raw_data/sub-stroke0183/ses-01/sub-stroke0183_ses-01_ncct.nii.gz,14896052,be4d97a6
train/raw_data/sub-stroke0184/ses-01/perfusion-maps/sub-stroke0184_ses-01_cbf.nii.gz,787296,8e3c43a8
train/raw_data/sub-stroke0184/ses-01/perfusion-maps/sub-stroke0184_ses-01_cbv.nii.gz,802675,616ba567
train/raw_data/sub-stroke0184/ses-01/perfusion-maps/sub-stroke0184_ses-01_mtt.nii.gz,787130,1d71c64e
train/raw_data/sub-stroke0184/ses-01/perfusion-maps/sub-stroke0184_ses-01_tmax.nii.gz,172989,26f926bd
train/raw_data/sub-stroke0184/ses-01/sub-stroke0184_ses-01_cta.nii.gz,24439451,f0c84194
train/raw_data/sub-stroke0184/ses-01/sub-stroke0184_ses-01_ctp.nii.gz,41339232,079b7a11
train/raw_data/sub-stroke0184/ses-01/sub-stroke0184_ses-01_ncct.nii.gz,13904240,05e8a2b6
train/raw_data/sub-stroke0185/ses-01/perfusion-maps/sub-stroke0185_ses-01_cbf.nii.gz,887075,6295a638
train/raw_data/sub-stroke0185/ses-01/perfusion-maps/sub-stroke0185_ses-01_cbv.nii.gz,908319,26dbc7a5
train/raw_data/sub-stroke0185/ses-01/perfusion-maps/sub-stroke0185_ses-01_mtt.nii.gz,896663,f29583ad
train/raw_data/sub-stroke0185/ses-01/perfusion-maps/sub-stroke0185_ses-01_tmax.nii.gz,193960,1fc9cddd
train/raw_data/sub-stroke0185/ses-01/sub-stroke0185_ses-01_cta.nii.gz,55469794,83ffd6f8
train/raw_data/sub-stroke0185/ses-01/sub-stroke0185_ses-01_ctp.nii.gz,50615416,85718ddf
train/raw_data/sub-stroke0185/ses-01/sub-stroke0185_ses-01_ncct.nii.gz,19258358,fb665702
train/raw_data/sub-stroke0186/ses-01/perfusion-maps/sub-stroke0186_ses-01_cbf.nii.gz,971268,a87bcb17
train/raw_data/sub-stroke0186/ses-01/perfusion-maps/sub-stroke0186_ses-01_cbv.nii.gz,981652,6ce2876e
train/raw_data/sub-stroke0186/ses-01/perfusion-maps/sub-stroke0186_ses-01_mtt.nii.gz,958553,5c0b609a
train/raw_data/sub-stroke0186/ses-01/perfusion-maps/sub-stroke0186_ses-01_tmax.nii.gz,194865,42c33716
train/raw_data/sub-stroke0186/ses-01/sub-stroke0186_ses-01_cta.nii.gz,45851884,d29966bb
train/raw_data/sub-stroke0186/ses-01/sub-stroke0186_ses-01_ctp.nii.gz,44622412,4d44c258
train/raw_data/sub-stroke0186/ses-01/sub-stroke0186_ses-01_ncct.nii.gz,16918562,3834aa77
train/raw_data/sub-stroke0187/ses-01/perfusion-maps/sub-stroke0187_ses-01_cbf.nii.gz,825024,7e661776
train/raw_data/sub-stroke0187/ses-01/perfusion-maps/sub-stroke0187_ses-01_cbv.nii.gz,834221,239e9741
train/raw_data/sub-stroke0187/ses-01/perfusion-maps/sub-stroke0187_ses-01_mtt.nii.gz,815126,18d45acf
train/raw_data/sub-stroke0187/ses-01/perfusion-maps/sub-stroke0187_ses-01_tmax.nii.gz,230905,700b73b7
train/raw_data/sub-stroke0187/ses-01/sub-stroke0187_ses-01_cta.nii.gz,9920511,6a582ca6
train/raw_data/sub-stroke0187/ses-01/sub-stroke0187_ses-01_ctp.nii.gz,50034843,66d56dd7
train/raw_data/sub-stroke0187/ses-01/sub-stroke0187_ses-01_ncct.nii.gz,12779713,ea5ac399
train/raw_data/sub-stroke0188/ses-01/perfusion-maps/sub-stroke0188_ses-01_cbf.nii.gz,888537,e2439c63
train/raw_data/sub-stroke0188/ses-01/perfusion-maps/sub-stroke0188_ses-01_cbv.nii.gz,916741,68ca7d8e
train/raw_data/sub-stroke0188/ses-01/perfusion-maps/sub-stroke0188_ses-01_mtt.nii.gz,904246,6221d5b8
train/raw_data/sub-stroke0188/ses-01/perfusion-maps/sub-stroke0188_ses-01_tmax.nii.gz,213324,0bfb2952
train/raw_data/sub-stroke0188/ses-01/sub-stroke0188_ses-01_cta.nii.gz,44570888,4ee270a4
train/raw_data/sub-stroke0188/ses-01/sub-stroke0188_ses-01_ctp.nii.gz,46760739,f6c7db68
train/raw_data/sub-stroke0188/ses-01/sub-stroke0188_ses-01_ncct.nii.gz,15403444,239fd89e
train/raw_data/sub-stroke0189/ses-01/perfusion-maps/sub-stroke0189_ses-01_cbf.nii.gz,884048,64c36cb3
train/raw_data/sub-stroke0189/ses-01/perfusion-maps/sub-stroke0189_ses-01_cbv.nii.gz,895487,14b1879d
train/raw_data/sub-stroke0189/ses-01/perfusion-maps/sub-stroke0189_ses-01_mtt.nii.gz,877010,8f679894
train/raw_data/sub-stroke0189/ses-01/perfusion-maps/sub-stroke0189_ses-01_tmax.nii.gz,182252,ab2738e3
train/raw_data/sub-stroke0189/ses-01/sub-stroke0189_ses-01_cta.nii.gz,59541699,d11b0cf0
train/raw_data/sub-stroke0189/ses-01/sub-stroke0189_ses-01_ctp.nii.gz,44615919,0b2b5dd8
train/raw_data/sub-stroke0189/ses-01/sub-stroke0189_ses-01_ncct.nii.gz,17972356,47b60da1
