session_id,chunk,execution,pair_id,role,volume_name,stratum,head_index,head_name,score,score_hex
20260815T231124Z-8e185556,chunk_08,p176_softer,p176,softer,valid_71_a_1.nii.gz,Br40f|Br60f,0,Medical material,0.5576781630516052,0x1.1d87fe0000000p-1
20260815T231124Z-8e185556,chunk_08,p176_softer,p176,softer,valid_71_a_1.nii.gz,Br40f|Br60f,1,Arterial wall calcification,0.5044480562210083,0x1.0247040000000p-1
20260815T231124Z-8e185556,chunk_08,p176_softer,p176,softer,valid_71_a_1.nii.gz,Br40f|Br60f,2,Cardiomegaly,0.5028561949729919,0x1.01765e0000000p-1
20260815T231124Z-8e185556,chunk_08,p176_softer,p176,softer,valid_71_a_1.nii.gz,Br40f|Br60f,3,Pericardial effusion,0.6058365702629089,0x1.3630360000000p-1
20260815T231124Z-8e185556,chunk_08,p176_softer,p176,softer,valid_71_a_1.nii.gz,Br40f|Br60f,4,Coronary artery wall calcification,0.5089902877807617,0x1.049a600000000p-1
20260815T231124Z-8e185556,chunk_08,p176_softer,p176,softer,valid_71_a_1.nii.gz,Br40f|Br60f,5,Hiatal hernia,0.49147525429725647,0x1.f7454a0000000p-2
20260815T231124Z-8e185556,chunk_08,p176_softer,p176,softer,valid_71_a_1.nii.gz,Br40f|Br60f,6,Lymphadenopathy,0.5208967924118042,0x1.0ab2fc0000000p-1
20260815T231124Z-8e185556,chunk_08,p176_softer,p176,softer,valid_71_a_1.nii.gz,Br40f|Br60f,7,Emphysema,0.5021777749061584,0x1.011d720000000p-1
20260815T231124Z-8e185556,chunk_08,p176_softer,p176,softer,valid_71_a_1.nii.gz,Br40f|Br60f,8,Atelectasis,0.5273172855377197,0x1.0dfc880000000p-1
20260815T231124Z-8e185556,chunk_08,p176_softer,p176,softer,valid_71_a_1.nii.gz,Br40f|Br60f,9,Lung nodule,0.5097201466560364,0x1.04fa0a0000000p-1
20260815T231124Z-8e185556,chunk_08,p176_softer,p176,softer,valid_71_a_1.nii.gz,Br40f|Br60f,10,Lung opacity,0.5023235082626343,0x1.01308c0000000p-1
20260815T231124Z-8e185556,chunk_08,p176_softer,p176,softer,valid_71_a_1.nii.gz,Br40f|Br60f,11,Pulmonary fibrotic sequela,0.5103939771652222,0x1.05525c0000000p-1
20260815T231124Z-8e185556,chunk_08,p176_softer,p176,softer,valid_71_a_1.nii.gz,Br40f|Br60f,12,Pleural effusion,0.46287134289741516,0x1.d9faf20000000p-2
20260815T231124Z-8e185556,chunk_08,p176_softer,p176,softer,valid_71_a_1.nii.gz,Br40f|Br60f,13,Mosaic attenuation pattern,0.5261149406433105,0x1.0d5ef00000000p-1
20260815T231124Z-8e185556,chunk_08,p176_softer,p176,softer,valid_71_a_1.nii.gz,Br40f|Br60f,14,Peribronchial thickening,0.5419877767562866,0x1.157f6c0000000p-1
20260815T231124Z-8e185556,chunk_08,p176_softer,p176,softer,valid_71_a_1.nii.gz,Br40f|Br60f,15,Consolidation,0.5150088667869568,0x1.07af3e0000000p-1
20260815T231124Z-8e185556,chunk_08,p176_softer,p176,softer,valid_71_a_1.nii.gz,Br40f|Br60f,16,Bronchiectasis,0.5153981447219849,0x1.07e2440000000p-1
20260815T231124Z-8e185556,chunk_08,p176_softer,p176,softer,valid_71_a_1.nii.gz,Br40f|Br60f,17,Interlobular septal thickening,0.49700814485549927,0x1.fcefb40000000p-2
20260815T231124Z-8e185556,chunk_08,p176_sharper,p176,sharper,valid_71_a_2.nii.gz,Br40f|Br60f,0,Medical material,0.5446509122848511,0x1.16dc7c0000000p-1
20260815T231124Z-8e185556,chunk_08,p176_sharper,p176,sharper,valid_71_a_2.nii.gz,Br40f|Br60f,1,Arterial wall calcification,0.49666616320610046,0x1.fc960e0000000p-2
20260815T231124Z-8e185556,chunk_08,p176_sharper,p176,sharper,valid_71_a_2.nii.gz,Br40f|Br60f,2,Cardiomegaly,0.47940802574157715,0x1.eae9f00000000p-2
20260815T231124Z-8e185556,chunk_08,p176_sharper,p176,sharper,valid_71_a_2.nii.gz,Br40f|Br60f,3,Pericardial effusion,0.590269923210144,0x1.2e37dc0000000p-1
20260815T231124Z-8e185556,chunk_08,p176_sharper,p176,sharper,valid_71_a_2.nii.gz,Br40f|Br60f,4,Coronary artery wall calcification,0.49929818511009216,0x1.ff48060000000p-2
20260815T231124Z-8e185556,chunk_08,p176_sharper,p176,sharper,valid_71_a_2.nii.gz,Br40f|Br60f,5,Hiatal hernia,0.49766451120376587,0x1.fd9bc40000000p-2
20260815T231124Z-8e185556,chunk_08,p176_sharper,p176,sharper,valid_71_a_2.nii.gz,Br40f|Br60f,6,Lymphadenopathy,0.5131399035453796,0x1.06ba460000000p-1
20260815T231124Z-8e185556,chunk_08,p176_sharper,p176,sharper,valid_71_a_2.nii.gz,Br40f|Br60f,7,Emphysema,0.5024495124816895,0x1.0141100000000p-1
20260815T231124Z-8e185556,chunk_08,p176_sharper,p176,sharper,valid_71_a_2.nii.gz,Br40f|Br60f,8,Atelectasis,0.5199447274208069,0x1.0a36320000000p-1
20260815T231124Z-8e185556,chunk_08,p176_sharper,p176,sharper,valid_71_a_2.nii.gz,Br40f|Br60f,9,Lung nodule,0.5152155756950378,0x1.07ca560000000p-1
20260815T231124Z-8e185556,chunk_08,p176_sharper,p176,sharper,valid_71_a_2.nii.gz,Br40f|Br60f,10,Lung opacity,0.4937744736671448,0x1.f9a0040000000p-2
20260815T231124Z-8e185556,chunk_08,p176_sharper,p176,sharper,valid_71_a_2.nii.gz,Br40f|Br60f,11,Pulmonary fibrotic sequela,0.5121774077415466,0x1.063c1e0000000p-1
20260815T231124Z-8e185556,chunk_08,p176_sharper,p176,sharper,valid_71_a_2.nii.gz,Br40f|Br60f,12,Pleural effusion,0.4339289963245392,0x1.bc57e20000000p-2
20260815T231124Z-8e185556,chunk_08,p176_sharper,p176,sharper,valid_71_a_2.nii.gz,Br40f|Br60f,13,Mosaic attenuation pattern,0.5142799615859985,0x1.074fb40000000p-1
20260815T231124Z-8e185556,chunk_08,p176_sharper,p176,sharper,valid_71_a_2.nii.gz,Br40f|Br60f,14,Peribronchial thickening,0.5343798995018005,0x1.119a3e0000000p-1
20260815T231124Z-8e185556,chunk_08,p176_sharper,p176,sharper,valid_71_a_2.nii.gz,Br40f|Br60f,15,Consolidation,0.50435870885849,0x1.023b4e0000000p-1
20260815T231124Z-8e185556,chunk_08,p176_sharper,p176,sharper,valid_71_a_2.nii.gz,Br40f|Br60f,16,Bronchiectasis,0.519241988658905,0x1.09da160000000p-1
20260815T231124Z-8e185556,chunk_08,p176_sharper,p176,sharper,valid_71_a_2.nii.gz,Br40f|Br60f,17,Interlobular septal thickening,0.4828720688819885,0x1.ee76040000000p-2
20260815T231124Z-8e185556,chunk_08,p177_softer,p177,softer,valid_71_b_1.nii.gz,Br40f|Br60f,0,Medical material,0.5270568132400513,0x1.0dda640000000p-1
20260815T231124Z-8e185556,chunk_08,p177_softer,p177,softer,valid_71_b_1.nii.gz,Br40f|Br60f,1,Arterial wall calcification,0.48231762647628784,0x1.ede4ac0000000p-2
20260815T231124Z-8e185556,chunk_08,p177_softer,p177,softer,valid_71_b_1.nii.gz,Br40f|Br60f,2,Cardiomegaly,0.44348418712615967,0x1.c620b80000000p-2
20260815T231124Z-8e185556,chunk_08,p177_softer,p177,softer,valid_71_b_1.nii.gz,Br40f|Br60f,3,Pericardial effusion,0.5593025088310242,0x1.1e5ce60000000p-1
20260815T231124Z-8e185556,chunk_08,p177_softer,p177,softer,valid_71_b_1.nii.gz,Br40f|Br60f,4,Coronary artery wall calcification,0.4863497316837311,0x1.f205aa0000000p-2
20260815T231124Z-8e185556,chunk_08,p177_softer,p177,softer,valid_71_b_1.nii.gz,Br40f|Br60f,5,Hiatal hernia,0.49541157484054565,0x1.fb4d2c0000000p-2
20260815T231124Z-8e185556,chunk_08,p177_softer,p177,softer,valid_71_b_1.nii.gz,Br40f|Br60f,6,Lymphadenopathy,0.5087571144104004,0x1.047bd00000000p-1
20260815T231124Z-8e185556,chunk_08,p177_softer,p177,softer,valid_71_b_1.nii.gz,Br40f|Br60f,7,Emphysema,0.4895123243331909,0x1.f542b80000000p-2
20260815T231124Z-8e185556,chunk_08,p177_softer,p177,softer,valid_71_b_1.nii.gz,Br40f|Br60f,8,Atelectasis,0.5007047057151794,0x1.005c5e0000000p-1
20260815T231124Z-8e185556,chunk_08,p177_softer,p177,softer,valid_71_b_1.nii.gz,Br40f|Br60f,9,Lung nodule,0.5168803334236145,0x1.08a48a0000000p-1
20260815T231124Z-8e185556,chunk_08,p177_softer,p177,softer,valid_71_b_1.nii.gz,Br40f|Br60f,10,Lung opacity,0.48517152667045593,0x1.f0d0ce0000000p-2
20260815T231124Z-8e185556,chunk_08,p177_softer,p177,softer,valid_71_b_1.nii.gz,Br40f|Br60f,11,Pulmonary fibrotic sequela,0.5281562209129333,0x1.0e6a7e0000000p-1
20260815T231124Z-8e185556,chunk_08,p177_softer,p177,softer,valid_71_b_1.nii.gz,Br40f|Br60f,12,Pleural effusion,0.41635140776634216,0x1.aa58060000000p-2
20260815T231124Z-8e185556,chunk_08,p177_softer,p177,softer,valid_71_b_1.nii.gz,Br40f|Br60f,13,Mosaic attenuation pattern,0.520788311958313,0x1.0aa4c40000000p-1
20260815T231124Z-8e185556,chunk_08,p177_softer,p177,softer,valid_71_b_1.nii.gz,Br40f|Br60f,14,Peribronchial thickening,0.5504316091537476,0x1.19d22c0000000p-1
20260815T231124Z-8e185556,chunk_08,p177_softer,p177,softer,valid_71_b_1.nii.gz,Br40f|Br60f,15,Consolidation,0.4935224950313568,0x1.f95df60000000p-2
20260815T231124Z-8e185556,chunk_08,p177_softer,p177,softer,valid_71_b_1.nii.gz,Br40f|Br60f,16,Bronchiectasis,0.5204645991325378,0x1.0a7a560000000p-1
20260815T231124Z-8e185556,chunk_08,p177_softer,p177,softer,valid_71_b_1.nii.gz,Br40f|Br60f,17,Interlobular septal thickening,0.4509832561016083,0x1.cdce8e0000000p-2
20260815T231124Z-8e185556,chunk_08,p177_sharper,p177,sharper,valid_71_b_2.nii.gz,Br40f|Br60f,0,Medical material,0.5160080790519714,0x1.0832360000000p-1
20260815T231124Z-8e185556,chunk_08,p177_sharper,p177,sharper,valid_71_b_2.nii.gz,Br40f|Br60f,1,Arterial wall calcification,0.4690920412540436,0x1.e059aa0000000p-2
20260815T231124Z-8e185556,chunk_08,p177_sharper,p177,sharper,valid_71_b_2.nii.gz,Br40f|Br60f,2,Cardiomegaly,0.42381948232650757,0x1.b1fdbc0000000p-2
20260815T231124Z-8e185556,chunk_08,p177_sharper,p177,sharper,valid_71_b_2.nii.gz,Br40f|Br60f,3,Pericardial effusion,0.5456940531730652,0x1.1765360000000p-1
20260815T231124Z-8e185556,chunk_08,p177_sharper,p177,sharper,valid_71_b_2.nii.gz,Br40f|Br60f,4,Coronary artery wall calcification,0.47256430983543396,0x1.e3e7e60000000p-2
20260815T231124Z-8e185556,chunk_08,p177_sharper,p177,sharper,valid_71_b_2.nii.gz,Br40f|Br60f,5,Hiatal hernia,0.49314364790916443,0x1.f8faa60000000p-2
20260815T231124Z-8e185556,chunk_08,p177_sharper,p177,sharper,valid_71_b_2.nii.gz,Br40f|Br60f,6,Lymphadenopathy,0.49655503034591675,0x1.fc78ec0000000p-2
20260815T231124Z-8e185556,chunk_08,p177_sharper,p177,sharper,valid_71_b_2.nii.gz,Br40f|Br60f,7,Emphysema,0.48366808891296387,0x1.ef46b00000000p-2
20260815T231124Z-8e185556,chunk_08,p177_sharper,p177,sharper,valid_71_b_2.nii.gz,Br40f|Br60f,8,Atelectasis,0.49043241143226624,0x1.f633ea0000000p-2
20260815T231124Z-8e185556,chunk_08,p177_sharper,p177,sharper,valid_71_b_2.nii.gz,Br40f|Br60f,9,Lung nodule,0.5190128684043884,0x1.09bc0e0000000p-1
20260815T231124Z-8e185556,chunk_08,p177_sharper,p177,sharper,valid_71_b_2.nii.gz,Br40f|Br60f,10,Lung opacity,0.48002710938453674,0x1.eb8c3a0000000p-2
20260815T231124Z-8e185556,chunk_08,p177_sharper,p177,sharper,valid_71_b_2.nii.gz,Br40f|Br60f,11,Pulmonary fibrotic sequela,0.5275080800056458,0x1.0e158a0000000p-1
20260815T231124Z-8e185556,chunk_08,p177_sharper,p177,sharper,valid_71_b_2.nii.gz,Br40f|Br60f,12,Pleural effusion,0.39825281500816345,0x1.97cf960000000p-2
20260815T231124Z-8e185556,chunk_08,p177_sharper,p177,sharper,valid_71_b_2.nii.gz,Br40f|Br60f,13,Mosaic attenuation pattern,0.5089800357818604,0x1.0499080000000p-1
20260815T231124Z-8e185556,chunk_08,p177_sharper,p177,sharper,valid_71_b_2.nii.gz,Br40f|Br60f,14,Peribronchial thickening,0.5442796945571899,0x1.16abd40000000p-1
20260815T231124Z-8e185556,chunk_08,p177_sharper,p177,sharper,valid_71_b_2.nii.gz,Br40f|Br60f,15,Consolidation,0.48376432061195374,0x1.ef5fea0000000p-2
20260815T231124Z-8e185556,chunk_08,p177_sharper,p177,sharper,valid_71_b_2.nii.gz,Br40f|Br60f,16,Bronchiectasis,0.520111620426178,0x1.0a4c120000000p-1
20260815T231124Z-8e185556,chunk_08,p177_sharper,p177,sharper,valid_71_b_2.nii.gz,Br40f|Br60f,17,Interlobular septal thickening,0.4392816126346588,0x1.c1d30a0000000p-2
20260815T231124Z-8e185556,chunk_08,p178_softer,p178,softer,valid_721_a_1.nii.gz,Br40f|Br60f,0,Medical material,0.5171809196472168,0x1.08cbf00000000p-1
20260815T231124Z-8e185556,chunk_08,p178_softer,p178,softer,valid_721_a_1.nii.gz,Br40f|Br60f,1,Arterial wall calcification,0.4648705720901489,0x1.dc07080000000p-2
20260815T231124Z-8e185556,chunk_08,p178_softer,p178,softer,valid_721_a_1.nii.gz,Br40f|Br60f,2,Cardiomegaly,0.39144566655158997,0x1.90d7220000000p-2
20260815T231124Z-8e185556,chunk_08,p178_softer,p178,softer,valid_721_a_1.nii.gz,Br40f|Br60f,3,Pericardial effusion,0.5283747911453247,0x1.0e87240000000p-1
20260815T231124Z-8e185556,chunk_08,p178_softer,p178,softer,valid_721_a_1.nii.gz,Br40f|Br60f,4,Coronary artery wall calcification,0.4738057255744934,0x1.e52d540000000p-2
20260815T231124Z-8e185556,chunk_08,p178_softer,p178,softer,valid_721_a_1.nii.gz,Br40f|Br60f,5,Hiatal hernia,0.5018033981323242,0x1.00ec600000000p-1
20260815T231124Z-8e185556,chunk_08,p178_softer,p178,softer,valid_721_a_1.nii.gz,Br40f|Br60f,6,Lymphadenopathy,0.49383899569511414,0x1.f9b0ee0000000p-2
20260815T231124Z-8e185556,chunk_08,p178_softer,p178,softer,valid_721_a_1.nii.gz,Br40f|Br60f,7,Emphysema,0.49741968512535095,0x1.fd5b960000000p-2
20260815T231124Z-8e185556,chunk_08,p178_softer,p178,softer,valid_721_a_1.nii.gz,Br40f|Br60f,8,Atelectasis,0.499190092086792,0x1.ff2bb00000000p-2
20260815T231124Z-8e185556,chunk_08,p178_softer,p178,softer,valid_721_a_1.nii.gz,Br40f|Br60f,9,Lung nodule,0.5239989757537842,0x1.0c49980000000p-1
20260815T231124Z-8e185556,chunk_08,p178_softer,p178,softer,valid_721_a_1.nii.gz,Br40f|Br60f,10,Lung opacity,0.48248669505119324,0x1.ee10fe0000000p-2
20260815T231124Z-8e185556,chunk_08,p178_softer,p178,softer,valid_721_a_1.nii.gz,Br40f|Br60f,11,Pulmonary fibrotic sequela,0.5328486561775208,0x1.10d18a0000000p-1
20260815T231124Z-8e185556,chunk_08,p178_softer,p178,softer,valid_721_a_1.nii.gz,Br40f|Br60f,12,Pleural effusion,0.38780677318573,0x1.8d1d380000000p-2
20260815T231124Z-8e185556,chunk_08,p178_softer,p178,softer,valid_721_a_1.nii.gz,Br40f|Br60f,13,Mosaic attenuation pattern,0.459952175617218,0x1.d6fdb40000000p-2
20260815T231124Z-8e185556,chunk_08,p178_softer,p178,softer,valid_721_a_1.nii.gz,Br40f|Br60f,14,Peribronchial thickening,0.5282304883003235,0x1.0e743a0000000p-1
20260815T231124Z-8e185556,chunk_08,p178_softer,p178,softer,valid_721_a_1.nii.gz,Br40f|Br60f,15,Consolidation,0.48866748809814453,0x1.f465400000000p-2
20260815T231124Z-8e185556,chunk_08,p178_softer,p178,softer,valid_721_a_1.nii.gz,Br40f|Br60f,16,Bronchiectasis,0.5493558645248413,0x1.19452c0000000p-1
20260815T231124Z-8e185556,chunk_08,p178_softer,p178,softer,valid_721_a_1.nii.gz,Br40f|Br60f,17,Interlobular septal thickening,0.45425230264663696,0x1.d127840000000p-2
20260815T231124Z-8e185556,chunk_08,p178_sharper,p178,sharper,valid_721_a_2.nii.gz,Br40f|Br60f,0,Medical material,0.5221553444862366,0x1.0b57f20000000p-1
20260815T231124Z-8e185556,chunk_08,p178_sharper,p178,sharper,valid_721_a_2.nii.gz,Br40f|Br60f,1,Arterial wall calcification,0.4828610122203827,0x1.ee731e0000000p-2
20260815T231124Z-8e185556,chunk_08,p178_sharper,p178,sharper,valid_721_a_2.nii.gz,Br40f|Br60f,2,Cardiomegaly,0.40383249521255493,0x1.9d86440000000p-2
20260815T231124Z-8e185556,chunk_08,p178_sharper,p178,sharper,valid_721_a_2.nii.gz,Br40f|Br60f,3,Pericardial effusion,0.5365048050880432,0x1.12b0c20000000p-1
20260815T231124Z-8e185556,chunk_08,p178_sharper,p178,sharper,valid_721_a_2.nii.gz,Br40f|Br60f,4,Coronary artery wall calcification,0.4917375445365906,0x1.f78a0c0000000p-2
20260815T231124Z-8e185556,chunk_08,p178_sharper,p178,sharper,valid_721_a_2.nii.gz,Br40f|Br60f,5,Hiatal hernia,0.5102354884147644,0x1.053d960000000p-1
20260815T231124Z-8e185556,chunk_08,p178_sharper,p178,sharper,valid_721_a_2.nii.gz,Br40f|Br60f,6,Lymphadenopathy,0.5031052827835083,0x1.0197040000000p-1
20260815T231124Z-8e185556,chunk_08,p178_sharper,p178,sharper,valid_721_a_2.nii.gz,Br40f|Br60f,7,Emphysema,0.5082133412361145,0x1.04348a0000000p-1
20260815T231124Z-8e185556,chunk_08,p178_sharper,p178,sharper,valid_721_a_2.nii.gz,Br40f|Br60f,8,Atelectasis,0.5080316662788391,0x1.041cba0000000p-1
20260815T231124Z-8e185556,chunk_08,p178_sharper,p178,sharper,valid_721_a_2.nii.gz,Br40f|Br60f,9,Lung nodule,0.5264248847961426,0x1.0d87900000000p-1
20260815T231124Z-8e185556,chunk_08,p178_sharper,p178,sharper,valid_721_a_2.nii.gz,Br40f|Br60f,10,Lung opacity,0.48685121536254883,0x1.f289200000000p-2
20260815T231124Z-8e185556,chunk_08,p178_sharper,p178,sharper,valid_721_a_2.nii.gz,Br40f|Br60f,11,Pulmonary fibrotic sequela,0.5388769507408142,0x1.13e7ae0000000p-1
20260815T231124Z-8e185556,chunk_08,p178_sharper,p178,sharper,valid_721_a_2.nii.gz,Br40f|Br60f,12,Pleural effusion,0.4002089500427246,0x1.99d0600000000p-2
20260815T231124Z-8e185556,chunk_08,p178_sharper,p178,sharper,valid_721_a_2.nii.gz,Br40f|Br60f,13,Mosaic attenuation pattern,0.46865302324295044,0x1.dfe6940000000p-2
20260815T231124Z-8e185556,chunk_08,p178_sharper,p178,sharper,valid_721_a_2.nii.gz,Br40f|Br60f,14,Peribronchial thickening,0.5413398742675781,0x1.152a800000000p-1
20260815T231124Z-8e185556,chunk_08,p178_sharper,p178,sharper,valid_721_a_2.nii.gz,Br40f|Br60f,15,Consolidation,0.49439939856529236,0x1.fa43d60000000p-2
20260815T231124Z-8e185556,chunk_08,p178_sharper,p178,sharper,valid_721_a_2.nii.gz,Br40f|Br60f,16,Bronchiectasis,0.5569438934326172,0x1.1d27c00000000p-1
20260815T231124Z-8e185556,chunk_08,p178_sharper,p178,sharper,valid_721_a_2.nii.gz,Br40f|Br60f,17,Interlobular septal thickening,0.461121141910553,0x1.d830240000000p-2
20260815T231124Z-8e185556,chunk_08,p179_softer,p179,softer,valid_727_a_1.nii.gz,Br40f|Br60f,0,Medical material,0.6014854907989502,0x1.33f5e80000000p-1
20260815T231124Z-8e185556,chunk_08,p179_softer,p179,softer,valid_727_a_1.nii.gz,Br40f|Br60f,1,Arterial wall calcification,0.5909917950630188,0x1.2e967a0000000p-1
20260815T231124Z-8e185556,chunk_08,p179_softer,p179,softer,valid_727_a_1.nii.gz,Br40f|Br60f,2,Cardiomegaly,0.5787672400474548,0x1.28542e0000000p-1
20260815T231124Z-8e185556,chunk_08,p179_softer,p179,softer,valid_727_a_1.nii.gz,Br40f|Br60f,3,Pericardial effusion,0.6213821172714233,0x1.3e25cc0000000p-1
20260815T231124Z-8e185556,chunk_08,p179_softer,p179,softer,valid_727_a_1.nii.gz,Br40f|Br60f,4,Coronary artery wall calcification,0.5953409671783447,0x1.30d0880000000p-1
20260815T231124Z-8e185556,chunk_08,p179_softer,p179,softer,valid_727_a_1.nii.gz,Br40f|Br60f,5,Hiatal hernia,0.5291585326194763,0x1.0eedde0000000p-1
20260815T231124Z-8e185556,chunk_08,p179_softer,p179,softer,valid_727_a_1.nii.gz,Br40f|Br60f,6,Lymphadenopathy,0.5777692198753357,0x1.27d15e0000000p-1
20260815T231124Z-8e185556,chunk_08,p179_softer,p179,softer,valid_727_a_1.nii.gz,Br40f|Br60f,7,Emphysema,0.5392119288444519,0x1.1413960000000p-1
20260815T231124Z-8e185556,chunk_08,p179_softer,p179,softer,valid_727_a_1.nii.gz,Br40f|Br60f,8,Atelectasis,0.5638132691383362,0x1.20ac220000000p-1
20260815T231124Z-8e185556,chunk_08,p179_softer,p179,softer,valid_727_a_1.nii.gz,Br40f|Br60f,9,Lung nodule,0.5021467208862305,0x1.0119600000000p-1
20260815T231124Z-8e185556,chunk_08,p179_softer,p179,softer,valid_727_a_1.nii.gz,Br40f|Br60f,10,Lung opacity,0.5486735701560974,0x1.18ebbe0000000p-1
20260815T231124Z-8e185556,chunk_08,p179_softer,p179,softer,valid_727_a_1.nii.gz,Br40f|Br60f,11,Pulmonary fibrotic sequela,0.532898485660553,0x1.10d8120000000p-1
20260815T231124Z-8e185556,chunk_08,p179_softer,p179,softer,valid_727_a_1.nii.gz,Br40f|Br60f,12,Pleural effusion,0.564031720161438,0x1.20c8c40000000p-1
20260815T231124Z-8e185556,chunk_08,p179_softer,p179,softer,valid_727_a_1.nii.gz,Br40f|Br60f,13,Mosaic attenuation pattern,0.5878004431724548,0x1.2cf42e0000000p-1
20260815T231124Z-8e185556,chunk_08,p179_softer,p179,softer,valid_727_a_1.nii.gz,Br40f|Br60f,14,Peribronchial thickening,0.572629451751709,0x1.252fb00000000p-1
20260815T231124Z-8e185556,chunk_08,p179_softer,p179,softer,valid_727_a_1.nii.gz,Br40f|Br60f,15,Consolidation,0.5816713571548462,0x1.29d0d40000000p-1
20260815T231124Z-8e185556,chunk_08,p179_softer,p179,softer,valid_727_a_1.nii.gz,Br40f|Br60f,16,Bronchiectasis,0.517524778842926,0x1.08f9020000000p-1
20260815T231124Z-8e185556,chunk_08,p179_softer,p179,softer,valid_727_a_1.nii.gz,Br40f|Br60f,17,Interlobular septal thickening,0.5478227138519287,0x1.187c380000000p-1
20260815T231124Z-8e185556,chunk_08,p179_sharper,p179,sharper,valid_727_a_2.nii.gz,Br40f|Br60f,0,Medical material,0.599673330783844,0x1.3308620000000p-1
20260815T231124Z-8e185556,chunk_08,p179_sharper,p179,sharper,valid_727_a_2.nii.gz,Br40f|Br60f,1,Arterial wall calcification,0.5883496999740601,0x1.2d3c2c0000000p-1
20260815T231124Z-8e185556,chunk_08,p179_sharper,p179,sharper,valid_727_a_2.nii.gz,Br40f|Br60f,2,Cardiomegaly,0.5682622790336609,0x1.22f3460000000p-1
20260815T231124Z-8e185556,chunk_08,p179_sharper,p179,sharper,valid_727_a_2.nii.gz,Br40f|Br60f,3,Pericardial effusion,0.6112358570098877,0x1.38f3e80000000p-1
20260815T231124Z-8e185556,chunk_08,p179_sharper,p179,sharper,valid_727_a_2.nii.gz,Br40f|Br60f,4,Coronary artery wall calcification,0.592983067035675,0x1.2f9b7a0000000p-1
20260815T231124Z-8e185556,chunk_08,p179_sharper,p179,sharper,valid_727_a_2.nii.gz,Br40f|Br60f,5,Hiatal hernia,0.5291641354560852,0x1.0eee9a0000000p-1
20260815T231124Z-8e185556,chunk_08,p179_sharper,p179,sharper,valid_727_a_2.nii.gz,Br40f|Br60f,6,Lymphadenopathy,0.5748457312583923,0x1.26522e0000000p-1
20260815T231124Z-8e185556,chunk_08,p179_sharper,p179,sharper,valid_727_a_2.nii.gz,Br40f|Br60f,7,Emphysema,0.5368415117263794,0x1.12dce40000000p-1
20260815T231124Z-8e185556,chunk_08,p179_sharper,p179,sharper,valid_727_a_2.nii.gz,Br40f|Br60f,8,Atelectasis,0.5579951405525208,0x1.1db18a0000000p-1
20260815T231124Z-8e185556,chunk_08,p179_sharper,p179,sharper,valid_727_a_2.nii.gz,Br40f|Br60f,9,Lung nodule,0.5045804381370544,0x1.02585e0000000p-1
20260815T231124Z-8e185556,chunk_08,p179_sharper,p179,sharper,valid_727_a_2.nii.gz,Br40f|Br60f,10,Lung opacity,0.5456418395042419,0x1.175e5e0000000p-1
20260815T231124Z-8e185556,chunk_08,p179_sharper,p179,sharper,valid_727_a_2.nii.gz,Br40f|Br60f,11,Pulmonary fibrotic sequela,0.5349805951118469,0x1.11e8fa0000000p-1
20260815T231124Z-8e185556,chunk_08,p179_sharper,p179,sharper,valid_727_a_2.nii.gz,Br40f|Br60f,12,Pleural effusion,0.5466022491455078,0x1.17dc400000000p-1
20260815T231124Z-8e185556,chunk_08,p179_sharper,p179,sharper,valid_727_a_2.nii.gz,Br40f|Br60f,13,Mosaic attenuation pattern,0.5845028162002563,0x1.2b43f40000000p-1
20260815T231124Z-8e185556,chunk_08,p179_sharper,p179,sharper,valid_727_a_2.nii.gz,Br40f|Br60f,14,Peribronchial thickening,0.5690747499465942,0x1.235dc40000000p-1
20260815T231124Z-8e185556,chunk_08,p179_sharper,p179,sharper,valid_727_a_2.nii.gz,Br40f|Br60f,15,Consolidation,0.5784292817115784,0x1.2827e20000000p-1
20260815T231124Z-8e185556,chunk_08,p179_sharper,p179,sharper,valid_727_a_2.nii.gz,Br40f|Br60f,16,Bronchiectasis,0.5174512267112732,0x1.08ef5e0000000p-1
20260815T231124Z-8e185556,chunk_08,p179_sharper,p179,sharper,valid_727_a_2.nii.gz,Br40f|Br60f,17,Interlobular septal thickening,0.5350978970527649,0x1.11f85a0000000p-1
20260815T231124Z-8e185556,chunk_08,p180_softer,p180,softer,valid_72_a_1.nii.gz,Br40f|Br60f,0,Medical material,0.6026082634925842,0x1.3489120000000p-1
20260815T231124Z-8e185556,chunk_08,p180_softer,p180,softer,valid_72_a_1.nii.gz,Br40f|Br60f,1,Arterial wall calcification,0.5880658626556396,0x1.2d16f80000000p-1
20260815T231124Z-8e185556,chunk_08,p180_softer,p180,softer,valid_72_a_1.nii.gz,Br40f|Br60f,2,Cardiomegaly,0.6117762923240662,0x1.393abe0000000p-1
20260815T231124Z-8e185556,chunk_08,p180_softer,p180,softer,valid_72_a_1.nii.gz,Br40f|Br60f,3,Pericardial effusion,0.6372268199920654,0x1.4642980000000p-1
20260815T231124Z-8e185556,chunk_08,p180_softer,p180,softer,valid_72_a_1.nii.gz,Br40f|Br60f,4,Coronary artery wall calcification,0.5946987867355347,0x1.307c5c0000000p-1
20260815T231124Z-8e185556,chunk_08,p180_softer,p180,softer,valid_72_a_1.nii.gz,Br40f|Br60f,5,Hiatal hernia,0.5220197439193726,0x1.0b462c0000000p-1
20260815T231124Z-8e185556,chunk_08,p180_softer,p180,softer,valid_72_a_1.nii.gz,Br40f|Br60f,6,Lymphadenopathy,0.5740256905555725,0x1.25e6b20000000p-1
20260815T231124Z-8e185556,chunk_08,p180_softer,p180,softer,valid_72_a_1.nii.gz,Br40f|Br60f,7,Emphysema,0.5337012410163879,0x1.11414a0000000p-1
20260815T231124Z-8e185556,chunk_08,p180_softer,p180,softer,valid_72_a_1.nii.gz,Br40f|Br60f,8,Atelectasis,0.564732015132904,0x1.21248e0000000p-1
20260815T231124Z-8e185556,chunk_08,p180_softer,p180,softer,valid_72_a_1.nii.gz,Br40f|Br60f,9,Lung nodule,0.4952365458011627,0x1.fb1f4a0000000p-2
20260815T231124Z-8e185556,chunk_08,p180_softer,p180,softer,valid_72_a_1.nii.gz,Br40f|Br60f,10,Lung opacity,0.5497676134109497,0x1.197b240000000p-1
20260815T231124Z-8e185556,chunk_08,p180_softer,p180,softer,valid_72_a_1.nii.gz,Br40f|Br60f,11,Pulmonary fibrotic sequela,0.5285229086875916,0x1.0e9a8e0000000p-1
20260815T231124Z-8e185556,chunk_08,p180_softer,p180,softer,valid_72_a_1.nii.gz,Br40f|Br60f,12,Pleural effusion,0.6006325483322144,0x1.33861c0000000p-1
20260815T231124Z-8e185556,chunk_08,p180_softer,p180,softer,valid_72_a_1.nii.gz,Br40f|Br60f,13,Mosaic attenuation pattern,0.5822046399116516,0x1.2a16ba0000000p-1
20260815T231124Z-8e185556,chunk_08,p180_softer,p180,softer,valid_72_a_1.nii.gz,Br40f|Br60f,14,Peribronchial thickening,0.5643231272697449,0x1.20eef60000000p-1
20260815T231124Z-8e185556,chunk_08,p180_softer,p180,softer,valid_72_a_1.nii.gz,Br40f|Br60f,15,Consolidation,0.5795373916625977,0x1.28b9200000000p-1
20260815T231124Z-8e185556,chunk_08,p180_softer,p180,softer,valid_72_a_1.nii.gz,Br40f|Br60f,16,Bronchiectasis,0.5105632543563843,0x1.05688c0000000p-1
20260815T231124Z-8e185556,chunk_08,p180_softer,p180,softer,valid_72_a_1.nii.gz,Br40f|Br60f,17,Interlobular septal thickening,0.5674600005149841,0x1.228a1e0000000p-1
20260815T231124Z-8e185556,chunk_08,p180_sharper,p180,sharper,valid_72_a_2.nii.gz,Br40f|Br60f,0,Medical material,0.6028206944465637,0x1.34a4ea0000000p-1
20260815T231124Z-8e185556,chunk_08,p180_sharper,p180,sharper,valid_72_a_2.nii.gz,Br40f|Br60f,1,Arterial wall calcification,0.5911737084388733,0x1.2eae520000000p-1
20260815T231124Z-8e185556,chunk_08,p180_sharper,p180,sharper,valid_72_a_2.nii.gz,Br40f|Br60f,2,Cardiomegaly,0.6153799891471863,0x1.3b13160000000p-1
20260815T231124Z-8e185556,chunk_08,p180_sharper,p180,sharper,valid_72_a_2.nii.gz,Br40f|Br60f,3,Pericardial effusion,0.6355722546577454,0x1.4569ba0000000p-1
20260815T231124Z-8e185556,chunk_08,p180_sharper,p180,sharper,valid_72_a_2.nii.gz,Br40f|Br60f,4,Coronary artery wall calcification,0.5972393751144409,0x1.31c95c0000000p-1
20260815T231124Z-8e185556,chunk_08,p180_sharper,p180,sharper,valid_72_a_2.nii.gz,Br40f|Br60f,5,Hiatal hernia,0.5238112211227417,0x1.0c30fc0000000p-1
20260815T231124Z-8e185556,chunk_08,p180_sharper,p180,sharper,valid_72_a_2.nii.gz,Br40f|Br60f,6,Lymphadenopathy,0.5746749043464661,0x1.263bca0000000p-1
20260815T231124Z-8e185556,chunk_08,p180_sharper,p180,sharper,valid_72_a_2.nii.gz,Br40f|Br60f,7,Emphysema,0.5347801446914673,0x1.11ceb40000000p-1
20260815T231124Z-8e185556,chunk_08,p180_sharper,p180,sharper,valid_72_a_2.nii.gz,Br40f|Br60f,8,Atelectasis,0.5661242604255676,0x1.21db0a0000000p-1
20260815T231124Z-8e185556,chunk_08,p180_sharper,p180,sharper,valid_72_a_2.nii.gz,Br40f|Br60f,9,Lung nodule,0.49542468786239624,0x1.fb509c0000000p-2
20260815T231124Z-8e185556,chunk_08,p180_sharper,p180,sharper,valid_72_a_2.nii.gz,Br40f|Br60f,10,Lung opacity,0.5506464242935181,0x1.19ee540000000p-1
20260815T231124Z-8e185556,chunk_08,p180_sharper,p180,sharper,valid_72_a_2.nii.gz,Br40f|Br60f,11,Pulmonary fibrotic sequela,0.52892005443573,0x1.0ece9c0000000p-1
20260815T231124Z-8e185556,chunk_08,p180_sharper,p180,sharper,valid_72_a_2.nii.gz,Br40f|Br60f,12,Pleural effusion,0.601983368396759,0x1.34372a0000000p-1
20260815T231124Z-8e185556,chunk_08,p180_sharper,p180,sharper,valid_72_a_2.nii.gz,Br40f|Br60f,13,Mosaic attenuation pattern,0.5846535563468933,0x1.2b57b60000000p-1
20260815T231124Z-8e185556,chunk_08,p180_sharper,p180,sharper,valid_72_a_2.nii.gz,Br40f|Br60f,14,Peribronchial thickening,0.5648370981216431,0x1.2132540000000p-1
20260815T231124Z-8e185556,chunk_08,p180_sharper,p180,sharper,valid_72_a_2.nii.gz,Br40f|Br60f,15,Consolidation,0.579831600189209,0x1.28dfb00000000p-1
20260815T231124Z-8e185556,chunk_08,p180_sharper,p180,sharper,valid_72_a_2.nii.gz,Br40f|Br60f,16,Bronchiectasis,0.509918212890625,0x1.0514000000000p-1
20260815T231124Z-8e185556,chunk_08,p180_sharper,p180,sharper,valid_72_a_2.nii.gz,Br40f|Br60f,17,Interlobular septal thickening,0.5685579180717468,0x1.231a060000000p-1
20260815T231124Z-8e185556,chunk_08,p181_softer,p181,softer,valid_734_a_1.nii.gz,Br40f|Br60f,0,Medical material,0.4602396786212921,0x1.d749120000000p-2
20260815T231124Z-8e185556,chunk_08,p181_softer,p181,softer,valid_734_a_1.nii.gz,Br40f|Br60f,1,Arterial wall calcification,0.392513632774353,0x1.91ef180000000p-2
20260815T231124Z-8e185556,chunk_08,p181_softer,p181,softer,valid_734_a_1.nii.gz,Br40f|Br60f,2,Cardiomegaly,0.3587018847465515,0x1.6f4f8c0000000p-2
20260815T231124Z-8e185556,chunk_08,p181_softer,p181,softer,valid_734_a_1.nii.gz,Br40f|Br60f,3,Pericardial effusion,0.456165611743927,0x1.d31d140000000p-2
20260815T231124Z-8e185556,chunk_08,p181_softer,p181,softer,valid_734_a_1.nii.gz,Br40f|Br60f,4,Coronary artery wall calcification,0.4001275599002838,0x1.99bb0a0000000p-2
20260815T231124Z-8e185556,chunk_08,p181_softer,p181,softer,valid_734_a_1.nii.gz,Br40f|Br60f,5,Hiatal hernia,0.4669908881187439,0x1.de32dc0000000p-2
20260815T231124Z-8e185556,chunk_08,p181_softer,p181,softer,valid_734_a_1.nii.gz,Br40f|Br60f,6,Lymphadenopathy,0.4412515163421631,0x1.c3d7700000000p-2
20260815T231124Z-8e185556,chunk_08,p181_softer,p181,softer,valid_734_a_1.nii.gz,Br40f|Br60f,7,Emphysema,0.466276615858078,0x1.dd779e0000000p-2
20260815T231124Z-8e185556,chunk_08,p181_softer,p181,softer,valid_734_a_1.nii.gz,Br40f|Br60f,8,Atelectasis,0.45274731516838074,0x1.cf9cfe0000000p-2
20260815T231124Z-8e185556,chunk_08,p181_softer,p181,softer,valid_734_a_1.nii.gz,Br40f|Br60f,9,Lung nodule,0.5138344764709473,0x1.0715500000000p-1
20260815T231124Z-8e185556,chunk_08,p181_softer,p181,softer,valid_734_a_1.nii.gz,Br40f|Br60f,10,Lung opacity,0.46889790892601013,0x1.e026c60000000p-2
20260815T231124Z-8e185556,chunk_08,p181_softer,p181,softer,valid_734_a_1.nii.gz,Br40f|Br60f,11,Pulmonary fibrotic sequela,0.5047370791435242,0x1.026ce60000000p-1
20260815T231124Z-8e185556,chunk_08,p181_softer,p181,softer,valid_734_a_1.nii.gz,Br40f|Br60f,12,Pleural effusion,0.3441084325313568,0x1.605df60000000p-2
20260815T231124Z-8e185556,chunk_08,p181_softer,p181,softer,valid_734_a_1.nii.gz,Br40f|Br60f,13,Mosaic attenuation pattern,0.43669214844703674,0x1.bf2c3a0000000p-2
20260815T231124Z-8e185556,chunk_08,p181_softer,p181,softer,valid_734_a_1.nii.gz,Br40f|Br60f,14,Peribronchial thickening,0.5114548206329346,0x1.05dd680000000p-1
20260815T231124Z-8e185556,chunk_08,p181_softer,p181,softer,valid_734_a_1.nii.gz,Br40f|Br60f,15,Consolidation,0.4707685708999634,0x1.e211280000000p-2
20260815T231124Z-8e185556,chunk_08,p181_softer,p181,softer,valid_734_a_1.nii.gz,Br40f|Br60f,16,Bronchiectasis,0.5134223103523254,0x1.06df4a0000000p-1
20260815T231124Z-8e185556,chunk_08,p181_softer,p181,softer,valid_734_a_1.nii.gz,Br40f|Br60f,17,Interlobular septal thickening,0.4092507064342499,0x1.a3129e0000000p-2
20260815T231124Z-8e185556,chunk_08,p181_sharper,p181,sharper,valid_734_a_2.nii.gz,Br40f|Br60f,0,Medical material,0.45701006054878235,0x1.d3fa720000000p-2
20260815T231124Z-8e185556,chunk_08,p181_sharper,p181,sharper,valid_734_a_2.nii.gz,Br40f|Br60f,1,Arterial wall calcification,0.39314883947372437,0x1.92959c0000000p-2
20260815T231124Z-8e185556,chunk_08,p181_sharper,p181,sharper,valid_734_a_2.nii.gz,Br40f|Br60f,2,Cardiomegaly,0.35550180077552795,0x1.6c08aa0000000p-2
20260815T231124Z-8e185556,chunk_08,p181_sharper,p181,sharper,valid_734_a_2.nii.gz,Br40f|Br60f,3,Pericardial effusion,0.4539555311203003,0x1.d0d9b80000000p-2
20260815T231124Z-8e185556,chunk_08,p181_sharper,p181,sharper,valid_734_a_2.nii.gz,Br40f|Br60f,4,Coronary artery wall calcification,0.40106436610221863,0x1.9ab09e0000000p-2
20260815T231124Z-8e185556,chunk_08,p181_sharper,p181,sharper,valid_734_a_2.nii.gz,Br40f|Br60f,5,Hiatal hernia,0.4695945680141449,0x1.e0dd660000000p-2
20260815T231124Z-8e185556,chunk_08,p181_sharper,p181,sharper,valid_734_a_2.nii.gz,Br40f|Br60f,6,Lymphadenopathy,0.4421568214893341,0x1.c4c4c20000000p-2
20260815T231124Z-8e185556,chunk_08,p181_sharper,p181,sharper,valid_734_a_2.nii.gz,Br40f|Br60f,7,Emphysema,0.4684962034225464,0x1.dfbd780000000p-2
20260815T231124Z-8e185556,chunk_08,p181_sharper,p181,sharper,valid_734_a_2.nii.gz,Br40f|Br60f,8,Atelectasis,0.45327460765838623,0x1.d027380000000p-2
20260815T231124Z-8e185556,chunk_08,p181_sharper,p181,sharper,valid_734_a_2.nii.gz,Br40f|Br60f,9,Lung nodule,0.5154680013656616,0x1.07eb6c0000000p-1
20260815T231124Z-8e185556,chunk_08,p181_sharper,p181,sharper,valid_734_a_2.nii.gz,Br40f|Br60f,10,Lung opacity,0.46619778871536255,0x1.dd62f40000000p-2
20260815T231124Z-8e185556,chunk_08,p181_sharper,p181,sharper,valid_734_a_2.nii.gz,Br40f|Br60f,11,Pulmonary fibrotic sequela,0.5069407224655151,0x1.038dbc0000000p-1
20260815T231124Z-8e185556,chunk_08,p181_sharper,p181,sharper,valid_734_a_2.nii.gz,Br40f|Br60f,12,Pleural effusion,0.3460734784603119,0x1.6261160000000p-2
20260815T231124Z-8e185556,chunk_08,p181_sharper,p181,sharper,valid_734_a_2.nii.gz,Br40f|Br60f,13,Mosaic attenuation pattern,0.430955171585083,0x1.b94c500000000p-2
20260815T231124Z-8e185556,chunk_08,p181_sharper,p181,sharper,valid_734_a_2.nii.gz,Br40f|Br60f,14,Peribronchial thickening,0.5124388933181763,0x1.065e640000000p-1
20260815T231124Z-8e185556,chunk_08,p181_sharper,p181,sharper,valid_734_a_2.nii.gz,Br40f|Br60f,15,Consolidation,0.4663313925266266,0x1.dd85fa0000000p-2
20260815T231124Z-8e185556,chunk_08,p181_sharper,p181,sharper,valid_734_a_2.nii.gz,Br40f|Br60f,16,Bronchiectasis,0.5170275568962097,0x1.08b7d60000000p-1
20260815T231124Z-8e185556,chunk_08,p181_sharper,p181,sharper,valid_734_a_2.nii.gz,Br40f|Br60f,17,Interlobular septal thickening,0.407712459564209,0x1.a17f600000000p-2
20260815T231124Z-8e185556,chunk_08,p182_softer,p182,softer,valid_751_a_1.nii.gz,Br40f|Br60f,0,Medical material,0.4532046616077423,0x1.d014e20000000p-2
20260815T231124Z-8e185556,chunk_08,p182_softer,p182,softer,valid_751_a_1.nii.gz,Br40f|Br60f,1,Arterial wall calcification,0.3735679090023041,0x1.7e88960000000p-2
20260815T231124Z-8e185556,chunk_08,p182_softer,p182,softer,valid_751_a_1.nii.gz,Br40f|Br60f,2,Cardiomegaly,0.36421212553977966,0x1.74f4060000000p-2
20260815T231124Z-8e185556,chunk_08,p182_softer,p182,softer,valid_751_a_1.nii.gz,Br40f|Br60f,3,Pericardial effusion,0.47784939408302307,0x1.e9515a0000000p-2
20260815T231124Z-8e185556,chunk_08,p182_softer,p182,softer,valid_751_a_1.nii.gz,Br40f|Br60f,4,Coronary artery wall calcification,0.37601929903030396,0x1.810b340000000p-2
20260815T231124Z-8e185556,chunk_08,p182_softer,p182,softer,valid_751_a_1.nii.gz,Br40f|Br60f,5,Hiatal hernia,0.4497010409832001,0x1.cc7e6e0000000p-2
20260815T231124Z-8e185556,chunk_08,p182_softer,p182,softer,valid_751_a_1.nii.gz,Br40f|Br60f,6,Lymphadenopathy,0.43298277258872986,0x1.bb5fd60000000p-2
20260815T231124Z-8e185556,chunk_08,p182_softer,p182,softer,valid_751_a_1.nii.gz,Br40f|Br60f,7,Emphysema,0.43960675597190857,0x1.c228460000000p-2
20260815T231124Z-8e185556,chunk_08,p182_softer,p182,softer,valid_751_a_1.nii.gz,Br40f|Br60f,8,Atelectasis,0.4431799352169037,0x1.c5d0f60000000p-2
20260815T231124Z-8e185556,chunk_08,p182_softer,p182,softer,valid_751_a_1.nii.gz,Br40f|Br60f,9,Lung nodule,0.5031493306159973,0x1.019cca0000000p-1
20260815T231124Z-8e185556,chunk_08,p182_softer,p182,softer,valid_751_a_1.nii.gz,Br40f|Br60f,10,Lung opacity,0.45916548371315,0x1.d62f7a0000000p-2
20260815T231124Z-8e185556,chunk_08,p182_softer,p182,softer,valid_751_a_1.nii.gz,Br40f|Br60f,11,Pulmonary fibrotic sequela,0.49428048729896545,0x1.fa24aa0000000p-2
20260815T231124Z-8e185556,chunk_08,p182_softer,p182,softer,valid_751_a_1.nii.gz,Br40f|Br60f,12,Pleural effusion,0.3548119068145752,0x1.6b53d00000000p-2
20260815T231124Z-8e185556,chunk_08,p182_softer,p182,softer,valid_751_a_1.nii.gz,Br40f|Br60f,13,Mosaic attenuation pattern,0.4510193467140198,0x1.cdd8040000000p-2
20260815T231124Z-8e185556,chunk_08,p182_softer,p182,softer,valid_751_a_1.nii.gz,Br40f|Br60f,14,Peribronchial thickening,0.48891669511795044,0x1.f4a6940000000p-2
20260815T231124Z-8e185556,chunk_08,p182_softer,p182,softer,valid_751_a_1.nii.gz,Br40f|Br60f,15,Consolidation,0.45561131834983826,0x1.d28bc60000000p-2
20260815T231124Z-8e185556,chunk_08,p182_softer,p182,softer,valid_751_a_1.nii.gz,Br40f|Br60f,16,Bronchiectasis,0.5003960132598877,0x1.0033e80000000p-1
20260815T231124Z-8e185556,chunk_08,p182_softer,p182,softer,valid_751_a_1.nii.gz,Br40f|Br60f,17,Interlobular septal thickening,0.4181361794471741,0x1.ac2be40000000p-2
20260815T231124Z-8e185556,chunk_08,p182_sharper,p182,sharper,valid_751_a_2.nii.gz,Br40f|Br60f,0,Medical material,0.45062974095344543,0x1.cd71e20000000p-2
20260815T231124Z-8e185556,chunk_08,p182_sharper,p182,sharper,valid_751_a_2.nii.gz,Br40f|Br60f,1,Arterial wall calcification,0.3725559115409851,0x1.7d7f4c0000000p-2
20260815T231124Z-8e185556,chunk_08,p182_sharper,p182,sharper,valid_751_a_2.nii.gz,Br40f|Br60f,2,Cardiomegaly,0.36209502816200256,0x1.72c90a0000000p-2
20260815T231124Z-8e185556,chunk_08,p182_sharper,p182,sharper,valid_751_a_2.nii.gz,Br40f|Br60f,3,Pericardial effusion,0.47571203112602234,0x1.e7210e0000000p-2
20260815T231124Z-8e185556,chunk_08,p182_sharper,p182,sharper,valid_751_a_2.nii.gz,Br40f|Br60f,4,Coronary artery wall calcification,0.3751812279224396,0x1.802f820000000p-2
20260815T231124Z-8e185556,chunk_08,p182_sharper,p182,sharper,valid_751_a_2.nii.gz,Br40f|Br60f,5,Hiatal hernia,0.4494522511959076,0x1.cc3d360000000p-2
20260815T231124Z-8e185556,chunk_08,p182_sharper,p182,sharper,valid_751_a_2.nii.gz,Br40f|Br60f,6,Lymphadenopathy,0.43235546350479126,0x1.babb640000000p-2
20260815T231124Z-8e185556,chunk_08,p182_sharper,p182,sharper,valid_751_a_2.nii.gz,Br40f|Br60f,7,Emphysema,0.43946167826652527,0x1.c2023e0000000p-2
20260815T231124Z-8e185556,chunk_08,p182_sharper,p182,sharper,valid_751_a_2.nii.gz,Br40f|Br60f,8,Atelectasis,0.440958708524704,0x1.c38aae0000000p-2
20260815T231124Z-8e185556,chunk_08,p182_sharper,p182,sharper,valid_751_a_2.nii.gz,Br40f|Br60f,9,Lung nodule,0.5028933882713318,0x1.017b3e0000000p-1
20260815T231124Z-8e185556,chunk_08,p182_sharper,p182,sharper,valid_751_a_2.nii.gz,Br40f|Br60f,10,Lung opacity,0.45809710025787354,0x1.d517680000000p-2
20260815T231124Z-8e185556,chunk_08,p182_sharper,p182,sharper,valid_751_a_2.nii.gz,Br40f|Br60f,11,Pulmonary fibrotic sequela,0.4940701723098755,0x1.f9ed880000000p-2
20260815T231124Z-8e185556,chunk_08,p182_sharper,p182,sharper,valid_751_a_2.nii.gz,Br40f|Br60f,12,Pleural effusion,0.35543695092201233,0x1.6bf7aa0000000p-2
20260815T231124Z-8e185556,chunk_08,p182_sharper,p182,sharper,valid_751_a_2.nii.gz,Br40f|Br60f,13,Mosaic attenuation pattern,0.4479086101055145,0x1.caa88e0000000p-2
20260815T231124Z-8e185556,chunk_08,p182_sharper,p182,sharper,valid_751_a_2.nii.gz,Br40f|Br60f,14,Peribronchial thickening,0.48753148317337036,0x1.f33b740000000p-2
20260815T231124Z-8e185556,chunk_08,p182_sharper,p182,sharper,valid_751_a_2.nii.gz,Br40f|Br60f,15,Consolidation,0.45438969135284424,0x1.d14b880000000p-2
20260815T231124Z-8e185556,chunk_08,p182_sharper,p182,sharper,valid_751_a_2.nii.gz,Br40f|Br60f,16,Bronchiectasis,0.5001537203788757,0x1.0014260000000p-1
20260815T231124Z-8e185556,chunk_08,p182_sharper,p182,sharper,valid_751_a_2.nii.gz,Br40f|Br60f,17,Interlobular septal thickening,0.41789689660072327,0x1.abed2a0000000p-2
20260815T231124Z-8e185556,chunk_08,p183_softer,p183,softer,valid_758_a_1.nii.gz,Br40f|Br60f,0,Medical material,0.6039965748786926,0x1.353f0a0000000p-1
20260815T231124Z-8e185556,chunk_08,p183_softer,p183,softer,valid_758_a_1.nii.gz,Br40f|Br60f,1,Arterial wall calcification,0.5979529023170471,0x1.3226e20000000p-1
20260815T231124Z-8e185556,chunk_08,p183_softer,p183,softer,valid_758_a_1.nii.gz,Br40f|Br60f,2,Cardiomegaly,0.6181226968765259,0x1.3c7a940000000p-1
20260815T231124Z-8e185556,chunk_08,p183_softer,p183,softer,valid_758_a_1.nii.gz,Br40f|Br60f,3,Pericardial effusion,0.626746654510498,0x1.40e4f00000000p-1
20260815T231124Z-8e185556,chunk_08,p183_softer,p183,softer,valid_758_a_1.nii.gz,Br40f|Br60f,4,Coronary artery wall calcification,0.6077994108200073,0x1.37317c0000000p-1
20260815T231124Z-8e185556,chunk_08,p183_softer,p183,softer,valid_758_a_1.nii.gz,Br40f|Br60f,5,Hiatal hernia,0.5284315347671509,0x1.0e8e940000000p-1
20260815T231124Z-8e185556,chunk_08,p183_softer,p183,softer,valid_758_a_1.nii.gz,Br40f|Br60f,6,Lymphadenopathy,0.5794099569320679,0x1.28a86c0000000p-1
20260815T231124Z-8e185556,chunk_08,p183_softer,p183,softer,valid_758_a_1.nii.gz,Br40f|Br60f,7,Emphysema,0.5355344414710999,0x1.1231920000000p-1
20260815T231124Z-8e185556,chunk_08,p183_softer,p183,softer,valid_758_a_1.nii.gz,Br40f|Br60f,8,Atelectasis,0.5724834203720093,0x1.251c8c0000000p-1
20260815T231124Z-8e185556,chunk_08,p183_softer,p183,softer,valid_758_a_1.nii.gz,Br40f|Br60f,9,Lung nodule,0.49630042910575867,0x1.fc362e0000000p-2
20260815T231124Z-8e185556,chunk_08,p183_softer,p183,softer,valid_758_a_1.nii.gz,Br40f|Br60f,10,Lung opacity,0.5550554394721985,0x1.1c303a0000000p-1
20260815T231124Z-8e185556,chunk_08,p183_softer,p183,softer,valid_758_a_1.nii.gz,Br40f|Br60f,11,Pulmonary fibrotic sequela,0.5292071104049683,0x1.0ef43c0000000p-1
20260815T231124Z-8e185556,chunk_08,p183_softer,p183,softer,valid_758_a_1.nii.gz,Br40f|Br60f,12,Pleural effusion,0.5926428437232971,0x1.2f6ee20000000p-1
20260815T231124Z-8e185556,chunk_08,p183_softer,p183,softer,valid_758_a_1.nii.gz,Br40f|Br60f,13,Mosaic attenuation pattern,0.5921859741210938,0x1.2f33000000000p-1
20260815T231124Z-8e185556,chunk_08,p183_softer,p183,softer,valid_758_a_1.nii.gz,Br40f|Br60f,14,Peribronchial thickening,0.5680563449859619,0x1.22d8480000000p-1
20260815T231124Z-8e185556,chunk_08,p183_softer,p183,softer,valid_758_a_1.nii.gz,Br40f|Br60f,15,Consolidation,0.5867441892623901,0x1.2c69bc0000000p-1
20260815T231124Z-8e185556,chunk_08,p183_softer,p183,softer,valid_758_a_1.nii.gz,Br40f|Br60f,16,Bronchiectasis,0.5090253949165344,0x1.049efa0000000p-1
20260815T231124Z-8e185556,chunk_08,p183_softer,p183,softer,valid_758_a_1.nii.gz,Br40f|Br60f,17,Interlobular septal thickening,0.5711943507194519,0x1.2473960000000p-1
20260815T231124Z-8e185556,chunk_08,p183_sharper,p183,sharper,valid_758_a_2.nii.gz,Br40f|Br60f,0,Medical material,0.6013143658638,0x1.33df7a0000000p-1
20260815T231124Z-8e185556,chunk_08,p183_sharper,p183,sharper,valid_758_a_2.nii.gz,Br40f|Br60f,1,Arterial wall calcification,0.5992216467857361,0x1.32cd2e0000000p-1
20260815T231124Z-8e185556,chunk_08,p183_sharper,p183,sharper,valid_758_a_2.nii.gz,Br40f|Br60f,2,Cardiomegaly,0.6192377209663391,0x1.3d0cba0000000p-1
20260815T231124Z-8e185556,chunk_08,p183_sharper,p183,sharper,valid_758_a_2.nii.gz,Br40f|Br60f,3,Pericardial effusion,0.6240408420562744,0x1.3f82480000000p-1
20260815T231124Z-8e185556,chunk_08,p183_sharper,p183,sharper,valid_758_a_2.nii.gz,Br40f|Br60f,4,Coronary artery wall calcification,0.607372522354126,0x1.36f9880000000p-1
20260815T231124Z-8e185556,chunk_08,p183_sharper,p183,sharper,valid_758_a_2.nii.gz,Br40f|Br60f,5,Hiatal hernia,0.5328035950660706,0x1.10cba20000000p-1
20260815T231124Z-8e185556,chunk_08,p183_sharper,p183,sharper,valid_758_a_2.nii.gz,Br40f|Br60f,6,Lymphadenopathy,0.5772548317909241,0x1.278df20000000p-1
20260815T231124Z-8e185556,chunk_08,p183_sharper,p183,sharper,valid_758_a_2.nii.gz,Br40f|Br60f,7,Emphysema,0.5349175930023193,0x1.11e0b80000000p-1
20260815T231124Z-8e185556,chunk_08,p183_sharper,p183,sharper,valid_758_a_2.nii.gz,Br40f|Br60f,8,Atelectasis,0.5702839493751526,0x1.23fc420000000p-1
20260815T231124Z-8e185556,chunk_08,p183_sharper,p183,sharper,valid_758_a_2.nii.gz,Br40f|Br60f,9,Lung nodule,0.4973265528678894,0x1.fd432c0000000p-2
20260815T231124Z-8e185556,chunk_08,p183_sharper,p183,sharper,valid_758_a_2.nii.gz,Br40f|Br60f,10,Lung opacity,0.5503973364830017,0x1.19cdae0000000p-1
20260815T231124Z-8e185556,chunk_08,p183_sharper,p183,sharper,valid_758_a_2.nii.gz,Br40f|Br60f,11,Pulmonary fibrotic sequela,0.5308790802955627,0x1.0fcf620000000p-1
20260815T231124Z-8e185556,chunk_08,p183_sharper,p183,sharper,valid_758_a_2.nii.gz,Br40f|Br60f,12,Pleural effusion,0.5813901424407959,0x1.29abf80000000p-1
20260815T231124Z-8e185556,chunk_08,p183_sharper,p183,sharper,valid_758_a_2.nii.gz,Br40f|Br60f,13,Mosaic attenuation pattern,0.5950912237167358,0x1.30afcc0000000p-1
20260815T231124Z-8e185556,chunk_08,p183_sharper,p183,sharper,valid_758_a_2.nii.gz,Br40f|Br60f,14,Peribronchial thickening,0.5642094612121582,0x1.20e0100000000p-1
20260815T231124Z-8e185556,chunk_08,p183_sharper,p183,sharper,valid_758_a_2.nii.gz,Br40f|Br60f,15,Consolidation,0.5799337029457092,0x1.28ed120000000p-1
20260815T231124Z-8e185556,chunk_08,p183_sharper,p183,sharper,valid_758_a_2.nii.gz,Br40f|Br60f,16,Bronchiectasis,0.5064550042152405,0x1.034e120000000p-1
20260815T231124Z-8e185556,chunk_08,p183_sharper,p183,sharper,valid_758_a_2.nii.gz,Br40f|Br60f,17,Interlobular septal thickening,0.5655336380004883,0x1.218da00000000p-1
20260815T231124Z-8e185556,chunk_08,p184_softer,p184,softer,valid_760_a_1.nii.gz,Br40f|Br60f,0,Medical material,0.458321750164032,0x1.d5524c0000000p-2
20260815T231124Z-8e185556,chunk_08,p184_softer,p184,softer,valid_760_a_1.nii.gz,Br40f|Br60f,1,Arterial wall calcification,0.39009758830070496,0x1.8f75be0000000p-2
20260815T231124Z-8e185556,chunk_08,p184_softer,p184,softer,valid_760_a_1.nii.gz,Br40f|Br60f,2,Cardiomegaly,0.35008761286735535,0x1.667d5e0000000p-2
20260815T231124Z-8e185556,chunk_08,p184_softer,p184,softer,valid_760_a_1.nii.gz,Br40f|Br60f,3,Pericardial effusion,0.4667905867099762,0x1.ddfe5a0000000p-2
20260815T231124Z-8e185556,chunk_08,p184_softer,p184,softer,valid_760_a_1.nii.gz,Br40f|Br60f,4,Coronary artery wall calcification,0.4049908518791199,0x1.9eb5ec0000000p-2
20260815T231124Z-8e185556,chunk_08,p184_softer,p184,softer,valid_760_a_1.nii.gz,Br40f|Br60f,5,Hiatal hernia,0.45720434188842773,0x1.d42d600000000p-2
20260815T231124Z-8e185556,chunk_08,p184_softer,p184,softer,valid_760_a_1.nii.gz,Br40f|Br60f,6,Lymphadenopathy,0.4477241337299347,0x1.ca78320000000p-2
20260815T231124Z-8e185556,chunk_08,p184_softer,p184,softer,valid_760_a_1.nii.gz,Br40f|Br60f,7,Emphysema,0.4653422236442566,0x1.dc82ac0000000p-2
20260815T231124Z-8e185556,chunk_08,p184_softer,p184,softer,valid_760_a_1.nii.gz,Br40f|Br60f,8,Atelectasis,0.45229804515838623,0x1.cf27380000000p-2
20260815T231124Z-8e185556,chunk_08,p184_softer,p184,softer,valid_760_a_1.nii.gz,Br40f|Br60f,9,Lung nodule,0.5205003619194031,0x1.0a7f060000000p-1
20260815T231124Z-8e185556,chunk_08,p184_softer,p184,softer,valid_760_a_1.nii.gz,Br40f|Br60f,10,Lung opacity,0.4508473873138428,0x1.cdaaf00000000p-2
20260815T231124Z-8e185556,chunk_08,p184_softer,p184,softer,valid_760_a_1.nii.gz,Br40f|Br60f,11,Pulmonary fibrotic sequela,0.5163127183914185,0x1.085a240000000p-1
20260815T231124Z-8e185556,chunk_08,p184_softer,p184,softer,valid_760_a_1.nii.gz,Br40f|Br60f,12,Pleural effusion,0.3485739529132843,0x1.64f0920000000p-2
20260815T231124Z-8e185556,chunk_08,p184_softer,p184,softer,valid_760_a_1.nii.gz,Br40f|Br60f,13,Mosaic attenuation pattern,0.43034136295318604,0x1.b8ab680000000p-2
20260815T231124Z-8e185556,chunk_08,p184_softer,p184,softer,valid_760_a_1.nii.gz,Br40f|Br60f,14,Peribronchial thickening,0.5164881348609924,0x1.0871220000000p-1
20260815T231124Z-8e185556,chunk_08,p184_softer,p184,softer,valid_760_a_1.nii.gz,Br40f|Br60f,15,Consolidation,0.4418719410896301,0x1.c47a140000000p-2
20260815T231124Z-8e185556,chunk_08,p184_softer,p184,softer,valid_760_a_1.nii.gz,Br40f|Br60f,16,Bronchiectasis,0.538923978805542,0x1.13edd80000000p-1
20260815T231124Z-8e185556,chunk_08,p184_softer,p184,softer,valid_760_a_1.nii.gz,Br40f|Br60f,17,Interlobular septal thickening,0.41305816173553467,0x1.a6f8b80000000p-2
20260815T231124Z-8e185556,chunk_08,p184_sharper,p184,sharper,valid_760_a_2.nii.gz,Br40f|Br60f,0,Medical material,0.4625479578971863,0x1.d9a62c0000000p-2
20260815T231124Z-8e185556,chunk_08,p184_sharper,p184,sharper,valid_760_a_2.nii.gz,Br40f|Br60f,1,Arterial wall calcification,0.3967917263507843,0x1.9650920000000p-2
20260815T231124Z-8e185556,chunk_08,p184_sharper,p184,sharper,valid_760_a_2.nii.gz,Br40f|Br60f,2,Cardiomegaly,0.3538886606693268,0x1.6a61ca0000000p-2
20260815T231124Z-8e185556,chunk_08,p184_sharper,p184,sharper,valid_760_a_2.nii.gz,Br40f|Br60f,3,Pericardial effusion,0.47142302989959717,0x1.e2bcb80000000p-2
20260815T231124Z-8e185556,chunk_08,p184_sharper,p184,sharper,valid_760_a_2.nii.gz,Br40f|Br60f,4,Coronary artery wall calcification,0.4118257164955139,0x1.a5b5a40000000p-2
20260815T231124Z-8e185556,chunk_08,p184_sharper,p184,sharper,valid_760_a_2.nii.gz,Br40f|Br60f,5,Hiatal hernia,0.45900800824165344,0x1.d606320000000p-2
20260815T231124Z-8e185556,chunk_08,p184_sharper,p184,sharper,valid_760_a_2.nii.gz,Br40f|Br60f,6,Lymphadenopathy,0.4509410262107849,0x1.cdc37c0000000p-2
20260815T231124Z-8e185556,chunk_08,p184_sharper,p184,sharper,valid_760_a_2.nii.gz,Br40f|Br60f,7,Emphysema,0.47019141912460327,0x1.e179dc0000000p-2
20260815T231124Z-8e185556,chunk_08,p184_sharper,p184,sharper,valid_760_a_2.nii.gz,Br40f|Br60f,8,Atelectasis,0.4561038017272949,0x1.d30ce00000000p-2
20260815T231124Z-8e185556,chunk_08,p184_sharper,p184,sharper,valid_760_a_2.nii.gz,Br40f|Br60f,9,Lung nodule,0.5223381519317627,0x1.0b6fe80000000p-1
20260815T231124Z-8e185556,chunk_08,p184_sharper,p184,sharper,valid_760_a_2.nii.gz,Br40f|Br60f,10,Lung opacity,0.45187196135520935,0x1.ceb7860000000p-2
20260815T231124Z-8e185556,chunk_08,p184_sharper,p184,sharper,valid_760_a_2.nii.gz,Br40f|Br60f,11,Pulmonary fibrotic sequela,0.519970178604126,0x1.0a39880000000p-1
20260815T231124Z-8e185556,chunk_08,p184_sharper,p184,sharper,valid_760_a_2.nii.gz,Br40f|Br60f,12,Pleural effusion,0.3520740568637848,0x1.68861a0000000p-2
20260815T231124Z-8e185556,chunk_08,p184_sharper,p184,sharper,valid_760_a_2.nii.gz,Br40f|Br60f,13,Mosaic attenuation pattern,0.4323258697986603,0x1.bab3a20000000p-2
20260815T231124Z-8e185556,chunk_08,p184_sharper,p184,sharper,valid_760_a_2.nii.gz,Br40f|Br60f,14,Peribronchial thickening,0.5212003588676453,0x1.0adac60000000p-1
20260815T231124Z-8e185556,chunk_08,p184_sharper,p184,sharper,valid_760_a_2.nii.gz,Br40f|Br60f,15,Consolidation,0.4426824748516083,0x1.c54e8e0000000p-2
20260815T231124Z-8e185556,chunk_08,p184_sharper,p184,sharper,valid_760_a_2.nii.gz,Br40f|Br60f,16,Bronchiectasis,0.542813777923584,0x1.15ebb00000000p-1
20260815T231124Z-8e185556,chunk_08,p184_sharper,p184,sharper,valid_760_a_2.nii.gz,Br40f|Br60f,17,Interlobular septal thickening,0.4151897728443146,0x1.a927820000000p-2
20260815T231124Z-8e185556,chunk_08,p185_softer,p185,softer,valid_764_a_1.nii.gz,Br40f|Br60f,0,Medical material,0.5797102451324463,0x1.28cfc80000000p-1
20260815T231124Z-8e185556,chunk_08,p185_softer,p185,softer,valid_764_a_1.nii.gz,Br40f|Br60f,1,Arterial wall calcification,0.5880617499351501,0x1.2d166e0000000p-1
20260815T231124Z-8e185556,chunk_08,p185_softer,p185,softer,valid_764_a_1.nii.gz,Br40f|Br60f,2,Cardiomegaly,0.6047171950340271,0x1.359d7e0000000p-1
20260815T231124Z-8e185556,chunk_08,p185_softer,p185,softer,valid_764_a_1.nii.gz,Br40f|Br60f,3,Pericardial effusion,0.6200796961784363,0x1.3d7b160000000p-1
20260815T231124Z-8e185556,chunk_08,p185_softer,p185,softer,valid_764_a_1.nii.gz,Br40f|Br60f,4,Coronary artery wall calcification,0.5955715179443359,0x1.30eec00000000p-1
20260815T231124Z-8e185556,chunk_08,p185_softer,p185,softer,valid_764_a_1.nii.gz,Br40f|Br60f,5,Hiatal hernia,0.5297209024429321,0x1.0f37940000000p-1
20260815T231124Z-8e185556,chunk_08,p185_softer,p185,softer,valid_764_a_1.nii.gz,Br40f|Br60f,6,Lymphadenopathy,0.582727313041687,0x1.2a5b3c0000000p-1
20260815T231124Z-8e185556,chunk_08,p185_softer,p185,softer,valid_764_a_1.nii.gz,Br40f|Br60f,7,Emphysema,0.5372829437255859,0x1.1316c00000000p-1
20260815T231124Z-8e185556,chunk_08,p185_softer,p185,softer,valid_764_a_1.nii.gz,Br40f|Br60f,8,Atelectasis,0.5653491616249084,0x1.2175720000000p-1
20260815T231124Z-8e185556,chunk_08,p185_softer,p185,softer,valid_764_a_1.nii.gz,Br40f|Br60f,9,Lung nodule,0.4930076599121094,0x1.f8d7000000000p-2
20260815T231124Z-8e185556,chunk_08,p185_softer,p185,softer,valid_764_a_1.nii.gz,Br40f|Br60f,10,Lung opacity,0.5529138445854187,0x1.1b17860000000p-1
20260815T231124Z-8e185556,chunk_08,p185_softer,p185,softer,valid_764_a_1.nii.gz,Br40f|Br60f,11,Pulmonary fibrotic sequela,0.5264328122138977,0x1.0d889a0000000p-1
20260815T231124Z-8e185556,chunk_08,p185_softer,p185,softer,valid_764_a_1.nii.gz,Br40f|Br60f,12,Pleural effusion,0.578837513923645,0x1.285d640000000p-1
20260815T231124Z-8e185556,chunk_08,p185_softer,p185,softer,valid_764_a_1.nii.gz,Br40f|Br60f,13,Mosaic attenuation pattern,0.6008411049842834,0x1.33a1720000000p-1
20260815T231124Z-8e185556,chunk_08,p185_softer,p185,softer,valid_764_a_1.nii.gz,Br40f|Br60f,14,Peribronchial thickening,0.5757720470428467,0x1.26cb980000000p-1
20260815T231124Z-8e185556,chunk_08,p185_softer,p185,softer,valid_764_a_1.nii.gz,Br40f|Br60f,15,Consolidation,0.5918359160423279,0x1.2f051e0000000p-1
20260815T231124Z-8e185556,chunk_08,p185_softer,p185,softer,valid_764_a_1.nii.gz,Br40f|Br60f,16,Bronchiectasis,0.517067015171051,0x1.08bd020000000p-1
20260815T231124Z-8e185556,chunk_08,p185_softer,p185,softer,valid_764_a_1.nii.gz,Br40f|Br60f,17,Interlobular septal thickening,0.5662280321121216,0x1.21e8a40000000p-1
20260815T231124Z-8e185556,chunk_08,p185_sharper,p185,sharper,valid_764_a_2.nii.gz,Br40f|Br60f,0,Medical material,0.5815566182136536,0x1.29c1ca0000000p-1
20260815T231124Z-8e185556,chunk_08,p185_sharper,p185,sharper,valid_764_a_2.nii.gz,Br40f|Br60f,1,Arterial wall calcification,0.5867969989776611,0x1.2c70a80000000p-1
20260815T231124Z-8e185556,chunk_08,p185_sharper,p185,sharper,valid_764_a_2.nii.gz,Br40f|Br60f,2,Cardiomegaly,0.6060773134231567,0x1.364fc40000000p-1
20260815T231124Z-8e185556,chunk_08,p185_sharper,p185,sharper,valid_764_a_2.nii.gz,Br40f|Br60f,3,Pericardial effusion,0.6204084753990173,0x1.3da62e0000000p-1
20260815T231124Z-8e185556,chunk_08,p185_sharper,p185,sharper,valid_764_a_2.nii.gz,Br40f|Br60f,4,Coronary artery wall calcification,0.5944830179214478,0x1.3060140000000p-1
20260815T231124Z-8e185556,chunk_08,p185_sharper,p185,sharper,valid_764_a_2.nii.gz,Br40f|Br60f,5,Hiatal hernia,0.5283868908882141,0x1.0e88ba0000000p-1
20260815T231124Z-8e185556,chunk_08,p185_sharper,p185,sharper,valid_764_a_2.nii.gz,Br40f|Br60f,6,Lymphadenopathy,0.5820318460464478,0x1.2a00140000000p-1
20260815T231124Z-8e185556,chunk_08,p185_sharper,p185,sharper,valid_764_a_2.nii.gz,Br40f|Br60f,7,Emphysema,0.5343096852302551,0x1.11910a0000000p-1
20260815T231124Z-8e185556,chunk_08,p185_sharper,p185,sharper,valid_764_a_2.nii.gz,Br40f|Br60f,8,Atelectasis,0.5644315481185913,0x1.20fd2c0000000p-1
20260815T231124Z-8e185556,chunk_08,p185_sharper,p185,sharper,valid_764_a_2.nii.gz,Br40f|Br60f,9,Lung nodule,0.49227070808410645,0x1.f815d00000000p-2
20260815T231124Z-8e185556,chunk_08,p185_sharper,p185,sharper,valid_764_a_2.nii.gz,Br40f|Br60f,10,Lung opacity,0.5534270405769348,0x1.1b5aca0000000p-1
20260815T231124Z-8e185556,chunk_08,p185_sharper,p185,sharper,valid_764_a_2.nii.gz,Br40f|Br60f,11,Pulmonary fibrotic sequela,0.5249660015106201,0x1.0cc8580000000p-1
20260815T231124Z-8e185556,chunk_08,p185_sharper,p185,sharper,valid_764_a_2.nii.gz,Br40f|Br60f,12,Pleural effusion,0.5795868039131165,0x1.28bf9a0000000p-1
20260815T231124Z-8e185556,chunk_08,p185_sharper,p185,sharper,valid_764_a_2.nii.gz,Br40f|Br60f,13,Mosaic attenuation pattern,0.6023906469345093,0x1.346c8c0000000p-1
20260815T231124Z-8e185556,chunk_08,p185_sharper,p185,sharper,valid_764_a_2.nii.gz,Br40f|Br60f,14,Peribronchial thickening,0.5757327675819397,0x1.26c6720000000p-1
20260815T231124Z-8e185556,chunk_08,p185_sharper,p185,sharper,valid_764_a_2.nii.gz,Br40f|Br60f,15,Consolidation,0.5928244590759277,0x1.2f86b00000000p-1
20260815T231124Z-8e185556,chunk_08,p185_sharper,p185,sharper,valid_764_a_2.nii.gz,Br40f|Br60f,16,Bronchiectasis,0.5144385695457458,0x1.07647e0000000p-1
20260815T231124Z-8e185556,chunk_08,p185_sharper,p185,sharper,valid_764_a_2.nii.gz,Br40f|Br60f,17,Interlobular septal thickening,0.5672497749328613,0x1.226e900000000p-1
20260815T231124Z-8e185556,chunk_08,p186_softer,p186,softer,valid_769_a_1.nii.gz,Br40f|Br60f,0,Medical material,0.45193609595298767,0x1.cec8560000000p-2
20260815T231124Z-8e185556,chunk_08,p186_softer,p186,softer,valid_769_a_1.nii.gz,Br40f|Br60f,1,Arterial wall calcification,0.3711075186729431,0x1.7c039c0000000p-2
20260815T231124Z-8e185556,chunk_08,p186_softer,p186,softer,valid_769_a_1.nii.gz,Br40f|Br60f,2,Cardiomegaly,0.34831130504608154,0x1.64abb80000000p-2
20260815T231124Z-8e185556,chunk_08,p186_softer,p186,softer,valid_769_a_1.nii.gz,Br40f|Br60f,3,Pericardial effusion,0.4719367027282715,0x1.e343600000000p-2
20260815T231124Z-8e185556,chunk_08,p186_softer,p186,softer,valid_769_a_1.nii.gz,Br40f|Br60f,4,Coronary artery wall calcification,0.3793162703514099,0x1.846b7c0000000p-2
20260815T231124Z-8e185556,chunk_08,p186_softer,p186,softer,valid_769_a_1.nii.gz,Br40f|Br60f,5,Hiatal hernia,0.441959410905838,0x1.c491020000000p-2
20260815T231124Z-8e185556,chunk_08,p186_softer,p186,softer,valid_769_a_1.nii.gz,Br40f|Br60f,6,Lymphadenopathy,0.4346638321876526,0x1.bd18840000000p-2
20260815T231124Z-8e185556,chunk_08,p186_softer,p186,softer,valid_769_a_1.nii.gz,Br40f|Br60f,7,Emphysema,0.4487701952457428,0x1.cb8a6a0000000p-2
20260815T231124Z-8e185556,chunk_08,p186_softer,p186,softer,valid_769_a_1.nii.gz,Br40f|Br60f,8,Atelectasis,0.4382949769496918,0x1.c0d0660000000p-2
20260815T231124Z-8e185556,chunk_08,p186_softer,p186,softer,valid_769_a_1.nii.gz,Br40f|Br60f,9,Lung nodule,0.5071041584014893,0x1.03a3280000000p-1
20260815T231124Z-8e185556,chunk_08,p186_softer,p186,softer,valid_769_a_1.nii.gz,Br40f|Br60f,10,Lung opacity,0.45786526799201965,0x1.d4daa20000000p-2
20260815T231124Z-8e185556,chunk_08,p186_softer,p186,softer,valid_769_a_1.nii.gz,Br40f|Br60f,11,Pulmonary fibrotic sequela,0.500910222530365,0x1.00774e0000000p-1
20260815T231124Z-8e185556,chunk_08,p186_softer,p186,softer,valid_769_a_1.nii.gz,Br40f|Br60f,12,Pleural effusion,0.3577081263065338,0x1.6e4b0a0000000p-2
20260815T231124Z-8e185556,chunk_08,p186_softer,p186,softer,valid_769_a_1.nii.gz,Br40f|Br60f,13,Mosaic attenuation pattern,0.43745100498199463,0x1.bff3280000000p-2
20260815T231124Z-8e185556,chunk_08,p186_softer,p186,softer,valid_769_a_1.nii.gz,Br40f|Br60f,14,Peribronchial thickening,0.501331090927124,0x1.00ae780000000p-1
20260815T231124Z-8e185556,chunk_08,p186_softer,p186,softer,valid_769_a_1.nii.gz,Br40f|Br60f,15,Consolidation,0.4553089141845703,0x1.d23c800000000p-2
20260815T231124Z-8e185556,chunk_08,p186_softer,p186,softer,valid_769_a_1.nii.gz,Br40f|Br60f,16,Bronchiectasis,0.5128681659698486,0x1.0696a80000000p-1
20260815T231124Z-8e185556,chunk_08,p186_softer,p186,softer,valid_769_a_1.nii.gz,Br40f|Br60f,17,Interlobular septal thickening,0.42128556966781616,0x1.af657c0000000p-2
20260815T231124Z-8e185556,chunk_08,p186_sharper,p186,sharper,valid_769_a_2.nii.gz,Br40f|Br60f,0,Medical material,0.4486694633960724,0x1.cb70020000000p-2
20260815T231124Z-8e185556,chunk_08,p186_sharper,p186,sharper,valid_769_a_2.nii.gz,Br40f|Br60f,1,Arterial wall calcification,0.3715488314628601,0x1.7c774c0000000p-2
20260815T231124Z-8e185556,chunk_08,p186_sharper,p186,sharper,valid_769_a_2.nii.gz,Br40f|Br60f,2,Cardiomegaly,0.3469122350215912,0x1.633cf60000000p-2
20260815T231124Z-8e185556,chunk_08,p186_sharper,p186,sharper,valid_769_a_2.nii.gz,Br40f|Br60f,3,Pericardial effusion,0.46616309881210327,0x1.dd59dc0000000p-2
20260815T231124Z-8e185556,chunk_08,p186_sharper,p186,sharper,valid_769_a_2.nii.gz,Br40f|Br60f,4,Coronary artery wall calcification,0.37956953048706055,0x1.84ade00000000p-2
20260815T231124Z-8e185556,chunk_08,p186_sharper,p186,sharper,valid_769_a_2.nii.gz,Br40f|Br60f,5,Hiatal hernia,0.44489461183547974,0x1.c792740000000p-2
20260815T231124Z-8e185556,chunk_08,p186_sharper,p186,sharper,valid_769_a_2.nii.gz,Br40f|Br60f,6,Lymphadenopathy,0.43359848856925964,0x1.bc013e0000000p-2
20260815T231124Z-8e185556,chunk_08,p186_sharper,p186,sharper,valid_769_a_2.nii.gz,Br40f|Br60f,7,Emphysema,0.45032548904418945,0x1.cd22200000000p-2
20260815T231124Z-8e185556,chunk_08,p186_sharper,p186,sharper,valid_769_a_2.nii.gz,Br40f|Br60f,8,Atelectasis,0.43628355860710144,0x1.bec11e0000000p-2
20260815T231124Z-8e185556,chunk_08,p186_sharper,p186,sharper,valid_769_a_2.nii.gz,Br40f|Br60f,9,Lung nodule,0.5084632635116577,0x1.04554c0000000p-1
20260815T231124Z-8e185556,chunk_08,p186_sharper,p186,sharper,valid_769_a_2.nii.gz,Br40f|Br60f,10,Lung opacity,0.45573413372039795,0x1.d2abf80000000p-2
20260815T231124Z-8e185556,chunk_08,p186_sharper,p186,sharper,valid_769_a_2.nii.gz,Br40f|Br60f,11,Pulmonary fibrotic sequela,0.5028325915336609,0x1.0173460000000p-1
20260815T231124Z-8e185556,chunk_08,p186_sharper,p186,sharper,valid_769_a_2.nii.gz,Br40f|Br60f,12,Pleural effusion,0.3529931306838989,0x1.6977080000000p-2
20260815T231124Z-8e185556,chunk_08,p186_sharper,p186,sharper,valid_769_a_2.nii.gz,Br40f|Br60f,13,Mosaic attenuation pattern,0.4338066279888153,0x1.bc37ce0000000p-2
20260815T231124Z-8e185556,chunk_08,p186_sharper,p186,sharper,valid_769_a_2.nii.gz,Br40f|Br60f,14,Peribronchial thickening,0.49964600801467896,0x1.ffa3340000000p-2
20260815T231124Z-8e185556,chunk_08,p186_sharper,p186,sharper,valid_769_a_2.nii.gz,Br40f|Br60f,15,Consolidation,0.45059460401535034,0x1.cd68ac0000000p-2
20260815T231124Z-8e185556,chunk_08,p186_sharper,p186,sharper,valid_769_a_2.nii.gz,Br40f|Br60f,16,Bronchiectasis,0.5149988532066345,0x1.07adee0000000p-1
20260815T231124Z-8e185556,chunk_08,p186_sharper,p186,sharper,valid_769_a_2.nii.gz,Br40f|Br60f,17,Interlobular septal thickening,0.4182930290699005,0x1.ac55020000000p-2
20260815T231124Z-8e185556,chunk_08,p187_softer,p187,softer,valid_771_a_1.nii.gz,Br40f|Br60f,0,Medical material,0.5965122580528259,0x1.316a0e0000000p-1
20260815T231124Z-8e185556,chunk_08,p187_softer,p187,softer,valid_771_a_1.nii.gz,Br40f|Br60f,1,Arterial wall calcification,0.601338803768158,0x1.33e2ae0000000p-1
20260815T231124Z-8e185556,chunk_08,p187_softer,p187,softer,valid_771_a_1.nii.gz,Br40f|Br60f,2,Cardiomegaly,0.5828371047973633,0x1.2a69a00000000p-1
20260815T231124Z-8e185556,chunk_08,p187_softer,p187,softer,valid_771_a_1.nii.gz,Br40f|Br60f,3,Pericardial effusion,0.6195523738861084,0x1.3d35f80000000p-1
20260815T231124Z-8e185556,chunk_08,p187_softer,p187,softer,valid_771_a_1.nii.gz,Br40f|Br60f,4,Coronary artery wall calcification,0.6127623915672302,0x1.39bbfe0000000p-1
20260815T231124Z-8e185556,chunk_08,p187_softer,p187,softer,valid_771_a_1.nii.gz,Br40f|Br60f,5,Hiatal hernia,0.5307784676551819,0x1.0fc2320000000p-1
20260815T231124Z-8e185556,chunk_08,p187_softer,p187,softer,valid_771_a_1.nii.gz,Br40f|Br60f,6,Lymphadenopathy,0.5709804892539978,0x1.24578e0000000p-1
20260815T231124Z-8e185556,chunk_08,p187_softer,p187,softer,valid_771_a_1.nii.gz,Br40f|Br60f,7,Emphysema,0.550745964050293,0x1.19fb600000000p-1
20260815T231124Z-8e185556,chunk_08,p187_softer,p187,softer,valid_771_a_1.nii.gz,Br40f|Br60f,8,Atelectasis,0.5666061639785767,0x1.221a340000000p-1
20260815T231124Z-8e185556,chunk_08,p187_softer,p187,softer,valid_771_a_1.nii.gz,Br40f|Br60f,9,Lung nodule,0.5134530663490295,0x1.06e3520000000p-1
20260815T231124Z-8e185556,chunk_08,p187_softer,p187,softer,valid_771_a_1.nii.gz,Br40f|Br60f,10,Lung opacity,0.5378832817077637,0x1.1365700000000p-1
20260815T231124Z-8e185556,chunk_08,p187_softer,p187,softer,valid_771_a_1.nii.gz,Br40f|Br60f,11,Pulmonary fibrotic sequela,0.5488924384117126,0x1.19086e0000000p-1
20260815T231124Z-8e185556,chunk_08,p187_softer,p187,softer,valid_771_a_1.nii.gz,Br40f|Br60f,12,Pleural effusion,0.5532763600349426,0x1.1b470a0000000p-1
20260815T231124Z-8e185556,chunk_08,p187_softer,p187,softer,valid_771_a_1.nii.gz,Br40f|Br60f,13,Mosaic attenuation pattern,0.5763903856277466,0x1.271ca40000000p-1
20260815T231124Z-8e185556,chunk_08,p187_softer,p187,softer,valid_771_a_1.nii.gz,Br40f|Br60f,14,Peribronchial thickening,0.5801995992660522,0x1.290fec0000000p-1
20260815T231124Z-8e185556,chunk_08,p187_softer,p187,softer,valid_771_a_1.nii.gz,Br40f|Br60f,15,Consolidation,0.5604212284088135,0x1.1eef880000000p-1
20260815T231124Z-8e185556,chunk_08,p187_softer,p187,softer,valid_771_a_1.nii.gz,Br40f|Br60f,16,Bronchiectasis,0.5415887832641602,0x1.154b200000000p-1
20260815T231124Z-8e185556,chunk_08,p187_softer,p187,softer,valid_771_a_1.nii.gz,Br40f|Br60f,17,Interlobular septal thickening,0.549651026725769,0x1.196bdc0000000p-1
20260815T231124Z-8e185556,chunk_08,p187_sharper,p187,sharper,valid_771_a_2.nii.gz,Br40f|Br60f,0,Medical material,0.5948737263679504,0x1.30934a0000000p-1
20260815T231124Z-8e185556,chunk_08,p187_sharper,p187,sharper,valid_771_a_2.nii.gz,Br40f|Br60f,1,Arterial wall calcification,0.5999888777732849,0x1.3331be0000000p-1
20260815T231124Z-8e185556,chunk_08,p187_sharper,p187,sharper,valid_771_a_2.nii.gz,Br40f|Br60f,2,Cardiomegaly,0.5772580504417419,0x1.278e5e0000000p-1
20260815T231124Z-8e185556,chunk_08,p187_sharper,p187,sharper,valid_771_a_2.nii.gz,Br40f|Br60f,3,Pericardial effusion,0.619218647480011,0x1.3d0a3a0000000p-1
20260815T231124Z-8e185556,chunk_08,p187_sharper,p187,sharper,valid_771_a_2.nii.gz,Br40f|Br60f,4,Coronary artery wall calcification,0.612237274646759,0x1.39772a0000000p-1
20260815T231124Z-8e185556,chunk_08,p187_sharper,p187,sharper,valid_771_a_2.nii.gz,Br40f|Br60f,5,Hiatal hernia,0.5298495292663574,0x1.0f48700000000p-1
20260815T231124Z-8e185556,chunk_08,p187_sharper,p187,sharper,valid_771_a_2.nii.gz,Br40f|Br60f,6,Lymphadenopathy,0.5697516798973083,0x1.23b67e0000000p-1
20260815T231124Z-8e185556,chunk_08,p187_sharper,p187,sharper,valid_771_a_2.nii.gz,Br40f|Br60f,7,Emphysema,0.5511035323143005,0x1.1a2a3e0000000p-1
20260815T231124Z-8e185556,chunk_08,p187_sharper,p187,sharper,valid_771_a_2.nii.gz,Br40f|Br60f,8,Atelectasis,0.5653819441795349,0x1.2179be0000000p-1
20260815T231124Z-8e185556,chunk_08,p187_sharper,p187,sharper,valid_771_a_2.nii.gz,Br40f|Br60f,9,Lung nodule,0.515162467956543,0x1.07c3600000000p-1
20260815T231124Z-8e185556,chunk_08,p187_sharper,p187,sharper,valid_771_a_2.nii.gz,Br40f|Br60f,10,Lung opacity,0.5361955165863037,0x1.1288380000000p-1
20260815T231124Z-8e185556,chunk_08,p187_sharper,p187,sharper,valid_771_a_2.nii.gz,Br40f|Br60f,11,Pulmonary fibrotic sequela,0.5512450337409973,0x1.1a3cca0000000p-1
20260815T231124Z-8e185556,chunk_08,p187_sharper,p187,sharper,valid_771_a_2.nii.gz,Br40f|Br60f,12,Pleural effusion,0.5509324669837952,0x1.1a13d20000000p-1
20260815T231124Z-8e185556,chunk_08,p187_sharper,p187,sharper,valid_771_a_2.nii.gz,Br40f|Br60f,13,Mosaic attenuation pattern,0.5718122720718384,0x1.24c4940000000p-1
20260815T231124Z-8e185556,chunk_08,p187_sharper,p187,sharper,valid_771_a_2.nii.gz,Br40f|Br60f,14,Peribronchial thickening,0.581828773021698,0x1.29e5760000000p-1
20260815T231124Z-8e185556,chunk_08,p187_sharper,p187,sharper,valid_771_a_2.nii.gz,Br40f|Br60f,15,Consolidation,0.557424008846283,0x1.1d66ae0000000p-1
20260815T231124Z-8e185556,chunk_08,p187_sharper,p187,sharper,valid_771_a_2.nii.gz,Br40f|Br60f,16,Bronchiectasis,0.5443592071533203,0x1.16b6400000000p-1
20260815T231124Z-8e185556,chunk_08,p187_sharper,p187,sharper,valid_771_a_2.nii.gz,Br40f|Br60f,17,Interlobular septal thickening,0.5464810729026794,0x1.17cc5e0000000p-1
20260815T231124Z-8e185556,chunk_08,p188_softer,p188,softer,valid_771_b_1.nii.gz,Br40f|Br60f,0,Medical material,0.5864211916923523,0x1.2c3f660000000p-1
20260815T231124Z-8e185556,chunk_08,p188_softer,p188,softer,valid_771_b_1.nii.gz,Br40f|Br60f,1,Arterial wall calcification,0.5954113006591797,0x1.30d9c00000000p-1
20260815T231124Z-8e185556,chunk_08,p188_softer,p188,softer,valid_771_b_1.nii.gz,Br40f|Br60f,2,Cardiomegaly,0.5526729822158813,0x1.1af7f40000000p-1
20260815T231124Z-8e185556,chunk_08,p188_softer,p188,softer,valid_771_b_1.nii.gz,Br40f|Br60f,3,Pericardial effusion,0.6007124781608582,0x1.3390960000000p-1
20260815T231124Z-8e185556,chunk_08,p188_softer,p188,softer,valid_771_b_1.nii.gz,Br40f|Br60f,4,Coronary artery wall calcification,0.6096026301383972,0x1.381dd60000000p-1
20260815T231124Z-8e185556,chunk_08,p188_softer,p188,softer,valid_771_b_1.nii.gz,Br40f|Br60f,5,Hiatal hernia,0.5333489775657654,0x1.11131e0000000p-1
20260815T231124Z-8e185556,chunk_08,p188_softer,p188,softer,valid_771_b_1.nii.gz,Br40f|Br60f,6,Lymphadenopathy,0.5661748051643372,0x1.21e1aa0000000p-1
20260815T231124Z-8e185556,chunk_08,p188_softer,p188,softer,valid_771_b_1.nii.gz,Br40f|Br60f,7,Emphysema,0.5538718700408936,0x1.1b95180000000p-1
20260815T231124Z-8e185556,chunk_08,p188_softer,p188,softer,valid_771_b_1.nii.gz,Br40f|Br60f,8,Atelectasis,0.5590556859970093,0x1.1e3c8c0000000p-1
20260815T231124Z-8e185556,chunk_08,p188_softer,p188,softer,valid_771_b_1.nii.gz,Br40f|Br60f,9,Lung nodule,0.5219376683235168,0x1.0b3b6a0000000p-1
20260815T231124Z-8e185556,chunk_08,p188_softer,p188,softer,valid_771_b_1.nii.gz,Br40f|Br60f,10,Lung opacity,0.5246265530586243,0x1.0c9bda0000000p-1
20260815T231124Z-8e185556,chunk_08,p188_softer,p188,softer,valid_771_b_1.nii.gz,Br40f|Br60f,11,Pulmonary fibrotic sequela,0.5537835359573364,0x1.1b89840000000p-1
20260815T231124Z-8e185556,chunk_08,p188_softer,p188,softer,valid_771_b_1.nii.gz,Br40f|Br60f,12,Pleural effusion,0.532888650894165,0x1.10d6c80000000p-1
20260815T231124Z-8e185556,chunk_08,p188_softer,p188,softer,valid_771_b_1.nii.gz,Br40f|Br60f,13,Mosaic attenuation pattern,0.559172511100769,0x1.1e4bdc0000000p-1
20260815T231124Z-8e185556,chunk_08,p188_softer,p188,softer,valid_771_b_1.nii.gz,Br40f|Br60f,14,Peribronchial thickening,0.5873257517814636,0x1.2cb5f60000000p-1
20260815T231124Z-8e185556,chunk_08,p188_softer,p188,softer,valid_771_b_1.nii.gz,Br40f|Br60f,15,Consolidation,0.5377457737922668,0x1.13536a0000000p-1
20260815T231124Z-8e185556,chunk_08,p188_softer,p188,softer,valid_771_b_1.nii.gz,Br40f|Br60f,16,Bronchiectasis,0.5508716702461243,0x1.1a0bda0000000p-1
20260815T231124Z-8e185556,chunk_08,p188_softer,p188,softer,valid_771_b_1.nii.gz,Br40f|Br60f,17,Interlobular septal thickening,0.5259929299354553,0x1.0d4ef20000000p-1
20260815T231124Z-8e185556,chunk_08,p188_sharper,p188,sharper,valid_771_b_2.nii.gz,Br40f|Br60f,0,Medical material,0.5858449339866638,0x1.2bf3de0000000p-1
20260815T231124Z-8e185556,chunk_08,p188_sharper,p188,sharper,valid_771_b_2.nii.gz,Br40f|Br60f,1,Arterial wall calcification,0.5967162847518921,0x1.3184cc0000000p-1
20260815T231124Z-8e185556,chunk_08,p188_sharper,p188,sharper,valid_771_b_2.nii.gz,Br40f|Br60f,2,Cardiomegaly,0.5534908175468445,0x1.1b63260000000p-1
20260815T231124Z-8e185556,chunk_08,p188_sharper,p188,sharper,valid_771_b_2.nii.gz,Br40f|Br60f,3,Pericardial effusion,0.6027402281761169,0x1.349a5e0000000p-1
20260815T231124Z-8e185556,chunk_08,p188_sharper,p188,sharper,valid_771_b_2.nii.gz,Br40f|Br60f,4,Coronary artery wall calcification,0.6102417707443237,0x1.38719c0000000p-1
20260815T231124Z-8e185556,chunk_08,p188_sharper,p188,sharper,valid_771_b_2.nii.gz,Br40f|Br60f,5,Hiatal hernia,0.5342947840690613,0x1.118f160000000p-1
20260815T231124Z-8e185556,chunk_08,p188_sharper,p188,sharper,valid_771_b_2.nii.gz,Br40f|Br60f,6,Lymphadenopathy,0.5660491585731506,0x1.21d1320000000p-1
20260815T231124Z-8e185556,chunk_08,p188_sharper,p188,sharper,valid_771_b_2.nii.gz,Br40f|Br60f,7,Emphysema,0.5542668104171753,0x1.1bc8dc0000000p-1
20260815T231124Z-8e185556,chunk_08,p188_sharper,p188,sharper,valid_771_b_2.nii.gz,Br40f|Br60f,8,Atelectasis,0.5600568652153015,0x1.1ebfc60000000p-1
20260815T231124Z-8e185556,chunk_08,p188_sharper,p188,sharper,valid_771_b_2.nii.gz,Br40f|Br60f,9,Lung nodule,0.5222693085670471,0x1.0b66e20000000p-1
20260815T231124Z-8e185556,chunk_08,p188_sharper,p188,sharper,valid_771_b_2.nii.gz,Br40f|Br60f,10,Lung opacity,0.5251061916351318,0x1.0cdab80000000p-1
20260815T231124Z-8e185556,chunk_08,p188_sharper,p188,sharper,valid_771_b_2.nii.gz,Br40f|Br60f,11,Pulmonary fibrotic sequela,0.5542417764663696,0x1.1bc5940000000p-1
20260815T231124Z-8e185556,chunk_08,p188_sharper,p188,sharper,valid_771_b_2.nii.gz,Br40f|Br60f,12,Pleural effusion,0.5346432328224182,0x1.11bcc20000000p-1
20260815T231124Z-8e185556,chunk_08,p188_sharper,p188,sharper,valid_771_b_2.nii.gz,Br40f|Br60f,13,Mosaic attenuation pattern,0.5600196123123169,0x1.1ebae40000000p-1
20260815T231124Z-8e185556,chunk_08,p188_sharper,p188,sharper,valid_771_b_2.nii.gz,Br40f|Br60f,14,Peribronchial thickening,0.5868485569953918,0x1.2c776a0000000p-1
20260815T231124Z-8e185556,chunk_08,p188_sharper,p188,sharper,valid_771_b_2.nii.gz,Br40f|Br60f,15,Consolidation,0.5377536416053772,0x1.1354720000000p-1
20260815T231124Z-8e185556,chunk_08,p188_sharper,p188,sharper,valid_771_b_2.nii.gz,Br40f|Br60f,16,Bronchiectasis,0.5501110553741455,0x1.19a8280000000p-1
20260815T231124Z-8e185556,chunk_08,p188_sharper,p188,sharper,valid_771_b_2.nii.gz,Br40f|Br60f,17,Interlobular septal thickening,0.5268465876579285,0x1.0dbed60000000p-1
20260815T231124Z-8e185556,chunk_08,p189_softer,p189,softer,valid_775_a_1.nii.gz,Br40f|Br60f,0,Medical material,0.4519079327583313,0x1.cec0f40000000p-2
20260815T231124Z-8e185556,chunk_08,p189_softer,p189,softer,valid_775_a_1.nii.gz,Br40f|Br60f,1,Arterial wall calcification,0.37362608313560486,0x1.7e97d60000000p-2
20260815T231124Z-8e185556,chunk_08,p189_softer,p189,softer,valid_775_a_1.nii.gz,Br40f|Br60f,2,Cardiomegaly,0.3494865298271179,0x1.65dfcc0000000p-2
20260815T231124Z-8e185556,chunk_08,p189_softer,p189,softer,valid_775_a_1.nii.gz,Br40f|Br60f,3,Pericardial effusion,0.4680321216583252,0x1.df43d00000000p-2
20260815T231124Z-8e185556,chunk_08,p189_softer,p189,softer,valid_775_a_1.nii.gz,Br40f|Br60f,4,Coronary artery wall calcification,0.38135313987731934,0x1.8681700000000p-2
20260815T231124Z-8e185556,chunk_08,p189_softer,p189,softer,valid_775_a_1.nii.gz,Br40f|Br60f,5,Hiatal hernia,0.4429621398448944,0x1.c597de0000000p-2
20260815T231124Z-8e185556,chunk_08,p189_softer,p189,softer,valid_775_a_1.nii.gz,Br40f|Br60f,6,Lymphadenopathy,0.43924906849861145,0x1.c1ca820000000p-2
20260815T231124Z-8e185556,chunk_08,p189_softer,p189,softer,valid_775_a_1.nii.gz,Br40f|Br60f,7,Emphysema,0.4582604467868805,0x1.d5423a0000000p-2
20260815T231124Z-8e185556,chunk_08,p189_softer,p189,softer,valid_775_a_1.nii.gz,Br40f|Br60f,8,Atelectasis,0.44176796078681946,0x1.c45ed20000000p-2
20260815T231124Z-8e185556,chunk_08,p189_softer,p189,softer,valid_775_a_1.nii.gz,Br40f|Br60f,9,Lung nodule,0.5097021460533142,0x1.04f7ae0000000p-1
20260815T231124Z-8e185556,chunk_08,p189_softer,p189,softer,valid_775_a_1.nii.gz,Br40f|Br60f,10,Lung opacity,0.4546080231666565,0x1.d184c40000000p-2
20260815T231124Z-8e185556,chunk_08,p189_softer,p189,softer,valid_775_a_1.nii.gz,Br40f|Br60f,11,Pulmonary fibrotic sequela,0.5044320821762085,0x1.0244ec0000000p-1
20260815T231124Z-8e185556,chunk_08,p189_softer,p189,softer,valid_775_a_1.nii.gz,Br40f|Br60f,12,Pleural effusion,0.35246914625167847,0x1.68edac0000000p-2
20260815T231124Z-8e185556,chunk_08,p189_softer,p189,softer,valid_775_a_1.nii.gz,Br40f|Br60f,13,Mosaic attenuation pattern,0.41734790802001953,0x1.ab5d400000000p-2
20260815T231124Z-8e185556,chunk_08,p189_softer,p189,softer,valid_775_a_1.nii.gz,Br40f|Br60f,14,Peribronchial thickening,0.5040194392204285,0x1.020ed60000000p-1
20260815T231124Z-8e185556,chunk_08,p189_softer,p189,softer,valid_775_a_1.nii.gz,Br40f|Br60f,15,Consolidation,0.4499652087688446,0x1.ccc3ae0000000p-2
20260815T231124Z-8e185556,chunk_08,p189_softer,p189,softer,valid_775_a_1.nii.gz,Br40f|Br60f,16,Bronchiectasis,0.516552746295929,0x1.08799a0000000p-1
20260815T231124Z-8e185556,chunk_08,p189_softer,p189,softer,valid_775_a_1.nii.gz,Br40f|Br60f,17,Interlobular septal thickening,0.4132005274295807,0x1.a71e0a0000000p-2
20260815T231124Z-8e185556,chunk_08,p189_sharper,p189,sharper,valid_775_a_2.nii.gz,Br40f|Br60f,0,Medical material,0.4497304856777191,0x1.cc86260000000p-2
20260815T231124Z-8e185556,chunk_08,p189_sharper,p189,sharper,valid_775_a_2.nii.gz,Br40f|Br60f,1,Arterial wall calcification,0.37445351481437683,0x1.7f70be0000000p-2
20260815T231124Z-8e185556,chunk_08,p189_sharper,p189,sharper,valid_775_a_2.nii.gz,Br40f|Br60f,2,Cardiomegaly,0.3485278785228729,0x1.64e47e0000000p-2
20260815T231124Z-8e185556,chunk_08,p189_sharper,p189,sharper,valid_775_a_2.nii.gz,Br40f|Br60f,3,Pericardial effusion,0.4654780924320221,0x1.dca64a0000000p-2
20260815T231124Z-8e185556,chunk_08,p189_sharper,p189,sharper,valid_775_a_2.nii.gz,Br40f|Br60f,4,Coronary artery wall calcification,0.381546288728714,0x1.86b4120000000p-2
20260815T231124Z-8e185556,chunk_08,p189_sharper,p189,sharper,valid_775_a_2.nii.gz,Br40f|Br60f,5,Hiatal hernia,0.44589459896087646,0x1.c898980000000p-2
20260815T231124Z-8e185556,chunk_08,p189_sharper,p189,sharper,valid_775_a_2.nii.gz,Br40f|Br60f,6,Lymphadenopathy,0.4384322166442871,0x1.c0f4600000000p-2
20260815T231124Z-8e185556,chunk_08,p189_sharper,p189,sharper,valid_775_a_2.nii.gz,Br40f|Br60f,7,Emphysema,0.45982202887535095,0x1.d6db960000000p-2
20260815T231124Z-8e185556,chunk_08,p189_sharper,p189,sharper,valid_775_a_2.nii.gz,Br40f|Br60f,8,Atelectasis,0.4401176869869232,0x1.c2ae360000000p-2
20260815T231124Z-8e185556,chunk_08,p189_sharper,p189,sharper,valid_775_a_2.nii.gz,Br40f|Br60f,9,Lung nodule,0.5103186368942261,0x1.05487c0000000p-1
20260815T231124Z-8e185556,chunk_08,p189_sharper,p189,sharper,valid_775_a_2.nii.gz,Br40f|Br60f,10,Lung opacity,0.4543951153755188,0x1.d14cf40000000p-2
20260815T231124Z-8e185556,chunk_08,p189_sharper,p189,sharper,valid_775_a_2.nii.gz,Br40f|Br60f,11,Pulmonary fibrotic sequela,0.5052740573883057,0x1.02b3480000000p-1
20260815T231124Z-8e185556,chunk_08,p189_sharper,p189,sharper,valid_775_a_2.nii.gz,Br40f|Br60f,12,Pleural effusion,0.3476530909538269,0x1.63ff2c0000000p-2
20260815T231124Z-8e185556,chunk_08,p189_sharper,p189,sharper,valid_775_a_2.nii.gz,Br40f|Br60f,13,Mosaic attenuation pattern,0.4168257415294647,0x1.aad45e0000000p-2
20260815T231124Z-8e185556,chunk_08,p189_sharper,p189,sharper,valid_775_a_2.nii.gz,Br40f|Br60f,14,Peribronchial thickening,0.502322793006897,0x1.0130740000000p-1
20260815T231124Z-8e185556,chunk_08,p189_sharper,p189,sharper,valid_775_a_2.nii.gz,Br40f|Br60f,15,Consolidation,0.44735872745513916,0x1.ca18680000000p-2
20260815T231124Z-8e185556,chunk_08,p189_sharper,p189,sharper,valid_775_a_2.nii.gz,Br40f|Br60f,16,Bronchiectasis,0.516952633857727,0x1.08ae040000000p-1
20260815T231124Z-8e185556,chunk_08,p189_sharper,p189,sharper,valid_775_a_2.nii.gz,Br40f|Br60f,17,Interlobular septal thickening,0.4112081229686737,0x1.a513be0000000p-2
20260815T231124Z-8e185556,chunk_08,p190_softer,p190,softer,valid_780_a_1.nii.gz,Br40f|Br60f,0,Medical material,0.45395514369010925,0x1.d0d99e0000000p-2
20260815T231124Z-8e185556,chunk_08,p190_softer,p190,softer,valid_780_a_1.nii.gz,Br40f|Br60f,1,Arterial wall calcification,0.37855708599090576,0x1.83a4780000000p-2
20260815T231124Z-8e185556,chunk_08,p190_softer,p190,softer,valid_780_a_1.nii.gz,Br40f|Br60f,2,Cardiomegaly,0.344498872756958,0x1.60c4500000000p-2
20260815T231124Z-8e185556,chunk_08,p190_softer,p190,softer,valid_780_a_1.nii.gz,Br40f|Br60f,3,Pericardial effusion,0.4571629762649536,0x1.d422880000000p-2
20260815T231124Z-8e185556,chunk_08,p190_softer,p190,softer,valid_780_a_1.nii.gz,Br40f|Br60f,4,Coronary artery wall calcification,0.387967973947525,0x1.8d477a0000000p-2
20260815T231124Z-8e185556,chunk_08,p190_softer,p190,softer,valid_780_a_1.nii.gz,Br40f|Br60f,5,Hiatal hernia,0.4497762620449066,0x1.cc92260000000p-2
20260815T231124Z-8e185556,chunk_08,p190_softer,p190,softer,valid_780_a_1.nii.gz,Br40f|Br60f,6,Lymphadenopathy,0.4357377588748932,0x1.be320a0000000p-2
20260815T231124Z-8e185556,chunk_08,p190_softer,p190,softer,valid_780_a_1.nii.gz,Br40f|Br60f,7,Emphysema,0.4596363604068756,0x1.d6aaea0000000p-2
20260815T231124Z-8e185556,chunk_08,p190_softer,p190,softer,valid_780_a_1.nii.gz,Br40f|Br60f,8,Atelectasis,0.4413893520832062,0x1.c3fb920000000p-2
20260815T231124Z-8e185556,chunk_08,p190_softer,p190,softer,valid_780_a_1.nii.gz,Br40f|Br60f,9,Lung nodule,0.5156618356704712,0x1.0804d40000000p-1
20260815T231124Z-8e185556,chunk_08,p190_softer,p190,softer,valid_780_a_1.nii.gz,Br40f|Br60f,10,Lung opacity,0.4535774290561676,0x1.d0769a0000000p-2
20260815T231124Z-8e185556,chunk_08,p190_softer,p190,softer,valid_780_a_1.nii.gz,Br40f|Br60f,11,Pulmonary fibrotic sequela,0.5068688988685608,0x1.0384520000000p-1
20260815T231124Z-8e185556,chunk_08,p190_softer,p190,softer,valid_780_a_1.nii.gz,Br40f|Br60f,12,Pleural effusion,0.34985801577568054,0x1.66412e0000000p-2
20260815T231124Z-8e185556,chunk_08,p190_softer,p190,softer,valid_780_a_1.nii.gz,Br40f|Br60f,13,Mosaic attenuation pattern,0.4193420112133026,0x1.ad67fe0000000p-2
20260815T231124Z-8e185556,chunk_08,p190_softer,p190,softer,valid_780_a_1.nii.gz,Br40f|Br60f,14,Peribronchial thickening,0.5024973154067993,0x1.0147540000000p-1
20260815T231124Z-8e185556,chunk_08,p190_softer,p190,softer,valid_780_a_1.nii.gz,Br40f|Br60f,15,Consolidation,0.4452416002750397,0x1.c7ed6a0000000p-2
20260815T231124Z-8e185556,chunk_08,p190_softer,p190,softer,valid_780_a_1.nii.gz,Br40f|Br60f,16,Bronchiectasis,0.5194710493087769,0x1.09f81c0000000p-1
20260815T231124Z-8e185556,chunk_08,p190_softer,p190,softer,valid_780_a_1.nii.gz,Br40f|Br60f,17,Interlobular septal thickening,0.4082356095314026,0x1.a208840000000p-2
20260815T231124Z-8e185556,chunk_08,p190_sharper,p190,sharper,valid_780_a_2.nii.gz,Br40f|Br60f,0,Medical material,0.45577964186668396,0x1.d2b7e60000000p-2
20260815T231124Z-8e185556,chunk_08,p190_sharper,p190,sharper,valid_780_a_2.nii.gz,Br40f|Br60f,1,Arterial wall calcification,0.38159820437431335,0x1.86c1ae0000000p-2
20260815T231124Z-8e185556,chunk_08,p190_sharper,p190,sharper,valid_780_a_2.nii.gz,Br40f|Br60f,2,Cardiomegaly,0.3445855379104614,0x1.60db080000000p-2
20260815T231124Z-8e185556,chunk_08,p190_sharper,p190,sharper,valid_780_a_2.nii.gz,Br40f|Br60f,3,Pericardial effusion,0.4588693082332611,0x1.d5e1d60000000p-2
20260815T231124Z-8e185556,chunk_08,p190_sharper,p190,sharper,valid_780_a_2.nii.gz,Br40f|Br60f,4,Coronary artery wall calcification,0.3909252882003784,0x1.904eb80000000p-2
20260815T231124Z-8e185556,chunk_08,p190_sharper,p190,sharper,valid_780_a_2.nii.gz,Br40f|Br60f,5,Hiatal hernia,0.4511328637599945,0x1.cdf5c60000000p-2
20260815T231124Z-8e185556,chunk_08,p190_sharper,p190,sharper,valid_780_a_2.nii.gz,Br40f|Br60f,6,Lymphadenopathy,0.4374621510505676,0x1.bff6140000000p-2
20260815T231124Z-8e185556,chunk_08,p190_sharper,p190,sharper,valid_780_a_2.nii.gz,Br40f|Br60f,7,Emphysema,0.46293753385543823,0x1.da0c4c0000000p-2
20260815T231124Z-8e185556,chunk_08,p190_sharper,p190,sharper,valid_780_a_2.nii.gz,Br40f|Br60f,8,Atelectasis,0.4428994655609131,0x1.c587700000000p-2
20260815T231124Z-8e185556,chunk_08,p190_sharper,p190,sharper,valid_780_a_2.nii.gz,Br40f|Br60f,9,Lung nodule,0.5173218846321106,0x1.08de6a0000000p-1
20260815T231124Z-8e185556,chunk_08,p190_sharper,p190,sharper,valid_780_a_2.nii.gz,Br40f|Br60f,10,Lung opacity,0.45383980870246887,0x1.d0bb620000000p-2
20260815T231124Z-8e185556,chunk_08,p190_sharper,p190,sharper,valid_780_a_2.nii.gz,Br40f|Br60f,11,Pulmonary fibrotic sequela,0.508760392665863,0x1.047c3e0000000p-1
20260815T231124Z-8e185556,chunk_08,p190_sharper,p190,sharper,valid_780_a_2.nii.gz,Br40f|Br60f,12,Pleural effusion,0.35046684741973877,0x1.66e0c80000000p-2
20260815T231124Z-8e185556,chunk_08,p190_sharper,p190,sharper,valid_780_a_2.nii.gz,Br40f|Br60f,13,Mosaic attenuation pattern,0.418962299823761,0x1.ad04740000000p-2
20260815T231124Z-8e185556,chunk_08,p190_sharper,p190,sharper,valid_780_a_2.nii.gz,Br40f|Br60f,14,Peribronchial thickening,0.5055145621299744,0x1.02d2ce0000000p-1
20260815T231124Z-8e185556,chunk_08,p190_sharper,p190,sharper,valid_780_a_2.nii.gz,Br40f|Br60f,15,Consolidation,0.44446977972984314,0x1.c723160000000p-2
20260815T231124Z-8e185556,chunk_08,p190_sharper,p190,sharper,valid_780_a_2.nii.gz,Br40f|Br60f,16,Bronchiectasis,0.5225189924240112,0x1.0b879c0000000p-1
20260815T231124Z-8e185556,chunk_08,p190_sharper,p190,sharper,valid_780_a_2.nii.gz,Br40f|Br60f,17,Interlobular septal thickening,0.4085138440132141,0x1.a251740000000p-2
20260815T231124Z-8e185556,chunk_08,p191_softer,p191,softer,valid_786_a_1.nii.gz,Br40f|Br60f,0,Medical material,0.6032556891441345,0x1.34ddee0000000p-1
20260815T231124Z-8e185556,chunk_08,p191_softer,p191,softer,valid_786_a_1.nii.gz,Br40f|Br60f,1,Arterial wall calcification,0.5870283246040344,0x1.2c8efa0000000p-1
20260815T231124Z-8e185556,chunk_08,p191_softer,p191,softer,valid_786_a_1.nii.gz,Br40f|Br60f,2,Cardiomegaly,0.6107267737388611,0x1.38b12e0000000p-1
20260815T231124Z-8e185556,chunk_08,p191_softer,p191,softer,valid_786_a_1.nii.gz,Br40f|Br60f,3,Pericardial effusion,0.6351891756057739,0x1.4537840000000p-1
20260815T231124Z-8e185556,chunk_08,p191_softer,p191,softer,valid_786_a_1.nii.gz,Br40f|Br60f,4,Coronary artery wall calcification,0.5929880738258362,0x1.2f9c220000000p-1
20260815T231124Z-8e185556,chunk_08,p191_softer,p191,softer,valid_786_a_1.nii.gz,Br40f|Br60f,5,Hiatal hernia,0.518708348274231,0x1.0994240000000p-1
20260815T231124Z-8e185556,chunk_08,p191_softer,p191,softer,valid_786_a_1.nii.gz,Br40f|Br60f,6,Lymphadenopathy,0.5747663378715515,0x1.2647c60000000p-1
20260815T231124Z-8e185556,chunk_08,p191_softer,p191,softer,valid_786_a_1.nii.gz,Br40f|Br60f,7,Emphysema,0.5322404503822327,0x1.1081d20000000p-1
20260815T231124Z-8e185556,chunk_08,p191_softer,p191,softer,valid_786_a_1.nii.gz,Br40f|Br60f,8,Atelectasis,0.5680816769599915,0x1.22db9a0000000p-1
20260815T231124Z-8e185556,chunk_08,p191_softer,p191,softer,valid_786_a_1.nii.gz,Br40f|Br60f,9,Lung nodule,0.4934864342212677,0x1.f954820000000p-2
20260815T231124Z-8e185556,chunk_08,p191_softer,p191,softer,valid_786_a_1.nii.gz,Br40f|Br60f,10,Lung opacity,0.5555922985076904,0x1.1c76980000000p-1
20260815T231124Z-8e185556,chunk_08,p191_softer,p191,softer,valid_786_a_1.nii.gz,Br40f|Br60f,11,Pulmonary fibrotic sequela,0.5232868194580078,0x1.0bec400000000p-1
20260815T231124Z-8e185556,chunk_08,p191_softer,p191,softer,valid_786_a_1.nii.gz,Br40f|Br60f,12,Pleural effusion,0.6071804165840149,0x1.36e05a0000000p-1
20260815T231124Z-8e185556,chunk_08,p191_softer,p191,softer,valid_786_a_1.nii.gz,Br40f|Br60f,13,Mosaic attenuation pattern,0.5834517478942871,0x1.2aba300000000p-1
20260815T231124Z-8e185556,chunk_08,p191_softer,p191,softer,valid_786_a_1.nii.gz,Br40f|Br60f,14,Peribronchial thickening,0.5660362243652344,0x1.21cf800000000p-1
20260815T231124Z-8e185556,chunk_08,p191_softer,p191,softer,valid_786_a_1.nii.gz,Br40f|Br60f,15,Consolidation,0.5898357629776001,0x1.2dfef40000000p-1
20260815T231124Z-8e185556,chunk_08,p191_softer,p191,softer,valid_786_a_1.nii.gz,Br40f|Br60f,16,Bronchiectasis,0.5078936815261841,0x1.040aa40000000p-1
20260815T231124Z-8e185556,chunk_08,p191_softer,p191,softer,valid_786_a_1.nii.gz,Br40f|Br60f,17,Interlobular septal thickening,0.5762333869934082,0x1.2708100000000p-1
20260815T231124Z-8e185556,chunk_08,p191_sharper,p191,sharper,valid_786_a_2.nii.gz,Br40f|Br60f,0,Medical material,0.6030012965202332,0x1.34bc960000000p-1
20260815T231124Z-8e185556,chunk_08,p191_sharper,p191,sharper,valid_786_a_2.nii.gz,Br40f|Br60f,1,Arterial wall calcification,0.587543249130249,0x1.2cd2780000000p-1
20260815T231124Z-8e185556,chunk_08,p191_sharper,p191,sharper,valid_786_a_2.nii.gz,Br40f|Br60f,2,Cardiomegaly,0.6112574338912964,0x1.38f6bc0000000p-1
20260815T231124Z-8e185556,chunk_08,p191_sharper,p191,sharper,valid_786_a_2.nii.gz,Br40f|Br60f,3,Pericardial effusion,0.6346173286437988,0x1.44ec900000000p-1
20260815T231124Z-8e185556,chunk_08,p191_sharper,p191,sharper,valid_786_a_2.nii.gz,Br40f|Br60f,4,Coronary artery wall calcification,0.5935705900192261,0x1.2fe87c0000000p-1
20260815T231124Z-8e185556,chunk_08,p191_sharper,p191,sharper,valid_786_a_2.nii.gz,Br40f|Br60f,5,Hiatal hernia,0.519256591796875,0x1.09dc000000000p-1
20260815T231124Z-8e185556,chunk_08,p191_sharper,p191,sharper,valid_786_a_2.nii.gz,Br40f|Br60f,6,Lymphadenopathy,0.5753723382949829,0x1.2697340000000p-1
20260815T231124Z-8e185556,chunk_08,p191_sharper,p191,sharper,valid_786_a_2.nii.gz,Br40f|Br60f,7,Emphysema,0.5325410962104797,0x1.10a93a0000000p-1
20260815T231124Z-8e185556,chunk_08,p191_sharper,p191,sharper,valid_786_a_2.nii.gz,Br40f|Br60f,8,Atelectasis,0.5684192180633545,0x1.2307d80000000p-1
20260815T231124Z-8e185556,chunk_08,p191_sharper,p191,sharper,valid_786_a_2.nii.gz,Br40f|Br60f,9,Lung nodule,0.49368229508399963,0x1.f987da0000000p-2
20260815T231124Z-8e185556,chunk_08,p191_sharper,p191,sharper,valid_786_a_2.nii.gz,Br40f|Br60f,10,Lung opacity,0.5561106204986572,0x1.1cba880000000p-1
20260815T231124Z-8e185556,chunk_08,p191_sharper,p191,sharper,valid_786_a_2.nii.gz,Br40f|Br60f,11,Pulmonary fibrotic sequela,0.5238165259361267,0x1.0c31ae0000000p-1
20260815T231124Z-8e185556,chunk_08,p191_sharper,p191,sharper,valid_786_a_2.nii.gz,Br40f|Br60f,12,Pleural effusion,0.6087138652801514,0x1.37a9580000000p-1
20260815T231124Z-8e185556,chunk_08,p191_sharper,p191,sharper,valid_786_a_2.nii.gz,Br40f|Br60f,13,Mosaic attenuation pattern,0.5824639797210693,0x1.2a38b80000000p-1
20260815T231124Z-8e185556,chunk_08,p191_sharper,p191,sharper,valid_786_a_2.nii.gz,Br40f|Br60f,14,Peribronchial thickening,0.5670840740203857,0x1.2258d80000000p-1
20260815T231124Z-8e185556,chunk_08,p191_sharper,p191,sharper,valid_786_a_2.nii.gz,Br40f|Br60f,15,Consolidation,0.5899865627288818,0x1.2e12b80000000p-1
20260815T231124Z-8e185556,chunk_08,p191_sharper,p191,sharper,valid_786_a_2.nii.gz,Br40f|Br60f,16,Bronchiectasis,0.508806586265564,0x1.04824c0000000p-1
20260815T231124Z-8e185556,chunk_08,p191_sharper,p191,sharper,valid_786_a_2.nii.gz,Br40f|Br60f,17,Interlobular septal thickening,0.5771758556365967,0x1.2783980000000p-1
20260815T231124Z-8e185556,chunk_08,p192_softer,p192,softer,valid_787_a_1.nii.gz,Br40f|Br60f,0,Medical material,0.5942897796630859,0x1.3046c00000000p-1
20260815T231124Z-8e185556,chunk_08,p192_softer,p192,softer,valid_787_a_1.nii.gz,Br40f|Br60f,1,Arterial wall calcification,0.5728564262390137,0x1.254d700000000p-1
20260815T231124Z-8e185556,chunk_08,p192_softer,p192,softer,valid_787_a_1.nii.gz,Br40f|Br60f,2,Cardiomegaly,0.5424771308898926,0x1.15bf900000000p-1
20260815T231124Z-8e185556,chunk_08,p192_softer,p192,softer,valid_787_a_1.nii.gz,Br40f|Br60f,3,Pericardial effusion,0.6042407751083374,0x1.355f0c0000000p-1
20260815T231124Z-8e185556,chunk_08,p192_softer,p192,softer,valid_787_a_1.nii.gz,Br40f|Br60f,4,Coronary artery wall calcification,0.5841600894927979,0x1.2b17080000000p-1
20260815T231124Z-8e185556,chunk_08,p192_softer,p192,softer,valid_787_a_1.nii.gz,Br40f|Br60f,5,Hiatal hernia,0.5187811255455017,0x1.099dae0000000p-1
20260815T231124Z-8e185556,chunk_08,p192_softer,p192,softer,valid_787_a_1.nii.gz,Br40f|Br60f,6,Lymphadenopathy,0.5629963278770447,0x1.20410e0000000p-1
20260815T231124Z-8e185556,chunk_08,p192_softer,p192,softer,valid_787_a_1.nii.gz,Br40f|Br60f,7,Emphysema,0.5513052940368652,0x1.1a44b00000000p-1
20260815T231124Z-8e185556,chunk_08,p192_softer,p192,softer,valid_787_a_1.nii.gz,Br40f|Br60f,8,Atelectasis,0.5537627935409546,0x1.1b86cc0000000p-1
20260815T231124Z-8e185556,chunk_08,p192_softer,p192,softer,valid_787_a_1.nii.gz,Br40f|Br60f,9,Lung nodule,0.5164356231689453,0x1.086a400000000p-1
20260815T231124Z-8e185556,chunk_08,p192_softer,p192,softer,valid_787_a_1.nii.gz,Br40f|Br60f,10,Lung opacity,0.5298646092414856,0x1.0f4a6a0000000p-1
20260815T231124Z-8e185556,chunk_08,p192_softer,p192,softer,valid_787_a_1.nii.gz,Br40f|Br60f,11,Pulmonary fibrotic sequela,0.549537718296051,0x1.195d020000000p-1
20260815T231124Z-8e185556,chunk_08,p192_softer,p192,softer,valid_787_a_1.nii.gz,Br40f|Br60f,12,Pleural effusion,0.5217601656913757,0x1.0b24260000000p-1
20260815T231124Z-8e185556,chunk_08,p192_softer,p192,softer,valid_787_a_1.nii.gz,Br40f|Br60f,13,Mosaic attenuation pattern,0.5378671288490295,0x1.1363520000000p-1
20260815T231124Z-8e185556,chunk_08,p192_softer,p192,softer,valid_787_a_1.nii.gz,Br40f|Br60f,14,Peribronchial thickening,0.5827295780181885,0x1.2a5b880000000p-1
20260815T231124Z-8e185556,chunk_08,p192_softer,p192,softer,valid_787_a_1.nii.gz,Br40f|Br60f,15,Consolidation,0.556102991104126,0x1.1cb9880000000p-1
20260815T231124Z-8e185556,chunk_08,p192_softer,p192,softer,valid_787_a_1.nii.gz,Br40f|Br60f,16,Bronchiectasis,0.5481919050216675,0x1.18ac9c0000000p-1
20260815T231124Z-8e185556,chunk_08,p192_softer,p192,softer,valid_787_a_1.nii.gz,Br40f|Br60f,17,Interlobular septal thickening,0.5202781558036804,0x1.0a61e60000000p-1
20260815T231124Z-8e185556,chunk_08,p192_sharper,p192,sharper,valid_787_a_2.nii.gz,Br40f|Br60f,0,Medical material,0.5898193120956421,0x1.2dfccc0000000p-1
20260815T231124Z-8e185556,chunk_08,p192_sharper,p192,sharper,valid_787_a_2.nii.gz,Br40f|Br60f,1,Arterial wall calcification,0.5748835802078247,0x1.2657240000000p-1
20260815T231124Z-8e185556,chunk_08,p192_sharper,p192,sharper,valid_787_a_2.nii.gz,Br40f|Br60f,2,Cardiomegaly,0.537769079208374,0x1.1356780000000p-1
20260815T231124Z-8e185556,chunk_08,p192_sharper,p192,sharper,valid_787_a_2.nii.gz,Br40f|Br60f,3,Pericardial effusion,0.5986308455467224,0x1.327fbe0000000p-1
20260815T231124Z-8e185556,chunk_08,p192_sharper,p192,sharper,valid_787_a_2.nii.gz,Br40f|Br60f,4,Coronary artery wall calcification,0.5834761261940002,0x1.2abd620000000p-1
20260815T231124Z-8e185556,chunk_08,p192_sharper,p192,sharper,valid_787_a_2.nii.gz,Br40f|Br60f,5,Hiatal hernia,0.5206887125968933,0x1.0a97b60000000p-1
20260815T231124Z-8e185556,chunk_08,p192_sharper,p192,sharper,valid_787_a_2.nii.gz,Br40f|Br60f,6,Lymphadenopathy,0.5593774914741516,0x1.1e66ba0000000p-1
20260815T231124Z-8e185556,chunk_08,p192_sharper,p192,sharper,valid_787_a_2.nii.gz,Br40f|Br60f,7,Emphysema,0.5535605549812317,0x1.1b6c4a0000000p-1
20260815T231124Z-8e185556,chunk_08,p192_sharper,p192,sharper,valid_787_a_2.nii.gz,Br40f|Br60f,8,Atelectasis,0.5535673499107361,0x1.1b6d2e0000000p-1
20260815T231124Z-8e185556,chunk_08,p192_sharper,p192,sharper,valid_787_a_2.nii.gz,Br40f|Br60f,9,Lung nodule,0.5208964347839355,0x1.0ab2f00000000p-1
20260815T231124Z-8e185556,chunk_08,p192_sharper,p192,sharper,valid_787_a_2.nii.gz,Br40f|Br60f,10,Lung opacity,0.5261059403419495,0x1.0d5dc20000000p-1
20260815T231124Z-8e185556,chunk_08,p192_sharper,p192,sharper,valid_787_a_2.nii.gz,Br40f|Br60f,11,Pulmonary fibrotic sequela,0.5514301061630249,0x1.1a550c0000000p-1
20260815T231124Z-8e185556,chunk_08,p192_sharper,p192,sharper,valid_787_a_2.nii.gz,Br40f|Br60f,12,Pleural effusion,0.5102302432060242,0x1.053ce60000000p-1
20260815T231124Z-8e185556,chunk_08,p192_sharper,p192,sharper,valid_787_a_2.nii.gz,Br40f|Br60f,13,Mosaic attenuation pattern,0.5367379188537598,0x1.12cf500000000p-1
20260815T231124Z-8e185556,chunk_08,p192_sharper,p192,sharper,valid_787_a_2.nii.gz,Br40f|Br60f,14,Peribronchial thickening,0.5820371508598328,0x1.2a00c60000000p-1
20260815T231124Z-8e185556,chunk_08,p192_sharper,p192,sharper,valid_787_a_2.nii.gz,Br40f|Br60f,15,Consolidation,0.5507826209068298,0x1.1a002e0000000p-1
20260815T231124Z-8e185556,chunk_08,p192_sharper,p192,sharper,valid_787_a_2.nii.gz,Br40f|Br60f,16,Bronchiectasis,0.5498307347297668,0x1.19836a0000000p-1
20260815T231124Z-8e185556,chunk_08,p192_sharper,p192,sharper,valid_787_a_2.nii.gz,Br40f|Br60f,17,Interlobular septal thickening,0.5171883702278137,0x1.08ccea0000000p-1
20260815T231124Z-8e185556,chunk_08,p193_softer,p193,softer,valid_798_a_1.nii.gz,Br40f|Br60f,0,Medical material,0.4575975239276886,0x1.d494720000000p-2
20260815T231124Z-8e185556,chunk_08,p193_softer,p193,softer,valid_798_a_1.nii.gz,Br40f|Br60f,1,Arterial wall calcification,0.3771185278892517,0x1.822b5c0000000p-2
20260815T231124Z-8e185556,chunk_08,p193_softer,p193,softer,valid_798_a_1.nii.gz,Br40f|Br60f,2,Cardiomegaly,0.34489840269088745,0x1.612d0c0000000p-2
20260815T231124Z-8e185556,chunk_08,p193_softer,p193,softer,valid_798_a_1.nii.gz,Br40f|Br60f,3,Pericardial effusion,0.4709841310977936,0x1.e249aa0000000p-2
20260815T231124Z-8e185556,chunk_08,p193_softer,p193,softer,valid_798_a_1.nii.gz,Br40f|Br60f,4,Coronary artery wall calcification,0.3905664086341858,0x1.8ff0a40000000p-2
20260815T231124Z-8e185556,chunk_08,p193_softer,p193,softer,valid_798_a_1.nii.gz,Br40f|Br60f,5,Hiatal hernia,0.45174741744995117,0x1.ce96e00000000p-2
20260815T231124Z-8e185556,chunk_08,p193_softer,p193,softer,valid_798_a_1.nii.gz,Br40f|Br60f,6,Lymphadenopathy,0.4465106427669525,0x1.c93a160000000p-2
20260815T231124Z-8e185556,chunk_08,p193_softer,p193,softer,valid_798_a_1.nii.gz,Br40f|Br60f,7,Emphysema,0.4575692415237427,0x1.d48d080000000p-2
20260815T231124Z-8e185556,chunk_08,p193_softer,p193,softer,valid_798_a_1.nii.gz,Br40f|Br60f,8,Atelectasis,0.44893723726272583,0x1.cbb6340000000p-2
20260815T231124Z-8e185556,chunk_08,p193_softer,p193,softer,valid_798_a_1.nii.gz,Br40f|Br60f,9,Lung nodule,0.5092086791992188,0x1.04b7000000000p-1
20260815T231124Z-8e185556,chunk_08,p193_softer,p193,softer,valid_798_a_1.nii.gz,Br40f|Br60f,10,Lung opacity,0.4637307822704315,0x1.dadc3e0000000p-2
20260815T231124Z-8e185556,chunk_08,p193_softer,p193,softer,valid_798_a_1.nii.gz,Br40f|Br60f,11,Pulmonary fibrotic sequela,0.5071684122085571,0x1.03ab940000000p-1
20260815T231124Z-8e185556,chunk_08,p193_softer,p193,softer,valid_798_a_1.nii.gz,Br40f|Br60f,12,Pleural effusion,0.3588049113750458,0x1.6f6a8e0000000p-2
20260815T231124Z-8e185556,chunk_08,p193_softer,p193,softer,valid_798_a_1.nii.gz,Br40f|Br60f,13,Mosaic attenuation pattern,0.43259531259536743,0x1.bafa440000000p-2
20260815T231124Z-8e185556,chunk_08,p193_softer,p193,softer,valid_798_a_1.nii.gz,Br40f|Br60f,14,Peribronchial thickening,0.5198931097984314,0x1.0a2f6e0000000p-1
20260815T231124Z-8e185556,chunk_08,p193_softer,p193,softer,valid_798_a_1.nii.gz,Br40f|Br60f,15,Consolidation,0.46661216020584106,0x1.ddcf940000000p-2
20260815T231124Z-8e185556,chunk_08,p193_softer,p193,softer,valid_798_a_1.nii.gz,Br40f|Br60f,16,Bronchiectasis,0.5216733813285828,0x1.0b18c60000000p-1
20260815T231124Z-8e185556,chunk_08,p193_softer,p193,softer,valid_798_a_1.nii.gz,Br40f|Br60f,17,Interlobular septal thickening,0.4180266559123993,0x1.ac0f2e0000000p-2
20260815T231124Z-8e185556,chunk_08,p193_sharper,p193,sharper,valid_798_a_2.nii.gz,Br40f|Br60f,0,Medical material,0.45915621519088745,0x1.d62d0c0000000p-2
20260815T231124Z-8e185556,chunk_08,p193_sharper,p193,sharper,valid_798_a_2.nii.gz,Br40f|Br60f,1,Arterial wall calcification,0.382114052772522,0x1.8748e80000000p-2
20260815T231124Z-8e185556,chunk_08,p193_sharper,p193,sharper,valid_798_a_2.nii.gz,Br40f|Br60f,2,Cardiomegaly,0.34505873918533325,0x1.6157140000000p-2
20260815T231124Z-8e185556,chunk_08,p193_sharper,p193,sharper,valid_798_a_2.nii.gz,Br40f|Br60f,3,Pericardial effusion,0.47166287899017334,0x1.e2fb980000000p-2
20260815T231124Z-8e185556,chunk_08,p193_sharper,p193,sharper,valid_798_a_2.nii.gz,Br40f|Br60f,4,Coronary artery wall calcification,0.3959519565105438,0x1.95746e0000000p-2
20260815T231124Z-8e185556,chunk_08,p193_sharper,p193,sharper,valid_798_a_2.nii.gz,Br40f|Br60f,5,Hiatal hernia,0.4550473093986511,0x1.d1f7ec0000000p-2
20260815T231124Z-8e185556,chunk_08,p193_sharper,p193,sharper,valid_798_a_2.nii.gz,Br40f|Br60f,6,Lymphadenopathy,0.44875213503837585,0x1.cb85ae0000000p-2
20260815T231124Z-8e185556,chunk_08,p193_sharper,p193,sharper,valid_798_a_2.nii.gz,Br40f|Br60f,7,Emphysema,0.46377313137054443,0x1.dae7580000000p-2
20260815T231124Z-8e185556,chunk_08,p193_sharper,p193,sharper,valid_798_a_2.nii.gz,Br40f|Br60f,8,Atelectasis,0.45067816972732544,0x1.cd7e940000000p-2
20260815T231124Z-8e185556,chunk_08,p193_sharper,p193,sharper,valid_798_a_2.nii.gz,Br40f|Br60f,9,Lung nodule,0.5124430060386658,0x1.065eee0000000p-1
20260815T231124Z-8e185556,chunk_08,p193_sharper,p193,sharper,valid_798_a_2.nii.gz,Br40f|Br60f,10,Lung opacity,0.46281448006629944,0x1.d9ec0a0000000p-2
20260815T231124Z-8e185556,chunk_08,p193_sharper,p193,sharper,valid_798_a_2.nii.gz,Br40f|Br60f,11,Pulmonary fibrotic sequela,0.5117310881614685,0x1.06019e0000000p-1
20260815T231124Z-8e185556,chunk_08,p193_sharper,p193,sharper,valid_798_a_2.nii.gz,Br40f|Br60f,12,Pleural effusion,0.3580789566040039,0x1.6eac400000000p-2
20260815T231124Z-8e185556,chunk_08,p193_sharper,p193,sharper,valid_798_a_2.nii.gz,Br40f|Br60f,13,Mosaic attenuation pattern,0.43238526582717896,0x1.bac3340000000p-2
20260815T231124Z-8e185556,chunk_08,p193_sharper,p193,sharper,valid_798_a_2.nii.gz,Br40f|Br60f,14,Peribronchial thickening,0.5262171626091003,0x1.0d6c560000000p-1
20260815T231124Z-8e185556,chunk_08,p193_sharper,p193,sharper,valid_798_a_2.nii.gz,Br40f|Br60f,15,Consolidation,0.46289411187171936,0x1.da00ea0000000p-2
20260815T231124Z-8e185556,chunk_08,p193_sharper,p193,sharper,valid_798_a_2.nii.gz,Br40f|Br60f,16,Bronchiectasis,0.5271005034446716,0x1.0de01e0000000p-1
20260815T231124Z-8e185556,chunk_08,p193_sharper,p193,sharper,valid_798_a_2.nii.gz,Br40f|Br60f,17,Interlobular septal thickening,0.4165029227733612,0x1.aa7fbe0000000p-2
20260815T231124Z-8e185556,chunk_08,p194_softer,p194,softer,valid_799_a_1.nii.gz,Br40f|Br60f,0,Medical material,0.5856631398200989,0x1.2bdc0a0000000p-1
20260815T231124Z-8e185556,chunk_08,p194_softer,p194,softer,valid_799_a_1.nii.gz,Br40f|Br60f,1,Arterial wall calcification,0.5960568189620972,0x1.312e5c0000000p-1
20260815T231124Z-8e185556,chunk_08,p194_softer,p194,softer,valid_799_a_1.nii.gz,Br40f|Br60f,2,Cardiomegaly,0.5665274858474731,0x1.220fe40000000p-1
20260815T231124Z-8e185556,chunk_08,p194_softer,p194,softer,valid_799_a_1.nii.gz,Br40f|Br60f,3,Pericardial effusion,0.6169354319572449,0x1.3bdef60000000p-1
20260815T231124Z-8e185556,chunk_08,p194_softer,p194,softer,valid_799_a_1.nii.gz,Br40f|Br60f,4,Coronary artery wall calcification,0.608580470085144,0x1.3797dc0000000p-1
20260815T231124Z-8e185556,chunk_08,p194_softer,p194,softer,valid_799_a_1.nii.gz,Br40f|Br60f,5,Hiatal hernia,0.5339512228965759,0x1.11620e0000000p-1
20260815T231124Z-8e185556,chunk_08,p194_softer,p194,softer,valid_799_a_1.nii.gz,Br40f|Br60f,6,Lymphadenopathy,0.5765454173088074,0x1.2730f60000000p-1
20260815T231124Z-8e185556,chunk_08,p194_softer,p194,softer,valid_799_a_1.nii.gz,Br40f|Br60f,7,Emphysema,0.5570052862167358,0x1.1d2fcc0000000p-1
20260815T231124Z-8e185556,chunk_08,p194_softer,p194,softer,valid_799_a_1.nii.gz,Br40f|Br60f,8,Atelectasis,0.5623154044151306,0x1.1fe7ce0000000p-1
20260815T231124Z-8e185556,chunk_08,p194_softer,p194,softer,valid_799_a_1.nii.gz,Br40f|Br60f,9,Lung nodule,0.5147920250892639,0x1.0792d20000000p-1
20260815T231124Z-8e185556,chunk_08,p194_softer,p194,softer,valid_799_a_1.nii.gz,Br40f|Br60f,10,Lung opacity,0.5442824363708496,0x1.16ac300000000p-1
20260815T231124Z-8e185556,chunk_08,p194_softer,p194,softer,valid_799_a_1.nii.gz,Br40f|Br60f,11,Pulmonary fibrotic sequela,0.5527072548866272,0x1.1afc720000000p-1
20260815T231124Z-8e185556,chunk_08,p194_softer,p194,softer,valid_799_a_1.nii.gz,Br40f|Br60f,12,Pleural effusion,0.5614951252937317,0x1.1f7c4a0000000p-1
20260815T231124Z-8e185556,chunk_08,p194_softer,p194,softer,valid_799_a_1.nii.gz,Br40f|Br60f,13,Mosaic attenuation pattern,0.5541578531265259,0x1.1bba940000000p-1
20260815T231124Z-8e185556,chunk_08,p194_softer,p194,softer,valid_799_a_1.nii.gz,Br40f|Br60f,14,Peribronchial thickening,0.5882027745246887,0x1.2d28ea0000000p-1
20260815T231124Z-8e185556,chunk_08,p194_softer,p194,softer,valid_799_a_1.nii.gz,Br40f|Br60f,15,Consolidation,0.5715423226356506,0x1.24a1320000000p-1
20260815T231124Z-8e185556,chunk_08,p194_softer,p194,softer,valid_799_a_1.nii.gz,Br40f|Br60f,16,Bronchiectasis,0.5468924045562744,0x1.1802480000000p-1
20260815T231124Z-8e185556,chunk_08,p194_softer,p194,softer,valid_799_a_1.nii.gz,Br40f|Br60f,17,Interlobular septal thickening,0.551239550113678,0x1.1a3c120000000p-1
20260815T231124Z-8e185556,chunk_08,p194_sharper,p194,sharper,valid_799_a_2.nii.gz,Br40f|Br60f,0,Medical material,0.5842429399490356,0x1.2b21e40000000p-1
20260815T231124Z-8e185556,chunk_08,p194_sharper,p194,sharper,valid_799_a_2.nii.gz,Br40f|Br60f,1,Arterial wall calcification,0.5977174043655396,0x1.3208040000000p-1
20260815T231124Z-8e185556,chunk_08,p194_sharper,p194,sharper,valid_799_a_2.nii.gz,Br40f|Br60f,2,Cardiomegaly,0.5643539428710938,0x1.20f3000000000p-1
20260815T231124Z-8e185556,chunk_08,p194_sharper,p194,sharper,valid_799_a_2.nii.gz,Br40f|Br60f,3,Pericardial effusion,0.6140683889389038,0x1.3a672c0000000p-1
20260815T231124Z-8e185556,chunk_08,p194_sharper,p194,sharper,valid_799_a_2.nii.gz,Br40f|Br60f,4,Coronary artery wall calcification,0.6085402369499207,0x1.3792960000000p-1
20260815T231124Z-8e185556,chunk_08,p194_sharper,p194,sharper,valid_799_a_2.nii.gz,Br40f|Br60f,5,Hiatal hernia,0.5377007722854614,0x1.134d840000000p-1
20260815T231124Z-8e185556,chunk_08,p194_sharper,p194,sharper,valid_799_a_2.nii.gz,Br40f|Br60f,6,Lymphadenopathy,0.5743430256843567,0x1.26104a0000000p-1
20260815T231124Z-8e185556,chunk_08,p194_sharper,p194,sharper,valid_799_a_2.nii.gz,Br40f|Br60f,7,Emphysema,0.5573759078979492,0x1.1d60600000000p-1
20260815T231124Z-8e185556,chunk_08,p194_sharper,p194,sharper,valid_799_a_2.nii.gz,Br40f|Br60f,8,Atelectasis,0.5620682239532471,0x1.1fc7680000000p-1
20260815T231124Z-8e185556,chunk_08,p194_sharper,p194,sharper,valid_799_a_2.nii.gz,Br40f|Br60f,9,Lung nodule,0.5166195034980774,0x1.08825a0000000p-1
20260815T231124Z-8e185556,chunk_08,p194_sharper,p194,sharper,valid_799_a_2.nii.gz,Br40f|Br60f,10,Lung opacity,0.5424787402153015,0x1.15bfc60000000p-1
20260815T231124Z-8e185556,chunk_08,p194_sharper,p194,sharper,valid_799_a_2.nii.gz,Br40f|Br60f,11,Pulmonary fibrotic sequela,0.5537620782852173,0x1.1b86b40000000p-1
20260815T231124Z-8e185556,chunk_08,p194_sharper,p194,sharper,valid_799_a_2.nii.gz,Br40f|Br60f,12,Pleural effusion,0.5561980605125427,0x1.1cc5fe0000000p-1
20260815T231124Z-8e185556,chunk_08,p194_sharper,p194,sharper,valid_799_a_2.nii.gz,Br40f|Br60f,13,Mosaic attenuation pattern,0.5529199838638306,0x1.1b18540000000p-1
20260815T231124Z-8e185556,chunk_08,p194_sharper,p194,sharper,valid_799_a_2.nii.gz,Br40f|Br60f,14,Peribronchial thickening,0.5873017311096191,0x1.2cb2d00000000p-1
20260815T231124Z-8e185556,chunk_08,p194_sharper,p194,sharper,valid_799_a_2.nii.gz,Br40f|Br60f,15,Consolidation,0.5681085586547852,0x1.22df200000000p-1
20260815T231124Z-8e185556,chunk_08,p194_sharper,p194,sharper,valid_799_a_2.nii.gz,Br40f|Br60f,16,Bronchiectasis,0.5465226173400879,0x1.17d1d00000000p-1
20260815T231124Z-8e185556,chunk_08,p194_sharper,p194,sharper,valid_799_a_2.nii.gz,Br40f|Br60f,17,Interlobular septal thickening,0.549708902835846,0x1.1973720000000p-1
20260815T231124Z-8e185556,chunk_08,p195_softer,p195,softer,valid_805_a_1.nii.gz,Br40f|Br60f,0,Medical material,0.5914396643638611,0x1.2ed12e0000000p-1
20260815T231124Z-8e185556,chunk_08,p195_softer,p195,softer,valid_805_a_1.nii.gz,Br40f|Br60f,1,Arterial wall calcification,0.545693039894104,0x1.1765140000000p-1
20260815T231124Z-8e185556,chunk_08,p195_softer,p195,softer,valid_805_a_1.nii.gz,Br40f|Br60f,2,Cardiomegaly,0.5435787439346313,0x1.164ff40000000p-1
20260815T231124Z-8e185556,chunk_08,p195_softer,p195,softer,valid_805_a_1.nii.gz,Br40f|Br60f,3,Pericardial effusion,0.6154546141624451,0x1.3b1cde0000000p-1
20260815T231124Z-8e185556,chunk_08,p195_softer,p195,softer,valid_805_a_1.nii.gz,Br40f|Br60f,4,Coronary artery wall calcification,0.5537393093109131,0x1.1b83b80000000p-1
20260815T231124Z-8e185556,chunk_08,p195_softer,p195,softer,valid_805_a_1.nii.gz,Br40f|Br60f,5,Hiatal hernia,0.49779120087623596,0x1.fdbcfa0000000p-2
20260815T231124Z-8e185556,chunk_08,p195_softer,p195,softer,valid_805_a_1.nii.gz,Br40f|Br60f,6,Lymphadenopathy,0.5505890846252441,0x1.19e6d00000000p-1
20260815T231124Z-8e185556,chunk_08,p195_softer,p195,softer,valid_805_a_1.nii.gz,Br40f|Br60f,7,Emphysema,0.521370530128479,0x1.0af1140000000p-1
20260815T231124Z-8e185556,chunk_08,p195_softer,p195,softer,valid_805_a_1.nii.gz,Br40f|Br60f,8,Atelectasis,0.549068033695221,0x1.191f720000000p-1
20260815T231124Z-8e185556,chunk_08,p195_softer,p195,softer,valid_805_a_1.nii.gz,Br40f|Br60f,9,Lung nodule,0.49755075573921204,0x1.fd7df20000000p-2
20260815T231124Z-8e185556,chunk_08,p195_softer,p195,softer,valid_805_a_1.nii.gz,Br40f|Br60f,10,Lung opacity,0.543887734413147,0x1.1678740000000p-1
20260815T231124Z-8e185556,chunk_08,p195_softer,p195,softer,valid_805_a_1.nii.gz,Br40f|Br60f,11,Pulmonary fibrotic sequela,0.527793824672699,0x1.0e3afe0000000p-1
20260815T231124Z-8e185556,chunk_08,p195_softer,p195,softer,valid_805_a_1.nii.gz,Br40f|Br60f,12,Pleural effusion,0.5468705296516418,0x1.17ff6a0000000p-1
20260815T231124Z-8e185556,chunk_08,p195_softer,p195,softer,valid_805_a_1.nii.gz,Br40f|Br60f,13,Mosaic attenuation pattern,0.5530510544776917,0x1.1b29820000000p-1
20260815T231124Z-8e185556,chunk_08,p195_softer,p195,softer,valid_805_a_1.nii.gz,Br40f|Br60f,14,Peribronchial thickening,0.5774101614952087,0x1.27a24e0000000p-1
20260815T231124Z-8e185556,chunk_08,p195_softer,p195,softer,valid_805_a_1.nii.gz,Br40f|Br60f,15,Consolidation,0.5801770091056824,0x1.290cf60000000p-1
20260815T231124Z-8e185556,chunk_08,p195_softer,p195,softer,valid_805_a_1.nii.gz,Br40f|Br60f,16,Bronchiectasis,0.5126881003379822,0x1.067f0e0000000p-1
20260815T231124Z-8e185556,chunk_08,p195_softer,p195,softer,valid_805_a_1.nii.gz,Br40f|Br60f,17,Interlobular septal thickening,0.5366930365562439,0x1.12c96e0000000p-1
20260815T231124Z-8e185556,chunk_08,p195_sharper,p195,sharper,valid_805_a_2.nii.gz,Br40f|Br60f,0,Medical material,0.5949845314025879,0x1.30a1d00000000p-1
20260815T231124Z-8e185556,chunk_08,p195_sharper,p195,sharper,valid_805_a_2.nii.gz,Br40f|Br60f,1,Arterial wall calcification,0.549821138381958,0x1.1982280000000p-1
20260815T231124Z-8e185556,chunk_08,p195_sharper,p195,sharper,valid_805_a_2.nii.gz,Br40f|Br60f,2,Cardiomegaly,0.5435572862625122,0x1.164d240000000p-1
20260815T231124Z-8e185556,chunk_08,p195_sharper,p195,sharper,valid_805_a_2.nii.gz,Br40f|Br60f,3,Pericardial effusion,0.6153035759925842,0x1.3b09120000000p-1
20260815T231124Z-8e185556,chunk_08,p195_sharper,p195,sharper,valid_805_a_2.nii.gz,Br40f|Br60f,4,Coronary artery wall calcification,0.5580915212631226,0x1.1dbe2c0000000p-1
20260815T231124Z-8e185556,chunk_08,p195_sharper,p195,sharper,valid_805_a_2.nii.gz,Br40f|Br60f,5,Hiatal hernia,0.4993927776813507,0x1.ff60d20000000p-2
20260815T231124Z-8e185556,chunk_08,p195_sharper,p195,sharper,valid_805_a_2.nii.gz,Br40f|Br60f,6,Lymphadenopathy,0.5522124767303467,0x1.1abb980000000p-1
20260815T231124Z-8e185556,chunk_08,p195_sharper,p195,sharper,valid_805_a_2.nii.gz,Br40f|Br60f,7,Emphysema,0.5238556861877441,0x1.0c36d00000000p-1
20260815T231124Z-8e185556,chunk_08,p195_sharper,p195,sharper,valid_805_a_2.nii.gz,Br40f|Br60f,8,Atelectasis,0.549948513507843,0x1.1992da0000000p-1
20260815T231124Z-8e185556,chunk_08,p195_sharper,p195,sharper,valid_805_a_2.nii.gz,Br40f|Br60f,9,Lung nodule,0.49818918108940125,0x1.fe254e0000000p-2
20260815T231124Z-8e185556,chunk_08,p195_sharper,p195,sharper,valid_805_a_2.nii.gz,Br40f|Br60f,10,Lung opacity,0.5467078685760498,0x1.17ea180000000p-1
20260815T231124Z-8e185556,chunk_08,p195_sharper,p195,sharper,valid_805_a_2.nii.gz,Br40f|Br60f,11,Pulmonary fibrotic sequela,0.5294540524482727,0x1.0f149a0000000p-1
20260815T231124Z-8e185556,chunk_08,p195_sharper,p195,sharper,valid_805_a_2.nii.gz,Br40f|Br60f,12,Pleural effusion,0.5503714084625244,0x1.19ca480000000p-1
20260815T231124Z-8e185556,chunk_08,p195_sharper,p195,sharper,valid_805_a_2.nii.gz,Br40f|Br60f,13,Mosaic attenuation pattern,0.5502578020095825,0x1.19bb640000000p-1
20260815T231124Z-8e185556,chunk_08,p195_sharper,p195,sharper,valid_805_a_2.nii.gz,Br40f|Br60f,14,Peribronchial thickening,0.5794396996498108,0x1.28ac520000000p-1
20260815T231124Z-8e185556,chunk_08,p195_sharper,p195,sharper,valid_805_a_2.nii.gz,Br40f|Br60f,15,Consolidation,0.5844398140907288,0x1.2b3bb20000000p-1
20260815T231124Z-8e185556,chunk_08,p195_sharper,p195,sharper,valid_805_a_2.nii.gz,Br40f|Br60f,16,Bronchiectasis,0.5156391859054565,0x1.0801dc0000000p-1
20260815T231124Z-8e185556,chunk_08,p195_sharper,p195,sharper,valid_805_a_2.nii.gz,Br40f|Br60f,17,Interlobular septal thickening,0.5383360385894775,0x1.13a0c80000000p-1
20260815T231124Z-8e185556,chunk_08,p196_softer,p196,softer,valid_810_a_1.nii.gz,Br40f|Br60f,0,Medical material,0.5496305823326111,0x1.19692e0000000p-1
20260815T231124Z-8e185556,chunk_08,p196_softer,p196,softer,valid_810_a_1.nii.gz,Br40f|Br60f,1,Arterial wall calcification,0.5425477027893066,0x1.15c8d00000000p-1
20260815T231124Z-8e185556,chunk_08,p196_softer,p196,softer,valid_810_a_1.nii.gz,Br40f|Br60f,2,Cardiomegaly,0.49894556403160095,0x1.feeb960000000p-2
20260815T231124Z-8e185556,chunk_08,p196_softer,p196,softer,valid_810_a_1.nii.gz,Br40f|Br60f,3,Pericardial effusion,0.5595839619636536,0x1.1e81ca0000000p-1
20260815T231124Z-8e185556,chunk_08,p196_softer,p196,softer,valid_810_a_1.nii.gz,Br40f|Br60f,4,Coronary artery wall calcification,0.565525472164154,0x1.218c8e0000000p-1
20260815T231124Z-8e185556,chunk_08,p196_softer,p196,softer,valid_810_a_1.nii.gz,Br40f|Br60f,5,Hiatal hernia,0.5122534036636353,0x1.0646140000000p-1
20260815T231124Z-8e185556,chunk_08,p196_softer,p196,softer,valid_810_a_1.nii.gz,Br40f|Br60f,6,Lymphadenopathy,0.5361706018447876,0x1.1284f40000000p-1
20260815T231124Z-8e185556,chunk_08,p196_softer,p196,softer,valid_810_a_1.nii.gz,Br40f|Br60f,7,Emphysema,0.5296432375907898,0x1.0f2d660000000p-1
20260815T231124Z-8e185556,chunk_08,p196_softer,p196,softer,valid_810_a_1.nii.gz,Br40f|Br60f,8,Atelectasis,0.5316992402076721,0x1.103ae20000000p-1
20260815T231124Z-8e185556,chunk_08,p196_softer,p196,softer,valid_810_a_1.nii.gz,Br40f|Br60f,9,Lung nodule,0.5229902863502502,0x1.0bc5620000000p-1
20260815T231124Z-8e185556,chunk_08,p196_softer,p196,softer,valid_810_a_1.nii.gz,Br40f|Br60f,10,Lung opacity,0.4997708201408386,0x1.ffc3ec0000000p-2
20260815T231124Z-8e185556,chunk_08,p196_softer,p196,softer,valid_810_a_1.nii.gz,Br40f|Br60f,11,Pulmonary fibrotic sequela,0.5506414771080017,0x1.19edae0000000p-1
20260815T231124Z-8e185556,chunk_08,p196_softer,p196,softer,valid_810_a_1.nii.gz,Br40f|Br60f,12,Pleural effusion,0.46888020634651184,0x1.e022220000000p-2
20260815T231124Z-8e185556,chunk_08,p196_softer,p196,softer,valid_810_a_1.nii.gz,Br40f|Br60f,13,Mosaic attenuation pattern,0.5246825218200684,0x1.0ca3300000000p-1
20260815T231124Z-8e185556,chunk_08,p196_softer,p196,softer,valid_810_a_1.nii.gz,Br40f|Br60f,14,Peribronchial thickening,0.5735030174255371,0x1.25a2300000000p-1
20260815T231124Z-8e185556,chunk_08,p196_softer,p196,softer,valid_810_a_1.nii.gz,Br40f|Br60f,15,Consolidation,0.5104945302009583,0x1.055f8a0000000p-1
20260815T231124Z-8e185556,chunk_08,p196_softer,p196,softer,valid_810_a_1.nii.gz,Br40f|Br60f,16,Bronchiectasis,0.5498721599578857,0x1.1988d80000000p-1
20260815T231124Z-8e185556,chunk_08,p196_softer,p196,softer,valid_810_a_1.nii.gz,Br40f|Br60f,17,Interlobular septal thickening,0.4789023697376251,0x1.ea65620000000p-2
20260815T231124Z-8e185556,chunk_08,p196_sharper,p196,sharper,valid_810_a_2.nii.gz,Br40f|Br60f,0,Medical material,0.5528004765510559,0x1.1b08aa0000000p-1
20260815T231124Z-8e185556,chunk_08,p196_sharper,p196,sharper,valid_810_a_2.nii.gz,Br40f|Br60f,1,Arterial wall calcification,0.5476875901222229,0x1.186a820000000p-1
20260815T231124Z-8e185556,chunk_08,p196_sharper,p196,sharper,valid_810_a_2.nii.gz,Br40f|Br60f,2,Cardiomegaly,0.498460590839386,0x1.fe6c740000000p-2
20260815T231124Z-8e185556,chunk_08,p196_sharper,p196,sharper,valid_810_a_2.nii.gz,Br40f|Br60f,3,Pericardial effusion,0.5609733462333679,0x1.1f37e60000000p-1
20260815T231124Z-8e185556,chunk_08,p196_sharper,p196,sharper,valid_810_a_2.nii.gz,Br40f|Br60f,4,Coronary artery wall calcification,0.5693453550338745,0x1.23813c0000000p-1
20260815T231124Z-8e185556,chunk_08,p196_sharper,p196,sharper,valid_810_a_2.nii.gz,Br40f|Br60f,5,Hiatal hernia,0.5129044055938721,0x1.069b680000000p-1
20260815T231124Z-8e185556,chunk_08,p196_sharper,p196,sharper,valid_810_a_2.nii.gz,Br40f|Br60f,6,Lymphadenopathy,0.5372802019119263,0x1.1316640000000p-1
20260815T231124Z-8e185556,chunk_08,p196_sharper,p196,sharper,valid_810_a_2.nii.gz,Br40f|Br60f,7,Emphysema,0.533829391002655,0x1.1152160000000p-1
20260815T231124Z-8e185556,chunk_08,p196_sharper,p196,sharper,valid_810_a_2.nii.gz,Br40f|Br60f,8,Atelectasis,0.5318049788475037,0x1.1048be0000000p-1
20260815T231124Z-8e185556,chunk_08,p196_sharper,p196,sharper,valid_810_a_2.nii.gz,Br40f|Br60f,9,Lung nodule,0.5252498388290405,0x1.0ced8c0000000p-1
20260815T231124Z-8e185556,chunk_08,p196_sharper,p196,sharper,valid_810_a_2.nii.gz,Br40f|Br60f,10,Lung opacity,0.5005050897598267,0x1.0042340000000p-1
20260815T231124Z-8e185556,chunk_08,p196_sharper,p196,sharper,valid_810_a_2.nii.gz,Br40f|Br60f,11,Pulmonary fibrotic sequela,0.5537593364715576,0x1.1b86580000000p-1
20260815T231124Z-8e185556,chunk_08,p196_sharper,p196,sharper,valid_810_a_2.nii.gz,Br40f|Br60f,12,Pleural effusion,0.4694880545139313,0x1.e0c17a0000000p-2
20260815T231124Z-8e185556,chunk_08,p196_sharper,p196,sharper,valid_810_a_2.nii.gz,Br40f|Br60f,13,Mosaic attenuation pattern,0.5242565274238586,0x1.0c6b5a0000000p-1
20260815T231124Z-8e185556,chunk_08,p196_sharper,p196,sharper,valid_810_a_2.nii.gz,Br40f|Br60f,14,Peribronchial thickening,0.5765055418014526,0x1.272bbc0000000p-1
20260815T231124Z-8e185556,chunk_08,p196_sharper,p196,sharper,valid_810_a_2.nii.gz,Br40f|Br60f,15,Consolidation,0.5092139840126038,0x1.04b7b20000000p-1
20260815T231124Z-8e185556,chunk_08,p196_sharper,p196,sharper,valid_810_a_2.nii.gz,Br40f|Br60f,16,Bronchiectasis,0.5529718995094299,0x1.1b1f220000000p-1
20260815T231124Z-8e185556,chunk_08,p196_sharper,p196,sharper,valid_810_a_2.nii.gz,Br40f|Br60f,17,Interlobular septal thickening,0.47983136773109436,0x1.eb58ea0000000p-2
20260815T231124Z-8e185556,chunk_08,p197_softer,p197,softer,valid_810_b_1.nii.gz,Br40f|Br60f,0,Medical material,0.4810425043106079,0x1.ec96680000000p-2
20260815T231124Z-8e185556,chunk_08,p197_softer,p197,softer,valid_810_b_1.nii.gz,Br40f|Br60f,1,Arterial wall calcification,0.435202032327652,0x1.bda59a0000000p-2
20260815T231124Z-8e185556,chunk_08,p197_softer,p197,softer,valid_810_b_1.nii.gz,Br40f|Br60f,2,Cardiomegaly,0.39238932728767395,0x1.91ce820000000p-2
20260815T231124Z-8e185556,chunk_08,p197_softer,p197,softer,valid_810_b_1.nii.gz,Br40f|Br60f,3,Pericardial effusion,0.48203006386756897,0x1.ed994a0000000p-2
20260815T231124Z-8e185556,chunk_08,p197_softer,p197,softer,valid_810_b_1.nii.gz,Br40f|Br60f,4,Coronary artery wall calcification,0.4561007618904114,0x1.d30c140000000p-2
20260815T231124Z-8e185556,chunk_08,p197_softer,p197,softer,valid_810_b_1.nii.gz,Br40f|Br60f,5,Hiatal hernia,0.47251105308532715,0x1.e3d9f00000000p-2
20260815T231124Z-8e185556,chunk_08,p197_softer,p197,softer,valid_810_b_1.nii.gz,Br40f|Br60f,6,Lymphadenopathy,0.4744194447994232,0x1.e5ce360000000p-2
20260815T231124Z-8e185556,chunk_08,p197_softer,p197,softer,valid_810_b_1.nii.gz,Br40f|Br60f,7,Emphysema,0.4814576506614685,0x1.ed033c0000000p-2
20260815T231124Z-8e185556,chunk_08,p197_softer,p197,softer,valid_810_b_1.nii.gz,Br40f|Br60f,8,Atelectasis,0.47244516015052795,0x1.e3c8aa0000000p-2
20260815T231124Z-8e185556,chunk_08,p197_softer,p197,softer,valid_810_b_1.nii.gz,Br40f|Br60f,9,Lung nodule,0.51897132396698,0x1.09b69c0000000p-1
20260815T231124Z-8e185556,chunk_08,p197_softer,p197,softer,valid_810_b_1.nii.gz,Br40f|Br60f,10,Lung opacity,0.46290361881256104,0x1.da03680000000p-2
20260815T231124Z-8e185556,chunk_08,p197_softer,p197,softer,valid_810_b_1.nii.gz,Br40f|Br60f,11,Pulmonary fibrotic sequela,0.526350736618042,0x1.0d7dd80000000p-1
20260815T231124Z-8e185556,chunk_08,p197_softer,p197,softer,valid_810_b_1.nii.gz,Br40f|Br60f,12,Pleural effusion,0.36905011534690857,0x1.79e8460000000p-2
20260815T231124Z-8e185556,chunk_08,p197_softer,p197,softer,valid_810_b_1.nii.gz,Br40f|Br60f,13,Mosaic attenuation pattern,0.46090295910835266,0x1.d7f6f20000000p-2
20260815T231124Z-8e185556,chunk_08,p197_softer,p197,softer,valid_810_b_1.nii.gz,Br40f|Br60f,14,Peribronchial thickening,0.5331706404685974,0x1.10fbbe0000000p-1
20260815T231124Z-8e185556,chunk_08,p197_softer,p197,softer,valid_810_b_1.nii.gz,Br40f|Br60f,15,Consolidation,0.46851587295532227,0x1.dfc2a00000000p-2
20260815T231124Z-8e185556,chunk_08,p197_softer,p197,softer,valid_810_b_1.nii.gz,Br40f|Br60f,16,Bronchiectasis,0.5406440496444702,0x1.14cf4c0000000p-1
20260815T231124Z-8e185556,chunk_08,p197_softer,p197,softer,valid_810_b_1.nii.gz,Br40f|Br60f,17,Interlobular septal thickening,0.4185784161090851,0x1.ac9fd20000000p-2
20260815T231124Z-8e185556,chunk_08,p197_sharper,p197,sharper,valid_810_b_2.nii.gz,Br40f|Br60f,0,Medical material,0.492602676153183,0x1.f86cd60000000p-2
20260815T231124Z-8e185556,chunk_08,p197_sharper,p197,sharper,valid_810_b_2.nii.gz,Br40f|Br60f,1,Arterial wall calcification,0.45143428444862366,0x1.ce44ca0000000p-2
20260815T231124Z-8e185556,chunk_08,p197_sharper,p197,sharper,valid_810_b_2.nii.gz,Br40f|Br60f,2,Cardiomegaly,0.40597981214523315,0x1.9fb92c0000000p-2
20260815T231124Z-8e185556,chunk_08,p197_sharper,p197,sharper,valid_810_b_2.nii.gz,Br40f|Br60f,3,Pericardial effusion,0.49294987320899963,0x1.f8c7da0000000p-2
20260815T231124Z-8e185556,chunk_08,p197_sharper,p197,sharper,valid_810_b_2.nii.gz,Br40f|Br60f,4,Coronary artery wall calcification,0.47211891412734985,0x1.e373240000000p-2
20260815T231124Z-8e185556,chunk_08,p197_sharper,p197,sharper,valid_810_b_2.nii.gz,Br40f|Br60f,5,Hiatal hernia,0.4778561592102051,0x1.e953200000000p-2
20260815T231124Z-8e185556,chunk_08,p197_sharper,p197,sharper,valid_810_b_2.nii.gz,Br40f|Br60f,6,Lymphadenopathy,0.4818393886089325,0x1.ed674e0000000p-2
20260815T231124Z-8e185556,chunk_08,p197_sharper,p197,sharper,valid_810_b_2.nii.gz,Br40f|Br60f,7,Emphysema,0.4901024401187897,0x1.f5dd6a0000000p-2
20260815T231124Z-8e185556,chunk_08,p197_sharper,p197,sharper,valid_810_b_2.nii.gz,Br40f|Br60f,8,Atelectasis,0.4804529845714569,0x1.ebfbde0000000p-2
20260815T231124Z-8e185556,chunk_08,p197_sharper,p197,sharper,valid_810_b_2.nii.gz,Br40f|Br60f,9,Lung nodule,0.5209016799926758,0x1.0ab3a00000000p-1
20260815T231124Z-8e185556,chunk_08,p197_sharper,p197,sharper,valid_810_b_2.nii.gz,Br40f|Br60f,10,Lung opacity,0.4663383960723877,0x1.dd87d00000000p-2
20260815T231124Z-8e185556,chunk_08,p197_sharper,p197,sharper,valid_810_b_2.nii.gz,Br40f|Br60f,11,Pulmonary fibrotic sequela,0.5313676595687866,0x1.100f6c0000000p-1
20260815T231124Z-8e185556,chunk_08,p197_sharper,p197,sharper,valid_810_b_2.nii.gz,Br40f|Br60f,12,Pleural effusion,0.37764883041381836,0x1.82b6600000000p-2
20260815T231124Z-8e185556,chunk_08,p197_sharper,p197,sharper,valid_810_b_2.nii.gz,Br40f|Br60f,13,Mosaic attenuation pattern,0.46867409348487854,0x1.dfec1a0000000p-2
20260815T231124Z-8e185556,chunk_08,p197_sharper,p197,sharper,valid_810_b_2.nii.gz,Br40f|Br60f,14,Peribronchial thickening,0.5408179759979248,0x1.14e6180000000p-1
20260815T231124Z-8e185556,chunk_08,p197_sharper,p197,sharper,valid_810_b_2.nii.gz,Br40f|Br60f,15,Consolidation,0.47048646211624146,0x1.e1c7340000000p-2
20260815T231124Z-8e185556,chunk_08,p197_sharper,p197,sharper,valid_810_b_2.nii.gz,Br40f|Br60f,16,Bronchiectasis,0.544416606426239,0x1.16bdc60000000p-1
20260815T231124Z-8e185556,chunk_08,p197_sharper,p197,sharper,valid_810_b_2.nii.gz,Br40f|Br60f,17,Interlobular septal thickening,0.4236154556274414,0x1.b1c8400000000p-2
20260815T231124Z-8e185556,chunk_08,p198_softer,p198,softer,valid_813_a_1.nii.gz,Br40f|Br60f,0,Medical material,0.4869525134563446,0x1.f2a3ae0000000p-2
20260815T231124Z-8e185556,chunk_08,p198_softer,p198,softer,valid_813_a_1.nii.gz,Br40f|Br60f,1,Arterial wall calcification,0.40230458974838257,0x1.9bf5bc0000000p-2
20260815T231124Z-8e185556,chunk_08,p198_softer,p198,softer,valid_813_a_1.nii.gz,Br40f|Br60f,2,Cardiomegaly,0.37256646156311035,0x1.7d82100000000p-2
20260815T231124Z-8e185556,chunk_08,p198_softer,p198,softer,valid_813_a_1.nii.gz,Br40f|Br60f,3,Pericardial effusion,0.5167075395584106,0x1.088de40000000p-1
20260815T231124Z-8e185556,chunk_08,p198_softer,p198,softer,valid_813_a_1.nii.gz,Br40f|Br60f,4,Coronary artery wall calcification,0.411237895488739,0x1.a51b8c0000000p-2
20260815T231124Z-8e185556,chunk_08,p198_softer,p198,softer,valid_813_a_1.nii.gz,Br40f|Br60f,5,Hiatal hernia,0.45321038365364075,0x1.d016620000000p-2
20260815T231124Z-8e185556,chunk_08,p198_softer,p198,softer,valid_813_a_1.nii.gz,Br40f|Br60f,6,Lymphadenopathy,0.4611636698246002,0x1.d83b4a0000000p-2
20260815T231124Z-8e185556,chunk_08,p198_softer,p198,softer,valid_813_a_1.nii.gz,Br40f|Br60f,7,Emphysema,0.46937599778175354,0x1.e0a41a0000000p-2
20260815T231124Z-8e185556,chunk_08,p198_softer,p198,softer,valid_813_a_1.nii.gz,Br40f|Br60f,8,Atelectasis,0.4608590006828308,0x1.d7eb6c0000000p-2
20260815T231124Z-8e185556,chunk_08,p198_softer,p198,softer,valid_813_a_1.nii.gz,Br40f|Br60f,9,Lung nodule,0.5013558864593506,0x1.00b1b80000000p-1
20260815T231124Z-8e185556,chunk_08,p198_softer,p198,softer,valid_813_a_1.nii.gz,Br40f|Br60f,10,Lung opacity,0.48970267176628113,0x1.f5749e0000000p-2
20260815T231124Z-8e185556,chunk_08,p198_softer,p198,softer,valid_813_a_1.nii.gz,Br40f|Br60f,11,Pulmonary fibrotic sequela,0.5095908641815186,0x1.04e9180000000p-1
20260815T231124Z-8e185556,chunk_08,p198_softer,p198,softer,valid_813_a_1.nii.gz,Br40f|Br60f,12,Pleural effusion,0.38806790113449097,0x1.8d61ac0000000p-2
20260815T231124Z-8e185556,chunk_08,p198_softer,p198,softer,valid_813_a_1.nii.gz,Br40f|Br60f,13,Mosaic attenuation pattern,0.44076070189476013,0x1.c356c60000000p-2
20260815T231124Z-8e185556,chunk_08,p198_softer,p198,softer,valid_813_a_1.nii.gz,Br40f|Br60f,14,Peribronchial thickening,0.511682391166687,0x1.05fb3c0000000p-1
20260815T231124Z-8e185556,chunk_08,p198_softer,p198,softer,valid_813_a_1.nii.gz,Br40f|Br60f,15,Consolidation,0.5060297846794128,0x1.0316560000000p-1
20260815T231124Z-8e185556,chunk_08,p198_softer,p198,softer,valid_813_a_1.nii.gz,Br40f|Br60f,16,Bronchiectasis,0.5134097337722778,0x1.06dda40000000p-1
20260815T231124Z-8e185556,chunk_08,p198_softer,p198,softer,valid_813_a_1.nii.gz,Br40f|Br60f,17,Interlobular septal thickening,0.4472132921218872,0x1.c9f2480000000p-2
20260815T231124Z-8e185556,chunk_08,p198_sharper,p198,sharper,valid_813_a_2.nii.gz,Br40f|Br60f,0,Medical material,0.493151992559433,0x1.f8fcd60000000p-2
20260815T231124Z-8e185556,chunk_08,p198_sharper,p198,sharper,valid_813_a_2.nii.gz,Br40f|Br60f,1,Arterial wall calcification,0.41130632162094116,0x1.a52d7c0000000p-2
20260815T231124Z-8e185556,chunk_08,p198_sharper,p198,sharper,valid_813_a_2.nii.gz,Br40f|Br60f,2,Cardiomegaly,0.37241092324256897,0x1.7d594a0000000p-2
20260815T231124Z-8e185556,chunk_08,p198_sharper,p198,sharper,valid_813_a_2.nii.gz,Br40f|Br60f,3,Pericardial effusion,0.5211489796638489,0x1.0ad40a0000000p-1
20260815T231124Z-8e185556,chunk_08,p198_sharper,p198,sharper,valid_813_a_2.nii.gz,Br40f|Br60f,4,Coronary artery wall calcification,0.4208427369594574,0x1.aef1660000000p-2
20260815T231124Z-8e185556,chunk_08,p198_sharper,p198,sharper,valid_813_a_2.nii.gz,Br40f|Br60f,5,Hiatal hernia,0.4571625888347626,0x1.d4226e0000000p-2
20260815T231124Z-8e185556,chunk_08,p198_sharper,p198,sharper,valid_813_a_2.nii.gz,Br40f|Br60f,6,Lymphadenopathy,0.46534213423728943,0x1.dc82a60000000p-2
20260815T231124Z-8e185556,chunk_08,p198_sharper,p198,sharper,valid_813_a_2.nii.gz,Br40f|Br60f,7,Emphysema,0.47720134258270264,0x1.e8a7780000000p-2
20260815T231124Z-8e185556,chunk_08,p198_sharper,p198,sharper,valid_813_a_2.nii.gz,Br40f|Br60f,8,Atelectasis,0.4629911482334137,0x1.da1a5a0000000p-2
20260815T231124Z-8e185556,chunk_08,p198_sharper,p198,sharper,valid_813_a_2.nii.gz,Br40f|Br60f,9,Lung nodule,0.5053820610046387,0x1.02c1700000000p-1
20260815T231124Z-8e185556,chunk_08,p198_sharper,p198,sharper,valid_813_a_2.nii.gz,Br40f|Br60f,10,Lung opacity,0.49159762263298035,0x1.f7655e0000000p-2
20260815T231124Z-8e185556,chunk_08,p198_sharper,p198,sharper,valid_813_a_2.nii.gz,Br40f|Br60f,11,Pulmonary fibrotic sequela,0.5156886577606201,0x1.0808580000000p-1
20260815T231124Z-8e185556,chunk_08,p198_sharper,p198,sharper,valid_813_a_2.nii.gz,Br40f|Br60f,12,Pleural effusion,0.38859736919403076,0x1.8dec780000000p-2
20260815T231124Z-8e185556,chunk_08,p198_sharper,p198,sharper,valid_813_a_2.nii.gz,Br40f|Br60f,13,Mosaic attenuation pattern,0.4388008713722229,0x1.c155040000000p-2
20260815T231124Z-8e185556,chunk_08,p198_sharper,p198,sharper,valid_813_a_2.nii.gz,Br40f|Br60f,14,Peribronchial thickening,0.517169177532196,0x1.08ca660000000p-1
20260815T231124Z-8e185556,chunk_08,p198_sharper,p198,sharper,valid_813_a_2.nii.gz,Br40f|Br60f,15,Consolidation,0.50495845079422,0x1.0289ea0000000p-1
20260815T231124Z-8e185556,chunk_08,p198_sharper,p198,sharper,valid_813_a_2.nii.gz,Br40f|Br60f,16,Bronchiectasis,0.5226893424987793,0x1.0b9df00000000p-1
20260815T231124Z-8e185556,chunk_08,p198_sharper,p198,sharper,valid_813_a_2.nii.gz,Br40f|Br60f,17,Interlobular septal thickening,0.4494900405406952,0x1.cc471e0000000p-2
20260815T231124Z-8e185556,chunk_08,p199_softer,p199,softer,valid_815_a_1.nii.gz,Br40f|Br60f,0,Medical material,0.6002922654151917,0x1.3359820000000p-1
20260815T231124Z-8e185556,chunk_08,p199_softer,p199,softer,valid_815_a_1.nii.gz,Br40f|Br60f,1,Arterial wall calcification,0.5795723795890808,0x1.28bdb60000000p-1
20260815T231124Z-8e185556,chunk_08,p199_softer,p199,softer,valid_815_a_1.nii.gz,Br40f|Br60f,2,Cardiomegaly,0.5949387550354004,0x1.309bd00000000p-1
20260815T231124Z-8e185556,chunk_08,p199_softer,p199,softer,valid_815_a_1.nii.gz,Br40f|Br60f,3,Pericardial effusion,0.6405442953109741,0x1.47f56c0000000p-1
20260815T231124Z-8e185556,chunk_08,p199_softer,p199,softer,valid_815_a_1.nii.gz,Br40f|Br60f,4,Coronary artery wall calcification,0.5839395523071289,0x1.2afa200000000p-1
20260815T231124Z-8e185556,chunk_08,p199_softer,p199,softer,valid_815_a_1.nii.gz,Br40f|Br60f,5,Hiatal hernia,0.5180377960205078,0x1.093c400000000p-1
20260815T231124Z-8e185556,chunk_08,p199_softer,p199,softer,valid_815_a_1.nii.gz,Br40f|Br60f,6,Lymphadenopathy,0.5697592496871948,0x1.23b77c0000000p-1
20260815T231124Z-8e185556,chunk_08,p199_softer,p199,softer,valid_815_a_1.nii.gz,Br40f|Br60f,7,Emphysema,0.5270941257476807,0x1.0ddf480000000p-1
20260815T231124Z-8e185556,chunk_08,p199_softer,p199,softer,valid_815_a_1.nii.gz,Br40f|Br60f,8,Atelectasis,0.5659094452857971,0x1.21bee20000000p-1
20260815T231124Z-8e185556,chunk_08,p199_softer,p199,softer,valid_815_a_1.nii.gz,Br40f|Br60f,9,Lung nodule,0.4938143491744995,0x1.f9aa780000000p-2
20260815T231124Z-8e185556,chunk_08,p199_softer,p199,softer,valid_815_a_1.nii.gz,Br40f|Br60f,10,Lung opacity,0.552953839302063,0x1.1b1cc40000000p-1
20260815T231124Z-8e185556,chunk_08,p199_softer,p199,softer,valid_815_a_1.nii.gz,Br40f|Br60f,11,Pulmonary fibrotic sequela,0.5252063274383545,0x1.0ce7d80000000p-1
20260815T231124Z-8e185556,chunk_08,p199_softer,p199,softer,valid_815_a_1.nii.gz,Br40f|Br60f,12,Pleural effusion,0.5993047952651978,0x1.32d8140000000p-1
20260815T231124Z-8e185556,chunk_08,p199_softer,p199,softer,valid_815_a_1.nii.gz,Br40f|Br60f,13,Mosaic attenuation pattern,0.5840203762054443,0x1.2b04b80000000p-1
20260815T231124Z-8e185556,chunk_08,p199_softer,p199,softer,valid_815_a_1.nii.gz,Br40f|Br60f,14,Peribronchial thickening,0.5631890296936035,0x1.205a500000000p-1
20260815T231124Z-8e185556,chunk_08,p199_softer,p199,softer,valid_815_a_1.nii.gz,Br40f|Br60f,15,Consolidation,0.5859585404396057,0x1.2c02c20000000p-1
20260815T231124Z-8e185556,chunk_08,p199_softer,p199,softer,valid_815_a_1.nii.gz,Br40f|Br60f,16,Bronchiectasis,0.5055349469184875,0x1.02d57a0000000p-1
20260815T231124Z-8e185556,chunk_08,p199_softer,p199,softer,valid_815_a_1.nii.gz,Br40f|Br60f,17,Interlobular septal thickening,0.56425940990448,0x1.20e69c0000000p-1
20260815T231124Z-8e185556,chunk_08,p199_sharper,p199,sharper,valid_815_a_2.nii.gz,Br40f|Br60f,0,Medical material,0.6002597212791443,0x1.33553e0000000p-1
20260815T231124Z-8e185556,chunk_08,p199_sharper,p199,sharper,valid_815_a_2.nii.gz,Br40f|Br60f,1,Arterial wall calcification,0.5809980630874634,0x1.2978940000000p-1
20260815T231124Z-8e185556,chunk_08,p199_sharper,p199,sharper,valid_815_a_2.nii.gz,Br40f|Br60f,2,Cardiomegaly,0.5972979664802551,0x1.31d10a0000000p-1
20260815T231124Z-8e185556,chunk_08,p199_sharper,p199,sharper,valid_815_a_2.nii.gz,Br40f|Br60f,3,Pericardial effusion,0.6382439732551575,0x1.46c7ea0000000p-1
20260815T231124Z-8e185556,chunk_08,p199_sharper,p199,sharper,valid_815_a_2.nii.gz,Br40f|Br60f,4,Coronary artery wall calcification,0.5844460725784302,0x1.2b3c840000000p-1
20260815T231124Z-8e185556,chunk_08,p199_sharper,p199,sharper,valid_815_a_2.nii.gz,Br40f|Br60f,5,Hiatal hernia,0.5196506381034851,0x1.0a0fa60000000p-1
20260815T231124Z-8e185556,chunk_08,p199_sharper,p199,sharper,valid_815_a_2.nii.gz,Br40f|Br60f,6,Lymphadenopathy,0.5698832869529724,0x1.23c7be0000000p-1
20260815T231124Z-8e185556,chunk_08,p199_sharper,p199,sharper,valid_815_a_2.nii.gz,Br40f|Br60f,7,Emphysema,0.5272608995437622,0x1.0df5240000000p-1
20260815T231124Z-8e185556,chunk_08,p199_sharper,p199,sharper,valid_815_a_2.nii.gz,Br40f|Br60f,8,Atelectasis,0.5664401650428772,0x1.2204720000000p-1
20260815T231124Z-8e185556,chunk_08,p199_sharper,p199,sharper,valid_815_a_2.nii.gz,Br40f|Br60f,9,Lung nodule,0.4935242235660553,0x1.f95e6a0000000p-2
20260815T231124Z-8e185556,chunk_08,p199_sharper,p199,sharper,valid_815_a_2.nii.gz,Br40f|Br60f,10,Lung opacity,0.5539695620536804,0x1.1ba1e60000000p-1
20260815T231124Z-8e185556,chunk_08,p199_sharper,p199,sharper,valid_815_a_2.nii.gz,Br40f|Br60f,11,Pulmonary fibrotic sequela,0.5249189734458923,0x1.0cc22e0000000p-1
20260815T231124Z-8e185556,chunk_08,p199_sharper,p199,sharper,valid_815_a_2.nii.gz,Br40f|Br60f,12,Pleural effusion,0.5998492240905762,0x1.331f700000000p-1
20260815T231124Z-8e185556,chunk_08,p199_sharper,p199,sharper,valid_815_a_2.nii.gz,Br40f|Br60f,13,Mosaic attenuation pattern,0.5865005254745483,0x1.2c49cc0000000p-1
20260815T231124Z-8e185556,chunk_08,p199_sharper,p199,sharper,valid_815_a_2.nii.gz,Br40f|Br60f,14,Peribronchial thickening,0.5631152391433716,0x1.2050a40000000p-1
20260815T231124Z-8e185556,chunk_08,p199_sharper,p199,sharper,valid_815_a_2.nii.gz,Br40f|Br60f,15,Consolidation,0.5879585146903992,0x1.2d08e60000000p-1
20260815T231124Z-8e185556,chunk_08,p199_sharper,p199,sharper,valid_815_a_2.nii.gz,Br40f|Br60f,16,Bronchiectasis,0.5038934350013733,0x1.01fe520000000p-1
20260815T231124Z-8e185556,chunk_08,p199_sharper,p199,sharper,valid_815_a_2.nii.gz,Br40f|Br60f,17,Interlobular septal thickening,0.5662890672683716,0x1.21f0a40000000p-1
20260815T231124Z-8e185556,chunk_08,p200_softer,p200,softer,valid_815_b_1.nii.gz,Br40f|Br60f,0,Medical material,0.5993568301200867,0x1.32dee60000000p-1
20260815T231124Z-8e185556,chunk_08,p200_softer,p200,softer,valid_815_b_1.nii.gz,Br40f|Br60f,1,Arterial wall calcification,0.5818703770637512,0x1.29eaea0000000p-1
20260815T231124Z-8e185556,chunk_08,p200_softer,p200,softer,valid_815_b_1.nii.gz,Br40f|Br60f,2,Cardiomegaly,0.6019328832626343,0x1.34308c0000000p-1
20260815T231124Z-8e185556,chunk_08,p200_softer,p200,softer,valid_815_b_1.nii.gz,Br40f|Br60f,3,Pericardial effusion,0.6365808844566345,0x1.45edee0000000p-1
20260815T231124Z-8e185556,chunk_08,p200_softer,p200,softer,valid_815_b_1.nii.gz,Br40f|Br60f,4,Coronary artery wall calcification,0.5863363742828369,0x1.2c34480000000p-1
20260815T231124Z-8e185556,chunk_08,p200_softer,p200,softer,valid_815_b_1.nii.gz,Br40f|Br60f,5,Hiatal hernia,0.5177071690559387,0x1.0910ea0000000p-1
20260815T231124Z-8e185556,chunk_08,p200_softer,p200,softer,valid_815_b_1.nii.gz,Br40f|Br60f,6,Lymphadenopathy,0.5716091394424438,0x1.24a9f40000000p-1
20260815T231124Z-8e185556,chunk_08,p200_softer,p200,softer,valid_815_b_1.nii.gz,Br40f|Br60f,7,Emphysema,0.5274525880813599,0x1.0e0e440000000p-1
20260815T231124Z-8e185556,chunk_08,p200_softer,p200,softer,valid_815_b_1.nii.gz,Br40f|Br60f,8,Atelectasis,0.5664539337158203,0x1.2206400000000p-1
20260815T231124Z-8e185556,chunk_08,p200_softer,p200,softer,valid_815_b_1.nii.gz,Br40f|Br60f,9,Lung nodule,0.49386468529701233,0x1.f9b7aa0000000p-2
20260815T231124Z-8e185556,chunk_08,p200_softer,p200,softer,valid_815_b_1.nii.gz,Br40f|Br60f,10,Lung opacity,0.5504528284072876,0x1.19d4f40000000p-1
20260815T231124Z-8e185556,chunk_08,p200_softer,p200,softer,valid_815_b_1.nii.gz,Br40f|Br60f,11,Pulmonary fibrotic sequela,0.5235658288002014,0x1.0c10d20000000p-1
20260815T231124Z-8e185556,chunk_08,p200_softer,p200,softer,valid_815_b_1.nii.gz,Br40f|Br60f,12,Pleural effusion,0.6001424789428711,0x1.3345e00000000p-1
20260815T231124Z-8e185556,chunk_08,p200_softer,p200,softer,valid_815_b_1.nii.gz,Br40f|Br60f,13,Mosaic attenuation pattern,0.5856139659881592,0x1.2bd5980000000p-1
20260815T231124Z-8e185556,chunk_08,p200_softer,p200,softer,valid_815_b_1.nii.gz,Br40f|Br60f,14,Peribronchial thickening,0.5604745745658875,0x1.1ef6860000000p-1
20260815T231124Z-8e185556,chunk_08,p200_softer,p200,softer,valid_815_b_1.nii.gz,Br40f|Br60f,15,Consolidation,0.5829601883888245,0x1.2a79c20000000p-1
20260815T231124Z-8e185556,chunk_08,p200_softer,p200,softer,valid_815_b_1.nii.gz,Br40f|Br60f,16,Bronchiectasis,0.500538170337677,0x1.00468a0000000p-1
20260815T231124Z-8e185556,chunk_08,p200_softer,p200,softer,valid_815_b_1.nii.gz,Br40f|Br60f,17,Interlobular septal thickening,0.5624308586120605,0x1.1ff6f00000000p-1
20260815T231124Z-8e185556,chunk_08,p200_sharper,p200,sharper,valid_815_b_2.nii.gz,Br40f|Br60f,0,Medical material,0.6013888120651245,0x1.33e93c0000000p-1
20260815T231124Z-8e185556,chunk_08,p200_sharper,p200,sharper,valid_815_b_2.nii.gz,Br40f|Br60f,1,Arterial wall calcification,0.5834671258926392,0x1.2abc340000000p-1
20260815T231124Z-8e185556,chunk_08,p200_sharper,p200,sharper,valid_815_b_2.nii.gz,Br40f|Br60f,2,Cardiomegaly,0.6028921008110046,0x1.34ae460000000p-1
20260815T231124Z-8e185556,chunk_08,p200_sharper,p200,sharper,valid_815_b_2.nii.gz,Br40f|Br60f,3,Pericardial effusion,0.6365522146224976,0x1.45ea2c0000000p-1
20260815T231124Z-8e185556,chunk_08,p200_sharper,p200,sharper,valid_815_b_2.nii.gz,Br40f|Br60f,4,Coronary artery wall calcification,0.5879935026168823,0x1.2d0d7c0000000p-1
20260815T231124Z-8e185556,chunk_08,p200_sharper,p200,sharper,valid_815_b_2.nii.gz,Br40f|Br60f,5,Hiatal hernia,0.5188373327255249,0x1.09a50c0000000p-1
20260815T231124Z-8e185556,chunk_08,p200_sharper,p200,sharper,valid_815_b_2.nii.gz,Br40f|Br60f,6,Lymphadenopathy,0.5713028907775879,0x1.2481d00000000p-1
20260815T231124Z-8e185556,chunk_08,p200_sharper,p200,sharper,valid_815_b_2.nii.gz,Br40f|Br60f,7,Emphysema,0.5278438925743103,0x1.0e418e0000000p-1
20260815T231124Z-8e185556,chunk_08,p200_sharper,p200,sharper,valid_815_b_2.nii.gz,Br40f|Br60f,8,Atelectasis,0.5674315690994263,0x1.2286640000000p-1
20260815T231124Z-8e185556,chunk_08,p200_sharper,p200,sharper,valid_815_b_2.nii.gz,Br40f|Br60f,9,Lung nodule,0.49490872025489807,0x1.fac95a0000000p-2
20260815T231124Z-8e185556,chunk_08,p200_sharper,p200,sharper,valid_815_b_2.nii.gz,Br40f|Br60f,10,Lung opacity,0.5516284108161926,0x1.1a6f0a0000000p-1
20260815T231124Z-8e185556,chunk_08,p200_sharper,p200,sharper,valid_815_b_2.nii.gz,Br40f|Br60f,11,Pulmonary fibrotic sequela,0.5241290926933289,0x1.0c5aa60000000p-1
20260815T231124Z-8e185556,chunk_08,p200_sharper,p200,sharper,valid_815_b_2.nii.gz,Br40f|Br60f,12,Pleural effusion,0.6009594798088074,0x1.33b0f60000000p-1
20260815T231124Z-8e185556,chunk_08,p200_sharper,p200,sharper,valid_815_b_2.nii.gz,Br40f|Br60f,13,Mosaic attenuation pattern,0.5847988128662109,0x1.2b6ac00000000p-1
20260815T231124Z-8e185556,chunk_08,p200_sharper,p200,sharper,valid_815_b_2.nii.gz,Br40f|Br60f,14,Peribronchial thickening,0.5608730316162109,0x1.1f2ac00000000p-1
20260815T231124Z-8e185556,chunk_08,p200_sharper,p200,sharper,valid_815_b_2.nii.gz,Br40f|Br60f,15,Consolidation,0.5836125612258911,0x1.2acf440000000p-1
20260815T231124Z-8e185556,chunk_08,p200_sharper,p200,sharper,valid_815_b_2.nii.gz,Br40f|Br60f,16,Bronchiectasis,0.5002975463867188,0x1.0027000000000p-1
20260815T231124Z-8e185556,chunk_08,p200_sharper,p200,sharper,valid_815_b_2.nii.gz,Br40f|Br60f,17,Interlobular septal thickening,0.5630471706390381,0x1.2047b80000000p-1
