session_id,chunk,execution,pair_id,role,volume_name,stratum,head_index,head_name,score,score_hex
20260815T180544Z-f80be290,chunk_01,p001_softer,p001,softer,valid_1004_a_1.nii.gz,Br40f|Br60f,0,Medical material,0.5627798438072205,0x1.2024ae0000000p-1
20260815T180544Z-f80be290,chunk_01,p001_softer,p001,softer,valid_1004_a_1.nii.gz,Br40f|Br60f,1,Arterial wall calcification,0.5413386225700378,0x1.152a560000000p-1
20260815T180544Z-f80be290,chunk_01,p001_softer,p001,softer,valid_1004_a_1.nii.gz,Br40f|Br60f,2,Cardiomegaly,0.48805537819862366,0x1.f3c4ca0000000p-2
20260815T180544Z-f80be290,chunk_01,p001_softer,p001,softer,valid_1004_a_1.nii.gz,Br40f|Br60f,3,Pericardial effusion,0.5681429505348206,0x1.22e3a20000000p-1
20260815T180544Z-f80be290,chunk_01,p001_softer,p001,softer,valid_1004_a_1.nii.gz,Br40f|Br60f,4,Coronary artery wall calcification,0.5618727207183838,0x1.1fadc80000000p-1
20260815T180544Z-f80be290,chunk_01,p001_softer,p001,softer,valid_1004_a_1.nii.gz,Br40f|Br60f,5,Hiatal hernia,0.5130965709686279,0x1.06b4980000000p-1
20260815T180544Z-f80be290,chunk_01,p001_softer,p001,softer,valid_1004_a_1.nii.gz,Br40f|Br60f,6,Lymphadenopathy,0.5424378514289856,0x1.15ba6a0000000p-1
20260815T180544Z-f80be290,chunk_01,p001_softer,p001,softer,valid_1004_a_1.nii.gz,Br40f|Br60f,7,Emphysema,0.5249944925308228,0x1.0ccc140000000p-1
20260815T180544Z-f80be290,chunk_01,p001_softer,p001,softer,valid_1004_a_1.nii.gz,Br40f|Br60f,8,Atelectasis,0.5304794907569885,0x1.0f9b020000000p-1
20260815T180544Z-f80be290,chunk_01,p001_softer,p001,softer,valid_1004_a_1.nii.gz,Br40f|Br60f,9,Lung nodule,0.5271278619766235,0x1.0de3b40000000p-1
20260815T180544Z-f80be290,chunk_01,p001_softer,p001,softer,valid_1004_a_1.nii.gz,Br40f|Br60f,10,Lung opacity,0.5074312090873718,0x1.03ce060000000p-1
20260815T180544Z-f80be290,chunk_01,p001_softer,p001,softer,valid_1004_a_1.nii.gz,Br40f|Br60f,11,Pulmonary fibrotic sequela,0.5477117300033569,0x1.186dac0000000p-1
20260815T180544Z-f80be290,chunk_01,p001_softer,p001,softer,valid_1004_a_1.nii.gz,Br40f|Br60f,12,Pleural effusion,0.46744874119758606,0x1.deaae20000000p-2
20260815T180544Z-f80be290,chunk_01,p001_softer,p001,softer,valid_1004_a_1.nii.gz,Br40f|Br60f,13,Mosaic attenuation pattern,0.5296174883842468,0x1.0f2a060000000p-1
20260815T180544Z-f80be290,chunk_01,p001_softer,p001,softer,valid_1004_a_1.nii.gz,Br40f|Br60f,14,Peribronchial thickening,0.5907067060470581,0x1.2e711c0000000p-1
20260815T180544Z-f80be290,chunk_01,p001_softer,p001,softer,valid_1004_a_1.nii.gz,Br40f|Br60f,15,Consolidation,0.526577353477478,0x1.0d9b8c0000000p-1
20260815T180544Z-f80be290,chunk_01,p001_softer,p001,softer,valid_1004_a_1.nii.gz,Br40f|Br60f,16,Bronchiectasis,0.5546408891677856,0x1.1bf9e40000000p-1
20260815T180544Z-f80be290,chunk_01,p001_softer,p001,softer,valid_1004_a_1.nii.gz,Br40f|Br60f,17,Interlobular septal thickening,0.49660924077033997,0x1.fc87220000000p-2
20260815T180544Z-f80be290,chunk_01,p001_sharper,p001,sharper,valid_1004_a_2.nii.gz,Br40f|Br60f,0,Medical material,0.5593186616897583,0x1.1e5f040000000p-1
20260815T180544Z-f80be290,chunk_01,p001_sharper,p001,sharper,valid_1004_a_2.nii.gz,Br40f|Br60f,1,Arterial wall calcification,0.5399004817008972,0x1.146dd60000000p-1
20260815T180544Z-f80be290,chunk_01,p001_sharper,p001,sharper,valid_1004_a_2.nii.gz,Br40f|Br60f,2,Cardiomegaly,0.4865250289440155,0x1.f2339e0000000p-2
20260815T180544Z-f80be290,chunk_01,p001_sharper,p001,sharper,valid_1004_a_2.nii.gz,Br40f|Br60f,3,Pericardial effusion,0.5621302723884583,0x1.1fcf8a0000000p-1
20260815T180544Z-f80be290,chunk_01,p001_sharper,p001,sharper,valid_1004_a_2.nii.gz,Br40f|Br60f,4,Coronary artery wall calcification,0.5595849752426147,0x1.1e81ec0000000p-1
20260815T180544Z-f80be290,chunk_01,p001_sharper,p001,sharper,valid_1004_a_2.nii.gz,Br40f|Br60f,5,Hiatal hernia,0.512567937374115,0x1.066f4e0000000p-1
20260815T180544Z-f80be290,chunk_01,p001_sharper,p001,sharper,valid_1004_a_2.nii.gz,Br40f|Br60f,6,Lymphadenopathy,0.5385419130325317,0x1.13bbc40000000p-1
20260815T180544Z-f80be290,chunk_01,p001_sharper,p001,sharper,valid_1004_a_2.nii.gz,Br40f|Br60f,7,Emphysema,0.5256870985031128,0x1.0d26dc0000000p-1
20260815T180544Z-f80be290,chunk_01,p001_sharper,p001,sharper,valid_1004_a_2.nii.gz,Br40f|Br60f,8,Atelectasis,0.528029203414917,0x1.0e59d80000000p-1
20260815T180544Z-f80be290,chunk_01,p001_sharper,p001,sharper,valid_1004_a_2.nii.gz,Br40f|Br60f,9,Lung nodule,0.5280095934867859,0x1.0e57460000000p-1
20260815T180544Z-f80be290,chunk_01,p001_sharper,p001,sharper,valid_1004_a_2.nii.gz,Br40f|Br60f,10,Lung opacity,0.5040073394775391,0x1.020d400000000p-1
20260815T180544Z-f80be290,chunk_01,p001_sharper,p001,sharper,valid_1004_a_2.nii.gz,Br40f|Br60f,11,Pulmonary fibrotic sequela,0.5487132668495178,0x1.18f0f20000000p-1
20260815T180544Z-f80be290,chunk_01,p001_sharper,p001,sharper,valid_1004_a_2.nii.gz,Br40f|Br60f,12,Pleural effusion,0.4604460597038269,0x1.d77f2c0000000p-2
20260815T180544Z-f80be290,chunk_01,p001_sharper,p001,sharper,valid_1004_a_2.nii.gz,Br40f|Br60f,13,Mosaic attenuation pattern,0.5291841626167297,0x1.0ef13a0000000p-1
20260815T180544Z-f80be290,chunk_01,p001_sharper,p001,sharper,valid_1004_a_2.nii.gz,Br40f|Br60f,14,Peribronchial thickening,0.5896790027618408,0x1.2dea680000000p-1
20260815T180544Z-f80be290,chunk_01,p001_sharper,p001,sharper,valid_1004_a_2.nii.gz,Br40f|Br60f,15,Consolidation,0.5204232335090637,0x1.0a74ea0000000p-1
20260815T180544Z-f80be290,chunk_01,p001_sharper,p001,sharper,valid_1004_a_2.nii.gz,Br40f|Br60f,16,Bronchiectasis,0.5552260279655457,0x1.1c46960000000p-1
20260815T180544Z-f80be290,chunk_01,p001_sharper,p001,sharper,valid_1004_a_2.nii.gz,Br40f|Br60f,17,Interlobular septal thickening,0.4935859739780426,0x1.f96e9a0000000p-2
20260815T180544Z-f80be290,chunk_01,p002_softer,p002,softer,valid_100_a_1.nii.gz,Br40f|Br60f,0,Medical material,0.6027699112892151,0x1.349e420000000p-1
20260815T180544Z-f80be290,chunk_01,p002_softer,p002,softer,valid_100_a_1.nii.gz,Br40f|Br60f,1,Arterial wall calcification,0.5997875332832336,0x1.33175a0000000p-1
20260815T180544Z-f80be290,chunk_01,p002_softer,p002,softer,valid_100_a_1.nii.gz,Br40f|Br60f,2,Cardiomegaly,0.6172103881835938,0x1.3c03000000000p-1
20260815T180544Z-f80be290,chunk_01,p002_softer,p002,softer,valid_100_a_1.nii.gz,Br40f|Br60f,3,Pericardial effusion,0.6326367259025574,0x1.43e8f60000000p-1
20260815T180544Z-f80be290,chunk_01,p002_softer,p002,softer,valid_100_a_1.nii.gz,Br40f|Br60f,4,Coronary artery wall calcification,0.6066340804100037,0x1.3698be0000000p-1
20260815T180544Z-f80be290,chunk_01,p002_softer,p002,softer,valid_100_a_1.nii.gz,Br40f|Br60f,5,Hiatal hernia,0.5269938707351685,0x1.0dd2240000000p-1
20260815T180544Z-f80be290,chunk_01,p002_softer,p002,softer,valid_100_a_1.nii.gz,Br40f|Br60f,6,Lymphadenopathy,0.5803337097167969,0x1.2921800000000p-1
20260815T180544Z-f80be290,chunk_01,p002_softer,p002,softer,valid_100_a_1.nii.gz,Br40f|Br60f,7,Emphysema,0.5401459336280823,0x1.148e020000000p-1
20260815T180544Z-f80be290,chunk_01,p002_softer,p002,softer,valid_100_a_1.nii.gz,Br40f|Br60f,8,Atelectasis,0.5704331994056702,0x1.240fd20000000p-1
20260815T180544Z-f80be290,chunk_01,p002_softer,p002,softer,valid_100_a_1.nii.gz,Br40f|Br60f,9,Lung nodule,0.49781790375709534,0x1.fdc3fa0000000p-2
20260815T180544Z-f80be290,chunk_01,p002_softer,p002,softer,valid_100_a_1.nii.gz,Br40f|Br60f,10,Lung opacity,0.5530297160148621,0x1.1b26b60000000p-1
20260815T180544Z-f80be290,chunk_01,p002_softer,p002,softer,valid_100_a_1.nii.gz,Br40f|Br60f,11,Pulmonary fibrotic sequela,0.5314475297927856,0x1.1019e40000000p-1
20260815T180544Z-f80be290,chunk_01,p002_softer,p002,softer,valid_100_a_1.nii.gz,Br40f|Br60f,12,Pleural effusion,0.6046285629272461,0x1.3591e00000000p-1
20260815T180544Z-f80be290,chunk_01,p002_softer,p002,softer,valid_100_a_1.nii.gz,Br40f|Br60f,13,Mosaic attenuation pattern,0.5895946621894836,0x1.2ddf5a0000000p-1
20260815T180544Z-f80be290,chunk_01,p002_softer,p002,softer,valid_100_a_1.nii.gz,Br40f|Br60f,14,Peribronchial thickening,0.5740621089935303,0x1.25eb780000000p-1
20260815T180544Z-f80be290,chunk_01,p002_softer,p002,softer,valid_100_a_1.nii.gz,Br40f|Br60f,15,Consolidation,0.5818707942962646,0x1.29eaf80000000p-1
20260815T180544Z-f80be290,chunk_01,p002_softer,p002,softer,valid_100_a_1.nii.gz,Br40f|Br60f,16,Bronchiectasis,0.5153313279151917,0x1.07d9820000000p-1
20260815T180544Z-f80be290,chunk_01,p002_softer,p002,softer,valid_100_a_1.nii.gz,Br40f|Br60f,17,Interlobular septal thickening,0.5715551972389221,0x1.24a2e20000000p-1
20260815T180544Z-f80be290,chunk_01,p002_sharper,p002,sharper,valid_100_a_2.nii.gz,Br40f|Br60f,0,Medical material,0.6026313900947571,0x1.348c1a0000000p-1
20260815T180544Z-f80be290,chunk_01,p002_sharper,p002,sharper,valid_100_a_2.nii.gz,Br40f|Br60f,1,Arterial wall calcification,0.59981769323349,0x1.331b4e0000000p-1
20260815T180544Z-f80be290,chunk_01,p002_sharper,p002,sharper,valid_100_a_2.nii.gz,Br40f|Br60f,2,Cardiomegaly,0.6179701089859009,0x1.3c66940000000p-1
20260815T180544Z-f80be290,chunk_01,p002_sharper,p002,sharper,valid_100_a_2.nii.gz,Br40f|Br60f,3,Pericardial effusion,0.6319278478622437,0x1.438c0c0000000p-1
20260815T180544Z-f80be290,chunk_01,p002_sharper,p002,sharper,valid_100_a_2.nii.gz,Br40f|Br60f,4,Coronary artery wall calcification,0.6066269278526306,0x1.3697ce0000000p-1
20260815T180544Z-f80be290,chunk_01,p002_sharper,p002,sharper,valid_100_a_2.nii.gz,Br40f|Br60f,5,Hiatal hernia,0.5268057584762573,0x1.0db97c0000000p-1
20260815T180544Z-f80be290,chunk_01,p002_sharper,p002,sharper,valid_100_a_2.nii.gz,Br40f|Br60f,6,Lymphadenopathy,0.5803480744361877,0x1.2923620000000p-1
20260815T180544Z-f80be290,chunk_01,p002_sharper,p002,sharper,valid_100_a_2.nii.gz,Br40f|Br60f,7,Emphysema,0.5401511192321777,0x1.148eb00000000p-1
20260815T180544Z-f80be290,chunk_01,p002_sharper,p002,sharper,valid_100_a_2.nii.gz,Br40f|Br60f,8,Atelectasis,0.570229172706604,0x1.23f5140000000p-1
20260815T180544Z-f80be290,chunk_01,p002_sharper,p002,sharper,valid_100_a_2.nii.gz,Br40f|Br60f,9,Lung nodule,0.4975637197494507,0x1.fd81580000000p-2
20260815T180544Z-f80be290,chunk_01,p002_sharper,p002,sharper,valid_100_a_2.nii.gz,Br40f|Br60f,10,Lung opacity,0.5530315637588501,0x1.1b26f40000000p-1
20260815T180544Z-f80be290,chunk_01,p002_sharper,p002,sharper,valid_100_a_2.nii.gz,Br40f|Br60f,11,Pulmonary fibrotic sequela,0.5314851999282837,0x1.101ed40000000p-1
20260815T180544Z-f80be290,chunk_01,p002_sharper,p002,sharper,valid_100_a_2.nii.gz,Br40f|Br60f,12,Pleural effusion,0.6043955683708191,0x1.3573560000000p-1
20260815T180544Z-f80be290,chunk_01,p002_sharper,p002,sharper,valid_100_a_2.nii.gz,Br40f|Br60f,13,Mosaic attenuation pattern,0.5903803706169128,0x1.2e46560000000p-1
20260815T180544Z-f80be290,chunk_01,p002_sharper,p002,sharper,valid_100_a_2.nii.gz,Br40f|Br60f,14,Peribronchial thickening,0.5743939876556396,0x1.2616f80000000p-1
20260815T180544Z-f80be290,chunk_01,p002_sharper,p002,sharper,valid_100_a_2.nii.gz,Br40f|Br60f,15,Consolidation,0.5816966891288757,0x1.29d4260000000p-1
20260815T180544Z-f80be290,chunk_01,p002_sharper,p002,sharper,valid_100_a_2.nii.gz,Br40f|Br60f,16,Bronchiectasis,0.5150008201599121,0x1.07ae300000000p-1
20260815T180544Z-f80be290,chunk_01,p002_sharper,p002,sharper,valid_100_a_2.nii.gz,Br40f|Br60f,17,Interlobular septal thickening,0.5717728137969971,0x1.24bf680000000p-1
20260815T180544Z-f80be290,chunk_01,p003_softer,p003,softer,valid_1016_c_1.nii.gz,Br40f|Br60f,0,Medical material,0.6011194586753845,0x1.33c5ee0000000p-1
20260815T180544Z-f80be290,chunk_01,p003_softer,p003,softer,valid_1016_c_1.nii.gz,Br40f|Br60f,1,Arterial wall calcification,0.5946386456489563,0x1.30747a0000000p-1
20260815T180544Z-f80be290,chunk_01,p003_softer,p003,softer,valid_1016_c_1.nii.gz,Br40f|Br60f,2,Cardiomegaly,0.60687255859375,0x1.36b8000000000p-1
20260815T180544Z-f80be290,chunk_01,p003_softer,p003,softer,valid_1016_c_1.nii.gz,Br40f|Br60f,3,Pericardial effusion,0.6363402605056763,0x1.45ce640000000p-1
20260815T180544Z-f80be290,chunk_01,p003_softer,p003,softer,valid_1016_c_1.nii.gz,Br40f|Br60f,4,Coronary artery wall calcification,0.6014349460601807,0x1.33ef480000000p-1
20260815T180544Z-f80be290,chunk_01,p003_softer,p003,softer,valid_1016_c_1.nii.gz,Br40f|Br60f,5,Hiatal hernia,0.5209214687347412,0x1.0ab6380000000p-1
20260815T180544Z-f80be290,chunk_01,p003_softer,p003,softer,valid_1016_c_1.nii.gz,Br40f|Br60f,6,Lymphadenopathy,0.5796381235122681,0x1.28c6540000000p-1
20260815T180544Z-f80be290,chunk_01,p003_softer,p003,softer,valid_1016_c_1.nii.gz,Br40f|Br60f,7,Emphysema,0.5391533970832825,0x1.140bea0000000p-1
20260815T180544Z-f80be290,chunk_01,p003_softer,p003,softer,valid_1016_c_1.nii.gz,Br40f|Br60f,8,Atelectasis,0.5686747431755066,0x1.2329560000000p-1
20260815T180544Z-f80be290,chunk_01,p003_softer,p003,softer,valid_1016_c_1.nii.gz,Br40f|Br60f,9,Lung nodule,0.4968337118625641,0x1.fcc1fa0000000p-2
20260815T180544Z-f80be290,chunk_01,p003_softer,p003,softer,valid_1016_c_1.nii.gz,Br40f|Br60f,10,Lung opacity,0.5566633343696594,0x1.1d02fa0000000p-1
20260815T180544Z-f80be290,chunk_01,p003_softer,p003,softer,valid_1016_c_1.nii.gz,Br40f|Br60f,11,Pulmonary fibrotic sequela,0.5307701826095581,0x1.0fc11c0000000p-1
20260815T180544Z-f80be290,chunk_01,p003_softer,p003,softer,valid_1016_c_1.nii.gz,Br40f|Br60f,12,Pleural effusion,0.6101711988449097,0x1.38685c0000000p-1
20260815T180544Z-f80be290,chunk_01,p003_softer,p003,softer,valid_1016_c_1.nii.gz,Br40f|Br60f,13,Mosaic attenuation pattern,0.5796502828598022,0x1.28c7ec0000000p-1
20260815T180544Z-f80be290,chunk_01,p003_softer,p003,softer,valid_1016_c_1.nii.gz,Br40f|Br60f,14,Peribronchial thickening,0.5763024687767029,0x1.27111e0000000p-1
20260815T180544Z-f80be290,chunk_01,p003_softer,p003,softer,valid_1016_c_1.nii.gz,Br40f|Br60f,15,Consolidation,0.5882130265235901,0x1.2d2a420000000p-1
20260815T180544Z-f80be290,chunk_01,p003_softer,p003,softer,valid_1016_c_1.nii.gz,Br40f|Br60f,16,Bronchiectasis,0.5156489014625549,0x1.0803220000000p-1
20260815T180544Z-f80be290,chunk_01,p003_softer,p003,softer,valid_1016_c_1.nii.gz,Br40f|Br60f,17,Interlobular septal thickening,0.5743793249130249,0x1.26150c0000000p-1
20260815T180544Z-f80be290,chunk_01,p003_sharper,p003,sharper,valid_1016_c_2.nii.gz,Br40f|Br60f,0,Medical material,0.6006085276603699,0x1.3382f60000000p-1
20260815T180544Z-f80be290,chunk_01,p003_sharper,p003,sharper,valid_1016_c_2.nii.gz,Br40f|Br60f,1,Arterial wall calcification,0.5944031476974487,0x1.30559c0000000p-1
20260815T180544Z-f80be290,chunk_01,p003_sharper,p003,sharper,valid_1016_c_2.nii.gz,Br40f|Br60f,2,Cardiomegaly,0.6060446500778198,0x1.364b7c0000000p-1
20260815T180544Z-f80be290,chunk_01,p003_sharper,p003,sharper,valid_1016_c_2.nii.gz,Br40f|Br60f,3,Pericardial effusion,0.6360105872154236,0x1.45a32e0000000p-1
20260815T180544Z-f80be290,chunk_01,p003_sharper,p003,sharper,valid_1016_c_2.nii.gz,Br40f|Br60f,4,Coronary artery wall calcification,0.6012763381004333,0x1.33da7e0000000p-1
20260815T180544Z-f80be290,chunk_01,p003_sharper,p003,sharper,valid_1016_c_2.nii.gz,Br40f|Br60f,5,Hiatal hernia,0.5211792588233948,0x1.0ad8020000000p-1
20260815T180544Z-f80be290,chunk_01,p003_sharper,p003,sharper,valid_1016_c_2.nii.gz,Br40f|Br60f,6,Lymphadenopathy,0.5795812606811523,0x1.28bee00000000p-1
20260815T180544Z-f80be290,chunk_01,p003_sharper,p003,sharper,valid_1016_c_2.nii.gz,Br40f|Br60f,7,Emphysema,0.5390090942382812,0x1.13f9000000000p-1
20260815T180544Z-f80be290,chunk_01,p003_sharper,p003,sharper,valid_1016_c_2.nii.gz,Br40f|Br60f,8,Atelectasis,0.5682491064071655,0x1.22f18c0000000p-1
20260815T180544Z-f80be290,chunk_01,p003_sharper,p003,sharper,valid_1016_c_2.nii.gz,Br40f|Br60f,9,Lung nodule,0.49695122241973877,0x1.fce0c80000000p-2
20260815T180544Z-f80be290,chunk_01,p003_sharper,p003,sharper,valid_1016_c_2.nii.gz,Br40f|Br60f,10,Lung opacity,0.5572943091392517,0x1.1d55ae0000000p-1
20260815T180544Z-f80be290,chunk_01,p003_sharper,p003,sharper,valid_1016_c_2.nii.gz,Br40f|Br60f,11,Pulmonary fibrotic sequela,0.5307450890541077,0x1.0fbdd20000000p-1
20260815T180544Z-f80be290,chunk_01,p003_sharper,p003,sharper,valid_1016_c_2.nii.gz,Br40f|Br60f,12,Pleural effusion,0.610012412071228,0x1.38538c0000000p-1
20260815T180544Z-f80be290,chunk_01,p003_sharper,p003,sharper,valid_1016_c_2.nii.gz,Br40f|Br60f,13,Mosaic attenuation pattern,0.5775356888771057,0x1.27b2c20000000p-1
20260815T180544Z-f80be290,chunk_01,p003_sharper,p003,sharper,valid_1016_c_2.nii.gz,Br40f|Br60f,14,Peribronchial thickening,0.5753519535064697,0x1.2694880000000p-1
20260815T180544Z-f80be290,chunk_01,p003_sharper,p003,sharper,valid_1016_c_2.nii.gz,Br40f|Br60f,15,Consolidation,0.5893675684928894,0x1.2dc1960000000p-1
20260815T180544Z-f80be290,chunk_01,p003_sharper,p003,sharper,valid_1016_c_2.nii.gz,Br40f|Br60f,16,Bronchiectasis,0.5156967639923096,0x1.0809680000000p-1
20260815T180544Z-f80be290,chunk_01,p003_sharper,p003,sharper,valid_1016_c_2.nii.gz,Br40f|Br60f,17,Interlobular septal thickening,0.5747297406196594,0x1.2642fa0000000p-1
20260815T180544Z-f80be290,chunk_01,p004_softer,p004,softer,valid_1016_d_1.nii.gz,Br40f|Br60f,0,Medical material,0.596320629119873,0x1.3150f00000000p-1
20260815T180544Z-f80be290,chunk_01,p004_softer,p004,softer,valid_1016_d_1.nii.gz,Br40f|Br60f,1,Arterial wall calcification,0.5948876142501831,0x1.30951c0000000p-1
20260815T180544Z-f80be290,chunk_01,p004_softer,p004,softer,valid_1016_d_1.nii.gz,Br40f|Br60f,2,Cardiomegaly,0.5765649080276489,0x1.2733840000000p-1
20260815T180544Z-f80be290,chunk_01,p004_softer,p004,softer,valid_1016_d_1.nii.gz,Br40f|Br60f,3,Pericardial effusion,0.6362738609313965,0x1.45c5b00000000p-1
20260815T180544Z-f80be290,chunk_01,p004_softer,p004,softer,valid_1016_d_1.nii.gz,Br40f|Br60f,4,Coronary artery wall calcification,0.6039305925369263,0x1.3536640000000p-1
20260815T180544Z-f80be290,chunk_01,p004_softer,p004,softer,valid_1016_d_1.nii.gz,Br40f|Br60f,5,Hiatal hernia,0.5277693271636963,0x1.0e37c80000000p-1
20260815T180544Z-f80be290,chunk_01,p004_softer,p004,softer,valid_1016_d_1.nii.gz,Br40f|Br60f,6,Lymphadenopathy,0.5765446424484253,0x1.2730dc0000000p-1
20260815T180544Z-f80be290,chunk_01,p004_softer,p004,softer,valid_1016_d_1.nii.gz,Br40f|Br60f,7,Emphysema,0.5482844710350037,0x1.18b8be0000000p-1
20260815T180544Z-f80be290,chunk_01,p004_softer,p004,softer,valid_1016_d_1.nii.gz,Br40f|Br60f,8,Atelectasis,0.5677242875099182,0x1.22acc20000000p-1
20260815T180544Z-f80be290,chunk_01,p004_softer,p004,softer,valid_1016_d_1.nii.gz,Br40f|Br60f,9,Lung nodule,0.5096774697303772,0x1.04f4720000000p-1
20260815T180544Z-f80be290,chunk_01,p004_softer,p004,softer,valid_1016_d_1.nii.gz,Br40f|Br60f,10,Lung opacity,0.5462824702262878,0x1.17b2560000000p-1
20260815T180544Z-f80be290,chunk_01,p004_softer,p004,softer,valid_1016_d_1.nii.gz,Br40f|Br60f,11,Pulmonary fibrotic sequela,0.5453207492828369,0x1.1734480000000p-1
20260815T180544Z-f80be290,chunk_01,p004_softer,p004,softer,valid_1016_d_1.nii.gz,Br40f|Br60f,12,Pleural effusion,0.5737444758415222,0x1.25c1d60000000p-1
20260815T180544Z-f80be290,chunk_01,p004_softer,p004,softer,valid_1016_d_1.nii.gz,Br40f|Br60f,13,Mosaic attenuation pattern,0.5644236207008362,0x1.20fc220000000p-1
20260815T180544Z-f80be290,chunk_01,p004_softer,p004,softer,valid_1016_d_1.nii.gz,Br40f|Br60f,14,Peribronchial thickening,0.5800873637199402,0x1.2901360000000p-1
20260815T180544Z-f80be290,chunk_01,p004_softer,p004,softer,valid_1016_d_1.nii.gz,Br40f|Br60f,15,Consolidation,0.5714918971061707,0x1.249a960000000p-1
20260815T180544Z-f80be290,chunk_01,p004_softer,p004,softer,valid_1016_d_1.nii.gz,Br40f|Br60f,16,Bronchiectasis,0.5363538265228271,0x1.129cf80000000p-1
20260815T180544Z-f80be290,chunk_01,p004_softer,p004,softer,valid_1016_d_1.nii.gz,Br40f|Br60f,17,Interlobular septal thickening,0.5522947907447815,0x1.1ac6620000000p-1
20260815T180544Z-f80be290,chunk_01,p004_sharper,p004,sharper,valid_1016_d_2.nii.gz,Br40f|Br60f,0,Medical material,0.5959005355834961,0x1.3119e00000000p-1
20260815T180544Z-f80be290,chunk_01,p004_sharper,p004,sharper,valid_1016_d_2.nii.gz,Br40f|Br60f,1,Arterial wall calcification,0.5952286720275879,0x1.30c1d00000000p-1
20260815T180544Z-f80be290,chunk_01,p004_sharper,p004,sharper,valid_1016_d_2.nii.gz,Br40f|Br60f,2,Cardiomegaly,0.5741040706634521,0x1.25f0f80000000p-1
20260815T180544Z-f80be290,chunk_01,p004_sharper,p004,sharper,valid_1016_d_2.nii.gz,Br40f|Br60f,3,Pericardial effusion,0.6367588043212891,0x1.4605400000000p-1
20260815T180544Z-f80be290,chunk_01,p004_sharper,p004,sharper,valid_1016_d_2.nii.gz,Br40f|Br60f,4,Coronary artery wall calcification,0.6048044562339783,0x1.35a8ee0000000p-1
20260815T180544Z-f80be290,chunk_01,p004_sharper,p004,sharper,valid_1016_d_2.nii.gz,Br40f|Br60f,5,Hiatal hernia,0.5288293957710266,0x1.0ec2ba0000000p-1
20260815T180544Z-f80be290,chunk_01,p004_sharper,p004,sharper,valid_1016_d_2.nii.gz,Br40f|Br60f,6,Lymphadenopathy,0.5762070417404175,0x1.27049c0000000p-1
20260815T180544Z-f80be290,chunk_01,p004_sharper,p004,sharper,valid_1016_d_2.nii.gz,Br40f|Br60f,7,Emphysema,0.5484743118286133,0x1.18d1a00000000p-1
20260815T180544Z-f80be290,chunk_01,p004_sharper,p004,sharper,valid_1016_d_2.nii.gz,Br40f|Br60f,8,Atelectasis,0.5669853091239929,0x1.224be60000000p-1
20260815T180544Z-f80be290,chunk_01,p004_sharper,p004,sharper,valid_1016_d_2.nii.gz,Br40f|Br60f,9,Lung nodule,0.510185956954956,0x1.0537180000000p-1
20260815T180544Z-f80be290,chunk_01,p004_sharper,p004,sharper,valid_1016_d_2.nii.gz,Br40f|Br60f,10,Lung opacity,0.5472853183746338,0x1.1835c80000000p-1
20260815T180544Z-f80be290,chunk_01,p004_sharper,p004,sharper,valid_1016_d_2.nii.gz,Br40f|Br60f,11,Pulmonary fibrotic sequela,0.5460548996925354,0x1.1794820000000p-1
20260815T180544Z-f80be290,chunk_01,p004_sharper,p004,sharper,valid_1016_d_2.nii.gz,Br40f|Br60f,12,Pleural effusion,0.5737010836601257,0x1.25bc260000000p-1
20260815T180544Z-f80be290,chunk_01,p004_sharper,p004,sharper,valid_1016_d_2.nii.gz,Br40f|Br60f,13,Mosaic attenuation pattern,0.559955894947052,0x1.1eb28a0000000p-1
20260815T180544Z-f80be290,chunk_01,p004_sharper,p004,sharper,valid_1016_d_2.nii.gz,Br40f|Br60f,14,Peribronchial thickening,0.5789982676506042,0x1.2872760000000p-1
20260815T180544Z-f80be290,chunk_01,p004_sharper,p004,sharper,valid_1016_d_2.nii.gz,Br40f|Br60f,15,Consolidation,0.57161945104599,0x1.24ab4e0000000p-1
20260815T180544Z-f80be290,chunk_01,p004_sharper,p004,sharper,valid_1016_d_2.nii.gz,Br40f|Br60f,16,Bronchiectasis,0.5366066098213196,0x1.12be1a0000000p-1
20260815T180544Z-f80be290,chunk_01,p004_sharper,p004,sharper,valid_1016_d_2.nii.gz,Br40f|Br60f,17,Interlobular septal thickening,0.5530331134796143,0x1.1b27280000000p-1
20260815T180544Z-f80be290,chunk_01,p005_softer,p005,softer,valid_1016_e_1.nii.gz,Br40f|Br60f,0,Medical material,0.600867748260498,0x1.33a4f00000000p-1
20260815T180544Z-f80be290,chunk_01,p005_softer,p005,softer,valid_1016_e_1.nii.gz,Br40f|Br60f,1,Arterial wall calcification,0.5998368263244629,0x1.331dd00000000p-1
20260815T180544Z-f80be290,chunk_01,p005_softer,p005,softer,valid_1016_e_1.nii.gz,Br40f|Br60f,2,Cardiomegaly,0.5932127237319946,0x1.2fb9940000000p-1
20260815T180544Z-f80be290,chunk_01,p005_softer,p005,softer,valid_1016_e_1.nii.gz,Br40f|Br60f,3,Pericardial effusion,0.630667507648468,0x1.42e6da0000000p-1
20260815T180544Z-f80be290,chunk_01,p005_softer,p005,softer,valid_1016_e_1.nii.gz,Br40f|Br60f,4,Coronary artery wall calcification,0.6070752143859863,0x1.36d2900000000p-1
20260815T180544Z-f80be290,chunk_01,p005_softer,p005,softer,valid_1016_e_1.nii.gz,Br40f|Br60f,5,Hiatal hernia,0.5272815823554993,0x1.0df7da0000000p-1
20260815T180544Z-f80be290,chunk_01,p005_softer,p005,softer,valid_1016_e_1.nii.gz,Br40f|Br60f,6,Lymphadenopathy,0.5820934176445007,0x1.2a08260000000p-1
20260815T180544Z-f80be290,chunk_01,p005_softer,p005,softer,valid_1016_e_1.nii.gz,Br40f|Br60f,7,Emphysema,0.5483489036560059,0x1.18c1300000000p-1
20260815T180544Z-f80be290,chunk_01,p005_softer,p005,softer,valid_1016_e_1.nii.gz,Br40f|Br60f,8,Atelectasis,0.57280433177948,0x1.25469c0000000p-1
20260815T180544Z-f80be290,chunk_01,p005_softer,p005,softer,valid_1016_e_1.nii.gz,Br40f|Br60f,9,Lung nodule,0.504127025604248,0x1.021cf00000000p-1
20260815T180544Z-f80be290,chunk_01,p005_softer,p005,softer,valid_1016_e_1.nii.gz,Br40f|Br60f,10,Lung opacity,0.5534996390342712,0x1.1b644e0000000p-1
20260815T180544Z-f80be290,chunk_01,p005_softer,p005,softer,valid_1016_e_1.nii.gz,Br40f|Br60f,11,Pulmonary fibrotic sequela,0.5385977625846863,0x1.13c3160000000p-1
20260815T180544Z-f80be290,chunk_01,p005_softer,p005,softer,valid_1016_e_1.nii.gz,Br40f|Br60f,12,Pleural effusion,0.5916804075241089,0x1.2ef0bc0000000p-1
20260815T180544Z-f80be290,chunk_01,p005_softer,p005,softer,valid_1016_e_1.nii.gz,Br40f|Br60f,13,Mosaic attenuation pattern,0.5773199200630188,0x1.27967a0000000p-1
20260815T180544Z-f80be290,chunk_01,p005_softer,p005,softer,valid_1016_e_1.nii.gz,Br40f|Br60f,14,Peribronchial thickening,0.5811870694160461,0x1.29915a0000000p-1
20260815T180544Z-f80be290,chunk_01,p005_softer,p005,softer,valid_1016_e_1.nii.gz,Br40f|Br60f,15,Consolidation,0.5835827589035034,0x1.2acb5c0000000p-1
20260815T180544Z-f80be290,chunk_01,p005_softer,p005,softer,valid_1016_e_1.nii.gz,Br40f|Br60f,16,Bronchiectasis,0.5274539589881897,0x1.0e0e720000000p-1
20260815T180544Z-f80be290,chunk_01,p005_softer,p005,softer,valid_1016_e_1.nii.gz,Br40f|Br60f,17,Interlobular septal thickening,0.569974422454834,0x1.23d3b00000000p-1
20260815T180544Z-f80be290,chunk_01,p005_sharper,p005,sharper,valid_1016_e_2.nii.gz,Br40f|Br60f,0,Medical material,0.598656952381134,0x1.32832a0000000p-1
20260815T180544Z-f80be290,chunk_01,p005_sharper,p005,sharper,valid_1016_e_2.nii.gz,Br40f|Br60f,1,Arterial wall calcification,0.6011667847633362,0x1.33cc220000000p-1
20260815T180544Z-f80be290,chunk_01,p005_sharper,p005,sharper,valid_1016_e_2.nii.gz,Br40f|Br60f,2,Cardiomegaly,0.5881771445274353,0x1.2d258e0000000p-1
20260815T180544Z-f80be290,chunk_01,p005_sharper,p005,sharper,valid_1016_e_2.nii.gz,Br40f|Br60f,3,Pericardial effusion,0.6269936561584473,0x1.4105500000000p-1
20260815T180544Z-f80be290,chunk_01,p005_sharper,p005,sharper,valid_1016_e_2.nii.gz,Br40f|Br60f,4,Coronary artery wall calcification,0.6080822348594666,0x1.37568e0000000p-1
20260815T180544Z-f80be290,chunk_01,p005_sharper,p005,sharper,valid_1016_e_2.nii.gz,Br40f|Br60f,5,Hiatal hernia,0.5280234813690186,0x1.0e59180000000p-1
20260815T180544Z-f80be290,chunk_01,p005_sharper,p005,sharper,valid_1016_e_2.nii.gz,Br40f|Br60f,6,Lymphadenopathy,0.5808373093605042,0x1.2963820000000p-1
20260815T180544Z-f80be290,chunk_01,p005_sharper,p005,sharper,valid_1016_e_2.nii.gz,Br40f|Br60f,7,Emphysema,0.5517804622650146,0x1.1a82f80000000p-1
20260815T180544Z-f80be290,chunk_01,p005_sharper,p005,sharper,valid_1016_e_2.nii.gz,Br40f|Br60f,8,Atelectasis,0.5716220736503601,0x1.24aba60000000p-1
20260815T180544Z-f80be290,chunk_01,p005_sharper,p005,sharper,valid_1016_e_2.nii.gz,Br40f|Br60f,9,Lung nodule,0.5061829686164856,0x1.032a6a0000000p-1
20260815T180544Z-f80be290,chunk_01,p005_sharper,p005,sharper,valid_1016_e_2.nii.gz,Br40f|Br60f,10,Lung opacity,0.5530691146850586,0x1.1b2be00000000p-1
20260815T180544Z-f80be290,chunk_01,p005_sharper,p005,sharper,valid_1016_e_2.nii.gz,Br40f|Br60f,11,Pulmonary fibrotic sequela,0.5416392087936401,0x1.1551bc0000000p-1
20260815T180544Z-f80be290,chunk_01,p005_sharper,p005,sharper,valid_1016_e_2.nii.gz,Br40f|Br60f,12,Pleural effusion,0.5851645469665527,0x1.2b9ab00000000p-1
20260815T180544Z-f80be290,chunk_01,p005_sharper,p005,sharper,valid_1016_e_2.nii.gz,Br40f|Br60f,13,Mosaic attenuation pattern,0.5750728249549866,0x1.266ff20000000p-1
20260815T180544Z-f80be290,chunk_01,p005_sharper,p005,sharper,valid_1016_e_2.nii.gz,Br40f|Br60f,14,Peribronchial thickening,0.5837103724479675,0x1.2adc160000000p-1
20260815T180544Z-f80be290,chunk_01,p005_sharper,p005,sharper,valid_1016_e_2.nii.gz,Br40f|Br60f,15,Consolidation,0.5821450352668762,0x1.2a0eea0000000p-1
20260815T180544Z-f80be290,chunk_01,p005_sharper,p005,sharper,valid_1016_e_2.nii.gz,Br40f|Br60f,16,Bronchiectasis,0.5313552021980286,0x1.100dca0000000p-1
20260815T180544Z-f80be290,chunk_01,p005_sharper,p005,sharper,valid_1016_e_2.nii.gz,Br40f|Br60f,17,Interlobular septal thickening,0.568718671798706,0x1.232f180000000p-1
20260815T180544Z-f80be290,chunk_01,p006_softer,p006,softer,valid_1016_f_1.nii.gz,Br40f|Br60f,0,Medical material,0.5969858169555664,0x1.31a8200000000p-1
20260815T180544Z-f80be290,chunk_01,p006_softer,p006,softer,valid_1016_f_1.nii.gz,Br40f|Br60f,1,Arterial wall calcification,0.5941424369812012,0x1.3033700000000p-1
20260815T180544Z-f80be290,chunk_01,p006_softer,p006,softer,valid_1016_f_1.nii.gz,Br40f|Br60f,2,Cardiomegaly,0.6082396507263184,0x1.376b300000000p-1
20260815T180544Z-f80be290,chunk_01,p006_softer,p006,softer,valid_1016_f_1.nii.gz,Br40f|Br60f,3,Pericardial effusion,0.6317737102508545,0x1.4377d80000000p-1
20260815T180544Z-f80be290,chunk_01,p006_softer,p006,softer,valid_1016_f_1.nii.gz,Br40f|Br60f,4,Coronary artery wall calcification,0.6002441644668579,0x1.3353340000000p-1
20260815T180544Z-f80be290,chunk_01,p006_softer,p006,softer,valid_1016_f_1.nii.gz,Br40f|Br60f,5,Hiatal hernia,0.5215260982513428,0x1.0b05780000000p-1
20260815T180544Z-f80be290,chunk_01,p006_softer,p006,softer,valid_1016_f_1.nii.gz,Br40f|Br60f,6,Lymphadenopathy,0.5810843706130981,0x1.2983e40000000p-1
20260815T180544Z-f80be290,chunk_01,p006_softer,p006,softer,valid_1016_f_1.nii.gz,Br40f|Br60f,7,Emphysema,0.5406090021133423,0x1.14cab40000000p-1
20260815T180544Z-f80be290,chunk_01,p006_softer,p006,softer,valid_1016_f_1.nii.gz,Br40f|Br60f,8,Atelectasis,0.5688715577125549,0x1.2343220000000p-1
20260815T180544Z-f80be290,chunk_01,p006_softer,p006,softer,valid_1016_f_1.nii.gz,Br40f|Br60f,9,Lung nodule,0.4953727722167969,0x1.fb43000000000p-2
20260815T180544Z-f80be290,chunk_01,p006_softer,p006,softer,valid_1016_f_1.nii.gz,Br40f|Br60f,10,Lung opacity,0.5584862232208252,0x1.1df1e80000000p-1
20260815T180544Z-f80be290,chunk_01,p006_softer,p006,softer,valid_1016_f_1.nii.gz,Br40f|Br60f,11,Pulmonary fibrotic sequela,0.5292587876319885,0x1.0efb020000000p-1
20260815T180544Z-f80be290,chunk_01,p006_softer,p006,softer,valid_1016_f_1.nii.gz,Br40f|Br60f,12,Pleural effusion,0.610005259513855,0x1.38529c0000000p-1
20260815T180544Z-f80be290,chunk_01,p006_softer,p006,softer,valid_1016_f_1.nii.gz,Br40f|Br60f,13,Mosaic attenuation pattern,0.5814919471740723,0x1.29b9500000000p-1
20260815T180544Z-f80be290,chunk_01,p006_softer,p006,softer,valid_1016_f_1.nii.gz,Br40f|Br60f,14,Peribronchial thickening,0.5754011869430542,0x1.269afc0000000p-1
20260815T180544Z-f80be290,chunk_01,p006_softer,p006,softer,valid_1016_f_1.nii.gz,Br40f|Br60f,15,Consolidation,0.59146648645401,0x1.2ed4b20000000p-1
20260815T180544Z-f80be290,chunk_01,p006_softer,p006,softer,valid_1016_f_1.nii.gz,Br40f|Br60f,16,Bronchiectasis,0.5141185522079468,0x1.073a8c0000000p-1
20260815T180544Z-f80be290,chunk_01,p006_softer,p006,softer,valid_1016_f_1.nii.gz,Br40f|Br60f,17,Interlobular septal thickening,0.5773377418518066,0x1.2798d00000000p-1
20260815T180544Z-f80be290,chunk_01,p006_sharper,p006,sharper,valid_1016_f_2.nii.gz,Br40f|Br60f,0,Medical material,0.5952000617980957,0x1.30be100000000p-1
20260815T180544Z-f80be290,chunk_01,p006_sharper,p006,sharper,valid_1016_f_2.nii.gz,Br40f|Br60f,1,Arterial wall calcification,0.5930274128913879,0x1.2fa14a0000000p-1
20260815T180544Z-f80be290,chunk_01,p006_sharper,p006,sharper,valid_1016_f_2.nii.gz,Br40f|Br60f,2,Cardiomegaly,0.6080018877983093,0x1.374c060000000p-1
20260815T180544Z-f80be290,chunk_01,p006_sharper,p006,sharper,valid_1016_f_2.nii.gz,Br40f|Br60f,3,Pericardial effusion,0.6307240128517151,0x1.42ee420000000p-1
20260815T180544Z-f80be290,chunk_01,p006_sharper,p006,sharper,valid_1016_f_2.nii.gz,Br40f|Br60f,4,Coronary artery wall calcification,0.5988761186599731,0x1.329fe40000000p-1
20260815T180544Z-f80be290,chunk_01,p006_sharper,p006,sharper,valid_1016_f_2.nii.gz,Br40f|Br60f,5,Hiatal hernia,0.5217940211296082,0x1.0b28960000000p-1
20260815T180544Z-f80be290,chunk_01,p006_sharper,p006,sharper,valid_1016_f_2.nii.gz,Br40f|Br60f,6,Lymphadenopathy,0.5813636779785156,0x1.29a8800000000p-1
20260815T180544Z-f80be290,chunk_01,p006_sharper,p006,sharper,valid_1016_f_2.nii.gz,Br40f|Br60f,7,Emphysema,0.5396397709846497,0x1.144baa0000000p-1
20260815T180544Z-f80be290,chunk_01,p006_sharper,p006,sharper,valid_1016_f_2.nii.gz,Br40f|Br60f,8,Atelectasis,0.5676807761192322,0x1.22a70e0000000p-1
20260815T180544Z-f80be290,chunk_01,p006_sharper,p006,sharper,valid_1016_f_2.nii.gz,Br40f|Br60f,9,Lung nodule,0.49471673369407654,0x1.fa97060000000p-2
20260815T180544Z-f80be290,chunk_01,p006_sharper,p006,sharper,valid_1016_f_2.nii.gz,Br40f|Br60f,10,Lung opacity,0.5592134594917297,0x1.1e513a0000000p-1
20260815T180544Z-f80be290,chunk_01,p006_sharper,p006,sharper,valid_1016_f_2.nii.gz,Br40f|Br60f,11,Pulmonary fibrotic sequela,0.5282140970230103,0x1.0e72140000000p-1
20260815T180544Z-f80be290,chunk_01,p006_sharper,p006,sharper,valid_1016_f_2.nii.gz,Br40f|Br60f,12,Pleural effusion,0.6090134978294373,0x1.37d09e0000000p-1
20260815T180544Z-f80be290,chunk_01,p006_sharper,p006,sharper,valid_1016_f_2.nii.gz,Br40f|Br60f,13,Mosaic attenuation pattern,0.5815994739532471,0x1.29c7680000000p-1
20260815T180544Z-f80be290,chunk_01,p006_sharper,p006,sharper,valid_1016_f_2.nii.gz,Br40f|Br60f,14,Peribronchial thickening,0.5750141143798828,0x1.2668400000000p-1
20260815T180544Z-f80be290,chunk_01,p006_sharper,p006,sharper,valid_1016_f_2.nii.gz,Br40f|Br60f,15,Consolidation,0.5936012864112854,0x1.2fec820000000p-1
20260815T180544Z-f80be290,chunk_01,p006_sharper,p006,sharper,valid_1016_f_2.nii.gz,Br40f|Br60f,16,Bronchiectasis,0.5131514072418213,0x1.06bbc80000000p-1
20260815T180544Z-f80be290,chunk_01,p006_sharper,p006,sharper,valid_1016_f_2.nii.gz,Br40f|Br60f,17,Interlobular septal thickening,0.5785254240036011,0x1.28347c0000000p-1
20260815T180544Z-f80be290,chunk_01,p007_softer,p007,softer,valid_101_b_1.nii.gz,Br40f|Br60f,0,Medical material,0.6008192300796509,0x1.339e940000000p-1
20260815T180544Z-f80be290,chunk_01,p007_softer,p007,softer,valid_101_b_1.nii.gz,Br40f|Br60f,1,Arterial wall calcification,0.6022676825523376,0x1.345c6e0000000p-1
20260815T180544Z-f80be290,chunk_01,p007_softer,p007,softer,valid_101_b_1.nii.gz,Br40f|Br60f,2,Cardiomegaly,0.6112333536148071,0x1.38f3940000000p-1
20260815T180544Z-f80be290,chunk_01,p007_softer,p007,softer,valid_101_b_1.nii.gz,Br40f|Br60f,3,Pericardial effusion,0.633727490901947,0x1.4477ee0000000p-1
20260815T180544Z-f80be290,chunk_01,p007_softer,p007,softer,valid_101_b_1.nii.gz,Br40f|Br60f,4,Coronary artery wall calcification,0.6108823418617249,0x1.38c5920000000p-1
20260815T180544Z-f80be290,chunk_01,p007_softer,p007,softer,valid_101_b_1.nii.gz,Br40f|Br60f,5,Hiatal hernia,0.5285823941230774,0x1.0ea25a0000000p-1
20260815T180544Z-f80be290,chunk_01,p007_softer,p007,softer,valid_101_b_1.nii.gz,Br40f|Br60f,6,Lymphadenopathy,0.5807024240493774,0x1.2951d40000000p-1
20260815T180544Z-f80be290,chunk_01,p007_softer,p007,softer,valid_101_b_1.nii.gz,Br40f|Br60f,7,Emphysema,0.544017493724823,0x1.1689760000000p-1
20260815T180544Z-f80be290,chunk_01,p007_softer,p007,softer,valid_101_b_1.nii.gz,Br40f|Br60f,8,Atelectasis,0.5704675912857056,0x1.2414540000000p-1
20260815T180544Z-f80be290,chunk_01,p007_softer,p007,softer,valid_101_b_1.nii.gz,Br40f|Br60f,9,Lung nodule,0.4999169707298279,0x1.ffea3c0000000p-2
20260815T180544Z-f80be290,chunk_01,p007_softer,p007,softer,valid_101_b_1.nii.gz,Br40f|Br60f,10,Lung opacity,0.5551555752754211,0x1.1c3d5a0000000p-1
20260815T180544Z-f80be290,chunk_01,p007_softer,p007,softer,valid_101_b_1.nii.gz,Br40f|Br60f,11,Pulmonary fibrotic sequela,0.5368977785110474,0x1.12e4440000000p-1
20260815T180544Z-f80be290,chunk_01,p007_softer,p007,softer,valid_101_b_1.nii.gz,Br40f|Br60f,12,Pleural effusion,0.5992574691772461,0x1.32d1e00000000p-1
20260815T180544Z-f80be290,chunk_01,p007_softer,p007,softer,valid_101_b_1.nii.gz,Br40f|Br60f,13,Mosaic attenuation pattern,0.5855602025985718,0x1.2bce8c0000000p-1
20260815T180544Z-f80be290,chunk_01,p007_softer,p007,softer,valid_101_b_1.nii.gz,Br40f|Br60f,14,Peribronchial thickening,0.576438844203949,0x1.2722fe0000000p-1
20260815T180544Z-f80be290,chunk_01,p007_softer,p007,softer,valid_101_b_1.nii.gz,Br40f|Br60f,15,Consolidation,0.583392858505249,0x1.2ab2780000000p-1
20260815T180544Z-f80be290,chunk_01,p007_softer,p007,softer,valid_101_b_1.nii.gz,Br40f|Br60f,16,Bronchiectasis,0.5173540711402893,0x1.08e2a20000000p-1
20260815T180544Z-f80be290,chunk_01,p007_softer,p007,softer,valid_101_b_1.nii.gz,Br40f|Br60f,17,Interlobular septal thickening,0.5720275640487671,0x1.24e0cc0000000p-1
20260815T180544Z-f80be290,chunk_01,p007_sharper,p007,sharper,valid_101_b_2.nii.gz,Br40f|Br60f,0,Medical material,0.6007055640220642,0x1.338fae0000000p-1
20260815T180544Z-f80be290,chunk_01,p007_sharper,p007,sharper,valid_101_b_2.nii.gz,Br40f|Br60f,1,Arterial wall calcification,0.603829026222229,0x1.3529140000000p-1
20260815T180544Z-f80be290,chunk_01,p007_sharper,p007,sharper,valid_101_b_2.nii.gz,Br40f|Br60f,2,Cardiomegaly,0.6101445555686951,0x1.3864de0000000p-1
20260815T180544Z-f80be290,chunk_01,p007_sharper,p007,sharper,valid_101_b_2.nii.gz,Br40f|Br60f,3,Pericardial effusion,0.6330490708351135,0x1.441f020000000p-1
20260815T180544Z-f80be290,chunk_01,p007_sharper,p007,sharper,valid_101_b_2.nii.gz,Br40f|Br60f,4,Coronary artery wall calcification,0.611343264579773,0x1.3901fc0000000p-1
20260815T180544Z-f80be290,chunk_01,p007_sharper,p007,sharper,valid_101_b_2.nii.gz,Br40f|Br60f,5,Hiatal hernia,0.5303115844726562,0x1.0f85000000000p-1
20260815T180544Z-f80be290,chunk_01,p007_sharper,p007,sharper,valid_101_b_2.nii.gz,Br40f|Br60f,6,Lymphadenopathy,0.5793247818946838,0x1.289d420000000p-1
20260815T180544Z-f80be290,chunk_01,p007_sharper,p007,sharper,valid_101_b_2.nii.gz,Br40f|Br60f,7,Emphysema,0.5443683862686157,0x1.16b7740000000p-1
20260815T180544Z-f80be290,chunk_01,p007_sharper,p007,sharper,valid_101_b_2.nii.gz,Br40f|Br60f,8,Atelectasis,0.5705209970474243,0x1.241b540000000p-1
20260815T180544Z-f80be290,chunk_01,p007_sharper,p007,sharper,valid_101_b_2.nii.gz,Br40f|Br60f,9,Lung nodule,0.5016075372695923,0x1.00d2b40000000p-1
20260815T180544Z-f80be290,chunk_01,p007_sharper,p007,sharper,valid_101_b_2.nii.gz,Br40f|Br60f,10,Lung opacity,0.5534558892250061,0x1.1b5e920000000p-1
20260815T180544Z-f80be290,chunk_01,p007_sharper,p007,sharper,valid_101_b_2.nii.gz,Br40f|Br60f,11,Pulmonary fibrotic sequela,0.5382972359657288,0x1.139bb20000000p-1
20260815T180544Z-f80be290,chunk_01,p007_sharper,p007,sharper,valid_101_b_2.nii.gz,Br40f|Br60f,12,Pleural effusion,0.5941611528396606,0x1.3035e40000000p-1
20260815T180544Z-f80be290,chunk_01,p007_sharper,p007,sharper,valid_101_b_2.nii.gz,Br40f|Br60f,13,Mosaic attenuation pattern,0.5869501829147339,0x1.2c84bc0000000p-1
20260815T180544Z-f80be290,chunk_01,p007_sharper,p007,sharper,valid_101_b_2.nii.gz,Br40f|Br60f,14,Peribronchial thickening,0.5767310857772827,0x1.27494c0000000p-1
20260815T180544Z-f80be290,chunk_01,p007_sharper,p007,sharper,valid_101_b_2.nii.gz,Br40f|Br60f,15,Consolidation,0.5805586576461792,0x1.293efc0000000p-1
20260815T180544Z-f80be290,chunk_01,p007_sharper,p007,sharper,valid_101_b_2.nii.gz,Br40f|Br60f,16,Bronchiectasis,0.5175270438194275,0x1.08f94e0000000p-1
20260815T180544Z-f80be290,chunk_01,p007_sharper,p007,sharper,valid_101_b_2.nii.gz,Br40f|Br60f,17,Interlobular septal thickening,0.5699116587638855,0x1.23cb760000000p-1
20260815T180544Z-f80be290,chunk_01,p008_softer,p008,softer,valid_1021_a_1.nii.gz,Br40f|Br60f,0,Medical material,0.46924057602882385,0x1.e0809a0000000p-2
20260815T180544Z-f80be290,chunk_01,p008_softer,p008,softer,valid_1021_a_1.nii.gz,Br40f|Br60f,1,Arterial wall calcification,0.3845331370830536,0x1.89c30e0000000p-2
20260815T180544Z-f80be290,chunk_01,p008_softer,p008,softer,valid_1021_a_1.nii.gz,Br40f|Br60f,2,Cardiomegaly,0.34897494316101074,0x1.6559b00000000p-2
20260815T180544Z-f80be290,chunk_01,p008_softer,p008,softer,valid_1021_a_1.nii.gz,Br40f|Br60f,3,Pericardial effusion,0.47875067591667175,0x1.ea3d9e0000000p-2
20260815T180544Z-f80be290,chunk_01,p008_softer,p008,softer,valid_1021_a_1.nii.gz,Br40f|Br60f,4,Coronary artery wall calcification,0.4013746678829193,0x1.9b01f60000000p-2
20260815T180544Z-f80be290,chunk_01,p008_softer,p008,softer,valid_1021_a_1.nii.gz,Br40f|Br60f,5,Hiatal hernia,0.4431585371494293,0x1.c5cb5a0000000p-2
20260815T180544Z-f80be290,chunk_01,p008_softer,p008,softer,valid_1021_a_1.nii.gz,Br40f|Br60f,6,Lymphadenopathy,0.44651880860328674,0x1.c93c3a0000000p-2
20260815T180544Z-f80be290,chunk_01,p008_softer,p008,softer,valid_1021_a_1.nii.gz,Br40f|Br60f,7,Emphysema,0.46298661828041077,0x1.da192a0000000p-2
20260815T180544Z-f80be290,chunk_01,p008_softer,p008,softer,valid_1021_a_1.nii.gz,Br40f|Br60f,8,Atelectasis,0.45077818632125854,0x1.cd98cc0000000p-2
20260815T180544Z-f80be290,chunk_01,p008_softer,p008,softer,valid_1021_a_1.nii.gz,Br40f|Br60f,9,Lung nodule,0.5127759575843811,0x1.068a920000000p-1
20260815T180544Z-f80be290,chunk_01,p008_softer,p008,softer,valid_1021_a_1.nii.gz,Br40f|Br60f,10,Lung opacity,0.4608500301837921,0x1.d7e9120000000p-2
20260815T180544Z-f80be290,chunk_01,p008_softer,p008,softer,valid_1021_a_1.nii.gz,Br40f|Br60f,11,Pulmonary fibrotic sequela,0.5124512910842896,0x1.0660040000000p-1
20260815T180544Z-f80be290,chunk_01,p008_softer,p008,softer,valid_1021_a_1.nii.gz,Br40f|Br60f,12,Pleural effusion,0.359187513589859,0x1.6fceda0000000p-2
20260815T180544Z-f80be290,chunk_01,p008_softer,p008,softer,valid_1021_a_1.nii.gz,Br40f|Br60f,13,Mosaic attenuation pattern,0.4227542579174042,0x1.b0e67e0000000p-2
20260815T180544Z-f80be290,chunk_01,p008_softer,p008,softer,valid_1021_a_1.nii.gz,Br40f|Br60f,14,Peribronchial thickening,0.5191051363945007,0x1.09c8260000000p-1
20260815T180544Z-f80be290,chunk_01,p008_softer,p008,softer,valid_1021_a_1.nii.gz,Br40f|Br60f,15,Consolidation,0.45888274908065796,0x1.d5e55c0000000p-2
20260815T180544Z-f80be290,chunk_01,p008_softer,p008,softer,valid_1021_a_1.nii.gz,Br40f|Br60f,16,Bronchiectasis,0.5267289876937866,0x1.0daf6c0000000p-1
20260815T180544Z-f80be290,chunk_01,p008_softer,p008,softer,valid_1021_a_1.nii.gz,Br40f|Br60f,17,Interlobular septal thickening,0.4170132279396057,0x1.ab05840000000p-2
20260815T180544Z-f80be290,chunk_01,p008_sharper,p008,sharper,valid_1021_a_2.nii.gz,Br40f|Br60f,0,Medical material,0.4715864956378937,0x1.e2e7920000000p-2
20260815T180544Z-f80be290,chunk_01,p008_sharper,p008,sharper,valid_1021_a_2.nii.gz,Br40f|Br60f,1,Arterial wall calcification,0.3888911008834839,0x1.8e39780000000p-2
20260815T180544Z-f80be290,chunk_01,p008_sharper,p008,sharper,valid_1021_a_2.nii.gz,Br40f|Br60f,2,Cardiomegaly,0.3504345715045929,0x1.66d8520000000p-2
20260815T180544Z-f80be290,chunk_01,p008_sharper,p008,sharper,valid_1021_a_2.nii.gz,Br40f|Br60f,3,Pericardial effusion,0.4819294214248657,0x1.ed7ee80000000p-2
20260815T180544Z-f80be290,chunk_01,p008_sharper,p008,sharper,valid_1021_a_2.nii.gz,Br40f|Br60f,4,Coronary artery wall calcification,0.4057033956050873,0x1.9f70b60000000p-2
20260815T180544Z-f80be290,chunk_01,p008_sharper,p008,sharper,valid_1021_a_2.nii.gz,Br40f|Br60f,5,Hiatal hernia,0.44445160031318665,0x1.c71e520000000p-2
20260815T180544Z-f80be290,chunk_01,p008_sharper,p008,sharper,valid_1021_a_2.nii.gz,Br40f|Br60f,6,Lymphadenopathy,0.4478285610675812,0x1.ca93920000000p-2
20260815T180544Z-f80be290,chunk_01,p008_sharper,p008,sharper,valid_1021_a_2.nii.gz,Br40f|Br60f,7,Emphysema,0.4658583104610443,0x1.dd09f60000000p-2
20260815T180544Z-f80be290,chunk_01,p008_sharper,p008,sharper,valid_1021_a_2.nii.gz,Br40f|Br60f,8,Atelectasis,0.4514691233634949,0x1.ce4dec0000000p-2
20260815T180544Z-f80be290,chunk_01,p008_sharper,p008,sharper,valid_1021_a_2.nii.gz,Br40f|Br60f,9,Lung nodule,0.5144383311271667,0x1.0764760000000p-1
20260815T180544Z-f80be290,chunk_01,p008_sharper,p008,sharper,valid_1021_a_2.nii.gz,Br40f|Br60f,10,Lung opacity,0.4610610902309418,0x1.d820660000000p-2
20260815T180544Z-f80be290,chunk_01,p008_sharper,p008,sharper,valid_1021_a_2.nii.gz,Br40f|Br60f,11,Pulmonary fibrotic sequela,0.5150642991065979,0x1.07b6820000000p-1
20260815T180544Z-f80be290,chunk_01,p008_sharper,p008,sharper,valid_1021_a_2.nii.gz,Br40f|Br60f,12,Pleural effusion,0.36121219396591187,0x1.71e19c0000000p-2
20260815T180544Z-f80be290,chunk_01,p008_sharper,p008,sharper,valid_1021_a_2.nii.gz,Br40f|Br60f,13,Mosaic attenuation pattern,0.42285987734794617,0x1.b1022e0000000p-2
20260815T180544Z-f80be290,chunk_01,p008_sharper,p008,sharper,valid_1021_a_2.nii.gz,Br40f|Br60f,14,Peribronchial thickening,0.5213674306869507,0x1.0af0ac0000000p-1
20260815T180544Z-f80be290,chunk_01,p008_sharper,p008,sharper,valid_1021_a_2.nii.gz,Br40f|Br60f,15,Consolidation,0.45696529746055603,0x1.d3eeb60000000p-2
20260815T180544Z-f80be290,chunk_01,p008_sharper,p008,sharper,valid_1021_a_2.nii.gz,Br40f|Br60f,16,Bronchiectasis,0.5304892659187317,0x1.0f9c4a0000000p-1
20260815T180544Z-f80be290,chunk_01,p008_sharper,p008,sharper,valid_1021_a_2.nii.gz,Br40f|Br60f,17,Interlobular septal thickening,0.41739019751548767,0x1.ab68560000000p-2
20260815T180544Z-f80be290,chunk_01,p009_softer,p009,softer,valid_1025_b_1.nii.gz,Br40f|Br60f,0,Medical material,0.47255659103393555,0x1.e3e5e00000000p-2
20260815T180544Z-f80be290,chunk_01,p009_softer,p009,softer,valid_1025_b_1.nii.gz,Br40f|Br60f,1,Arterial wall calcification,0.3933907747268677,0x1.92d5080000000p-2
20260815T180544Z-f80be290,chunk_01,p009_softer,p009,softer,valid_1025_b_1.nii.gz,Br40f|Br60f,2,Cardiomegaly,0.390784353017807,0x1.9029c60000000p-2
20260815T180544Z-f80be290,chunk_01,p009_softer,p009,softer,valid_1025_b_1.nii.gz,Br40f|Br60f,3,Pericardial effusion,0.49414047598838806,0x1.f9fff60000000p-2
20260815T180544Z-f80be290,chunk_01,p009_softer,p009,softer,valid_1025_b_1.nii.gz,Br40f|Br60f,4,Coronary artery wall calcification,0.40439820289611816,0x1.9e1a900000000p-2
20260815T180544Z-f80be290,chunk_01,p009_softer,p009,softer,valid_1025_b_1.nii.gz,Br40f|Br60f,5,Hiatal hernia,0.4448505938053131,0x1.c786ea0000000p-2
20260815T180544Z-f80be290,chunk_01,p009_softer,p009,softer,valid_1025_b_1.nii.gz,Br40f|Br60f,6,Lymphadenopathy,0.4498107135295868,0x1.cc9b2e0000000p-2
20260815T180544Z-f80be290,chunk_01,p009_softer,p009,softer,valid_1025_b_1.nii.gz,Br40f|Br60f,7,Emphysema,0.450619101524353,0x1.cd6f180000000p-2
20260815T180544Z-f80be290,chunk_01,p009_softer,p009,softer,valid_1025_b_1.nii.gz,Br40f|Br60f,8,Atelectasis,0.45222434401512146,0x1.cf13e60000000p-2
20260815T180544Z-f80be290,chunk_01,p009_softer,p009,softer,valid_1025_b_1.nii.gz,Br40f|Br60f,9,Lung nodule,0.4990696310997009,0x1.ff0c1c0000000p-2
20260815T180544Z-f80be290,chunk_01,p009_softer,p009,softer,valid_1025_b_1.nii.gz,Br40f|Br60f,10,Lung opacity,0.47892099618911743,0x1.ea6a440000000p-2
20260815T180544Z-f80be290,chunk_01,p009_softer,p009,softer,valid_1025_b_1.nii.gz,Br40f|Br60f,11,Pulmonary fibrotic sequela,0.500911295413971,0x1.0077720000000p-1
20260815T180544Z-f80be290,chunk_01,p009_softer,p009,softer,valid_1025_b_1.nii.gz,Br40f|Br60f,12,Pleural effusion,0.3664044141769409,0x1.7732b80000000p-2
20260815T180544Z-f80be290,chunk_01,p009_softer,p009,softer,valid_1025_b_1.nii.gz,Br40f|Br60f,13,Mosaic attenuation pattern,0.4767442047595978,0x1.e82fa20000000p-2
20260815T180544Z-f80be290,chunk_01,p009_softer,p009,softer,valid_1025_b_1.nii.gz,Br40f|Br60f,14,Peribronchial thickening,0.4979313611984253,0x1.fde1b80000000p-2
20260815T180544Z-f80be290,chunk_01,p009_softer,p009,softer,valid_1025_b_1.nii.gz,Br40f|Br60f,15,Consolidation,0.49326467514038086,0x1.f91a600000000p-2
20260815T180544Z-f80be290,chunk_01,p009_softer,p009,softer,valid_1025_b_1.nii.gz,Br40f|Br60f,16,Bronchiectasis,0.5004836916923523,0x1.003f660000000p-1
20260815T180544Z-f80be290,chunk_01,p009_softer,p009,softer,valid_1025_b_1.nii.gz,Br40f|Br60f,17,Interlobular septal thickening,0.43428099155426025,0x1.bcb4280000000p-2
20260815T180544Z-f80be290,chunk_01,p009_sharper,p009,sharper,valid_1025_b_2.nii.gz,Br40f|Br60f,0,Medical material,0.4678507447242737,0x1.df14440000000p-2
20260815T180544Z-f80be290,chunk_01,p009_sharper,p009,sharper,valid_1025_b_2.nii.gz,Br40f|Br60f,1,Arterial wall calcification,0.39988353848457336,0x1.997b120000000p-2
20260815T180544Z-f80be290,chunk_01,p009_sharper,p009,sharper,valid_1025_b_2.nii.gz,Br40f|Br60f,2,Cardiomegaly,0.3907395303249359,0x1.901e060000000p-2
20260815T180544Z-f80be290,chunk_01,p009_sharper,p009,sharper,valid_1025_b_2.nii.gz,Br40f|Br60f,3,Pericardial effusion,0.48793286085128784,0x1.f3a4ac0000000p-2
20260815T180544Z-f80be290,chunk_01,p009_sharper,p009,sharper,valid_1025_b_2.nii.gz,Br40f|Br60f,4,Coronary artery wall calcification,0.40715429186820984,0x1.a0ed0e0000000p-2
20260815T180544Z-f80be290,chunk_01,p009_sharper,p009,sharper,valid_1025_b_2.nii.gz,Br40f|Br60f,5,Hiatal hernia,0.4569070041179657,0x1.d3df6e0000000p-2
20260815T180544Z-f80be290,chunk_01,p009_sharper,p009,sharper,valid_1025_b_2.nii.gz,Br40f|Br60f,6,Lymphadenopathy,0.4484859108924866,0x1.cb3fe40000000p-2
20260815T180544Z-f80be290,chunk_01,p009_sharper,p009,sharper,valid_1025_b_2.nii.gz,Br40f|Br60f,7,Emphysema,0.4526784420013428,0x1.cf8af00000000p-2
20260815T180544Z-f80be290,chunk_01,p009_sharper,p009,sharper,valid_1025_b_2.nii.gz,Br40f|Br60f,8,Atelectasis,0.4540574550628662,0x1.d0f4700000000p-2
20260815T180544Z-f80be290,chunk_01,p009_sharper,p009,sharper,valid_1025_b_2.nii.gz,Br40f|Br60f,9,Lung nodule,0.5044547319412231,0x1.0247e40000000p-1
20260815T180544Z-f80be290,chunk_01,p009_sharper,p009,sharper,valid_1025_b_2.nii.gz,Br40f|Br60f,10,Lung opacity,0.47352033853530884,0x1.e4e2840000000p-2
20260815T180544Z-f80be290,chunk_01,p009_sharper,p009,sharper,valid_1025_b_2.nii.gz,Br40f|Br60f,11,Pulmonary fibrotic sequela,0.5023568868637085,0x1.0134ec0000000p-1
20260815T180544Z-f80be290,chunk_01,p009_sharper,p009,sharper,valid_1025_b_2.nii.gz,Br40f|Br60f,12,Pleural effusion,0.3541242778301239,0x1.6a9f8e0000000p-2
20260815T180544Z-f80be290,chunk_01,p009_sharper,p009,sharper,valid_1025_b_2.nii.gz,Br40f|Br60f,13,Mosaic attenuation pattern,0.48161762952804565,0x1.ed2d2c0000000p-2
20260815T180544Z-f80be290,chunk_01,p009_sharper,p009,sharper,valid_1025_b_2.nii.gz,Br40f|Br60f,14,Peribronchial thickening,0.496203750371933,0x1.fc1cd60000000p-2
20260815T180544Z-f80be290,chunk_01,p009_sharper,p009,sharper,valid_1025_b_2.nii.gz,Br40f|Br60f,15,Consolidation,0.4837195873260498,0x1.ef54300000000p-2
20260815T180544Z-f80be290,chunk_01,p009_sharper,p009,sharper,valid_1025_b_2.nii.gz,Br40f|Br60f,16,Bronchiectasis,0.5008794665336609,0x1.0073460000000p-1
20260815T180544Z-f80be290,chunk_01,p009_sharper,p009,sharper,valid_1025_b_2.nii.gz,Br40f|Br60f,17,Interlobular septal thickening,0.4265387952327728,0x1.b4c6960000000p-2
20260815T180544Z-f80be290,chunk_01,p010_softer,p010,softer,valid_1040_a_1.nii.gz,Br40f|Br60f,0,Medical material,0.5045453906059265,0x1.0253c60000000p-1
20260815T180544Z-f80be290,chunk_01,p010_softer,p010,softer,valid_1040_a_1.nii.gz,Br40f|Br60f,1,Arterial wall calcification,0.4561395049095154,0x1.d3163c0000000p-2
20260815T180544Z-f80be290,chunk_01,p010_softer,p010,softer,valid_1040_a_1.nii.gz,Br40f|Br60f,2,Cardiomegaly,0.38832956552505493,0x1.8da6440000000p-2
20260815T180544Z-f80be290,chunk_01,p010_softer,p010,softer,valid_1040_a_1.nii.gz,Br40f|Br60f,3,Pericardial effusion,0.5147390365600586,0x1.078be00000000p-1
20260815T180544Z-f80be290,chunk_01,p010_softer,p010,softer,valid_1040_a_1.nii.gz,Br40f|Br60f,4,Coronary artery wall calcification,0.47196799516677856,0x1.e34b940000000p-2
20260815T180544Z-f80be290,chunk_01,p010_softer,p010,softer,valid_1040_a_1.nii.gz,Br40f|Br60f,5,Hiatal hernia,0.4892178177833557,0x1.f4f5840000000p-2
20260815T180544Z-f80be290,chunk_01,p010_softer,p010,softer,valid_1040_a_1.nii.gz,Br40f|Br60f,6,Lymphadenopathy,0.48872870206832886,0x1.f4754c0000000p-2
20260815T180544Z-f80be290,chunk_01,p010_softer,p010,softer,valid_1040_a_1.nii.gz,Br40f|Br60f,7,Emphysema,0.5019682049751282,0x1.0101fa0000000p-1
20260815T180544Z-f80be290,chunk_01,p010_softer,p010,softer,valid_1040_a_1.nii.gz,Br40f|Br60f,8,Atelectasis,0.48415762186050415,0x1.efc7040000000p-2
20260815T180544Z-f80be290,chunk_01,p010_softer,p010,softer,valid_1040_a_1.nii.gz,Br40f|Br60f,9,Lung nodule,0.5251293182373047,0x1.0cddc00000000p-1
20260815T180544Z-f80be290,chunk_01,p010_softer,p010,softer,valid_1040_a_1.nii.gz,Br40f|Br60f,10,Lung opacity,0.48048537969589233,0x1.ec045c0000000p-2
20260815T180544Z-f80be290,chunk_01,p010_softer,p010,softer,valid_1040_a_1.nii.gz,Br40f|Br60f,11,Pulmonary fibrotic sequela,0.5269591212272644,0x1.0dcd960000000p-1
20260815T180544Z-f80be290,chunk_01,p010_softer,p010,softer,valid_1040_a_1.nii.gz,Br40f|Br60f,12,Pleural effusion,0.3816787004470825,0x1.86d6c80000000p-2
20260815T180544Z-f80be290,chunk_01,p010_softer,p010,softer,valid_1040_a_1.nii.gz,Br40f|Br60f,13,Mosaic attenuation pattern,0.4374174475669861,0x1.bfea5c0000000p-2
20260815T180544Z-f80be290,chunk_01,p010_softer,p010,softer,valid_1040_a_1.nii.gz,Br40f|Br60f,14,Peribronchial thickening,0.5223142504692078,0x1.0b6cc60000000p-1
20260815T180544Z-f80be290,chunk_01,p010_softer,p010,softer,valid_1040_a_1.nii.gz,Br40f|Br60f,15,Consolidation,0.4797586500644684,0x1.eb45da0000000p-2
20260815T180544Z-f80be290,chunk_01,p010_softer,p010,softer,valid_1040_a_1.nii.gz,Br40f|Br60f,16,Bronchiectasis,0.5496920347213745,0x1.19713c0000000p-1
20260815T180544Z-f80be290,chunk_01,p010_softer,p010,softer,valid_1040_a_1.nii.gz,Br40f|Br60f,17,Interlobular septal thickening,0.44241586327552795,0x1.c508aa0000000p-2
20260815T180544Z-f80be290,chunk_01,p010_sharper,p010,sharper,valid_1040_a_2.nii.gz,Br40f|Br60f,0,Medical material,0.5175415873527527,0x1.08fb360000000p-1
20260815T180544Z-f80be290,chunk_01,p010_sharper,p010,sharper,valid_1040_a_2.nii.gz,Br40f|Br60f,1,Arterial wall calcification,0.4938322603702545,0x1.f9af2a0000000p-2
20260815T180544Z-f80be290,chunk_01,p010_sharper,p010,sharper,valid_1040_a_2.nii.gz,Br40f|Br60f,2,Cardiomegaly,0.418722927570343,0x1.acc5b40000000p-2
20260815T180544Z-f80be290,chunk_01,p010_sharper,p010,sharper,valid_1040_a_2.nii.gz,Br40f|Br60f,3,Pericardial effusion,0.5234923362731934,0x1.0c07300000000p-1
20260815T180544Z-f80be290,chunk_01,p010_sharper,p010,sharper,valid_1040_a_2.nii.gz,Br40f|Br60f,4,Coronary artery wall calcification,0.5076466202735901,0x1.03ea420000000p-1
20260815T180544Z-f80be290,chunk_01,p010_sharper,p010,sharper,valid_1040_a_2.nii.gz,Br40f|Br60f,5,Hiatal hernia,0.5114049911499023,0x1.05d6e00000000p-1
20260815T180544Z-f80be290,chunk_01,p010_sharper,p010,sharper,valid_1040_a_2.nii.gz,Br40f|Br60f,6,Lymphadenopathy,0.5055004358291626,0x1.02d0f40000000p-1
20260815T180544Z-f80be290,chunk_01,p010_sharper,p010,sharper,valid_1040_a_2.nii.gz,Br40f|Br60f,7,Emphysema,0.5236994028091431,0x1.0c22540000000p-1
20260815T180544Z-f80be290,chunk_01,p010_sharper,p010,sharper,valid_1040_a_2.nii.gz,Br40f|Br60f,8,Atelectasis,0.498491495847702,0x1.fe748e0000000p-2
20260815T180544Z-f80be290,chunk_01,p010_sharper,p010,sharper,valid_1040_a_2.nii.gz,Br40f|Br60f,9,Lung nodule,0.5285163521766663,0x1.0e99b20000000p-1
20260815T180544Z-f80be290,chunk_01,p010_sharper,p010,sharper,valid_1040_a_2.nii.gz,Br40f|Br60f,10,Lung opacity,0.48782026767730713,0x1.f387280000000p-2
20260815T180544Z-f80be290,chunk_01,p010_sharper,p010,sharper,valid_1040_a_2.nii.gz,Br40f|Br60f,11,Pulmonary fibrotic sequela,0.5359594821929932,0x1.1269480000000p-1
20260815T180544Z-f80be290,chunk_01,p010_sharper,p010,sharper,valid_1040_a_2.nii.gz,Br40f|Br60f,12,Pleural effusion,0.39736345410346985,0x1.96e6720000000p-2
20260815T180544Z-f80be290,chunk_01,p010_sharper,p010,sharper,valid_1040_a_2.nii.gz,Br40f|Br60f,13,Mosaic attenuation pattern,0.4546251595020294,0x1.d189420000000p-2
20260815T180544Z-f80be290,chunk_01,p010_sharper,p010,sharper,valid_1040_a_2.nii.gz,Br40f|Br60f,14,Peribronchial thickening,0.5320557951927185,0x1.10699e0000000p-1
20260815T180544Z-f80be290,chunk_01,p010_sharper,p010,sharper,valid_1040_a_2.nii.gz,Br40f|Br60f,15,Consolidation,0.4861275851726532,0x1.f1cb6e0000000p-2
20260815T180544Z-f80be290,chunk_01,p010_sharper,p010,sharper,valid_1040_a_2.nii.gz,Br40f|Br60f,16,Bronchiectasis,0.5534281134605408,0x1.1b5aee0000000p-1
20260815T180544Z-f80be290,chunk_01,p010_sharper,p010,sharper,valid_1040_a_2.nii.gz,Br40f|Br60f,17,Interlobular septal thickening,0.4530397057533264,0x1.cfe9a40000000p-2
20260815T180544Z-f80be290,chunk_01,p011_softer,p011,softer,valid_1043_a_1.nii.gz,Br40f|Br60f,0,Medical material,0.5967552661895752,0x1.3189e80000000p-1
20260815T180544Z-f80be290,chunk_01,p011_softer,p011,softer,valid_1043_a_1.nii.gz,Br40f|Br60f,1,Arterial wall calcification,0.598980724811554,0x1.32ad9a0000000p-1
20260815T180544Z-f80be290,chunk_01,p011_softer,p011,softer,valid_1043_a_1.nii.gz,Br40f|Br60f,2,Cardiomegaly,0.6109947562217712,0x1.38d44e0000000p-1
20260815T180544Z-f80be290,chunk_01,p011_softer,p011,softer,valid_1043_a_1.nii.gz,Br40f|Br60f,3,Pericardial effusion,0.6316828727722168,0x1.436bf00000000p-1
20260815T180544Z-f80be290,chunk_01,p011_softer,p011,softer,valid_1043_a_1.nii.gz,Br40f|Br60f,4,Coronary artery wall calcification,0.6063328385353088,0x1.3671420000000p-1
20260815T180544Z-f80be290,chunk_01,p011_softer,p011,softer,valid_1043_a_1.nii.gz,Br40f|Br60f,5,Hiatal hernia,0.5277581214904785,0x1.0e36500000000p-1
20260815T180544Z-f80be290,chunk_01,p011_softer,p011,softer,valid_1043_a_1.nii.gz,Br40f|Br60f,6,Lymphadenopathy,0.5801166296005249,0x1.29050c0000000p-1
20260815T180544Z-f80be290,chunk_01,p011_softer,p011,softer,valid_1043_a_1.nii.gz,Br40f|Br60f,7,Emphysema,0.5353198051452637,0x1.1215700000000p-1
20260815T180544Z-f80be290,chunk_01,p011_softer,p011,softer,valid_1043_a_1.nii.gz,Br40f|Br60f,8,Atelectasis,0.5692071318626404,0x1.236f1e0000000p-1
20260815T180544Z-f80be290,chunk_01,p011_softer,p011,softer,valid_1043_a_1.nii.gz,Br40f|Br60f,9,Lung nodule,0.4961216151714325,0x1.fc074e0000000p-2
20260815T180544Z-f80be290,chunk_01,p011_softer,p011,softer,valid_1043_a_1.nii.gz,Br40f|Br60f,10,Lung opacity,0.5580101013183594,0x1.1db3800000000p-1
20260815T180544Z-f80be290,chunk_01,p011_softer,p011,softer,valid_1043_a_1.nii.gz,Br40f|Br60f,11,Pulmonary fibrotic sequela,0.5297340154647827,0x1.0f394c0000000p-1
20260815T180544Z-f80be290,chunk_01,p011_softer,p011,softer,valid_1043_a_1.nii.gz,Br40f|Br60f,12,Pleural effusion,0.5943546295166016,0x1.304f400000000p-1
20260815T180544Z-f80be290,chunk_01,p011_softer,p011,softer,valid_1043_a_1.nii.gz,Br40f|Br60f,13,Mosaic attenuation pattern,0.5925062894821167,0x1.2f5cfc0000000p-1
20260815T180544Z-f80be290,chunk_01,p011_softer,p011,softer,valid_1043_a_1.nii.gz,Br40f|Br60f,14,Peribronchial thickening,0.5728740692138672,0x1.254fc00000000p-1
20260815T180544Z-f80be290,chunk_01,p011_softer,p011,softer,valid_1043_a_1.nii.gz,Br40f|Br60f,15,Consolidation,0.591945469379425,0x1.2f137a0000000p-1
20260815T180544Z-f80be290,chunk_01,p011_softer,p011,softer,valid_1043_a_1.nii.gz,Br40f|Br60f,16,Bronchiectasis,0.5148579478263855,0x1.079b760000000p-1
20260815T180544Z-f80be290,chunk_01,p011_softer,p011,softer,valid_1043_a_1.nii.gz,Br40f|Br60f,17,Interlobular septal thickening,0.5758318901062012,0x1.26d3700000000p-1
20260815T180544Z-f80be290,chunk_01,p011_sharper,p011,sharper,valid_1043_a_2.nii.gz,Br40f|Br60f,0,Medical material,0.5962420701980591,0x1.3146a40000000p-1
20260815T180544Z-f80be290,chunk_01,p011_sharper,p011,sharper,valid_1043_a_2.nii.gz,Br40f|Br60f,1,Arterial wall calcification,0.5995070934295654,0x1.32f2980000000p-1
20260815T180544Z-f80be290,chunk_01,p011_sharper,p011,sharper,valid_1043_a_2.nii.gz,Br40f|Br60f,2,Cardiomegaly,0.6106923818588257,0x1.38acac0000000p-1
20260815T180544Z-f80be290,chunk_01,p011_sharper,p011,sharper,valid_1043_a_2.nii.gz,Br40f|Br60f,3,Pericardial effusion,0.6304253339767456,0x1.42c71c0000000p-1
20260815T180544Z-f80be290,chunk_01,p011_sharper,p011,sharper,valid_1043_a_2.nii.gz,Br40f|Br60f,4,Coronary artery wall calcification,0.6069863438606262,0x1.36c6ea0000000p-1
20260815T180544Z-f80be290,chunk_01,p011_sharper,p011,sharper,valid_1043_a_2.nii.gz,Br40f|Br60f,5,Hiatal hernia,0.5284619927406311,0x1.0e92920000000p-1
20260815T180544Z-f80be290,chunk_01,p011_sharper,p011,sharper,valid_1043_a_2.nii.gz,Br40f|Br60f,6,Lymphadenopathy,0.5803818106651306,0x1.2927ce0000000p-1
20260815T180544Z-f80be290,chunk_01,p011_sharper,p011,sharper,valid_1043_a_2.nii.gz,Br40f|Br60f,7,Emphysema,0.5359269380569458,0x1.1265040000000p-1
20260815T180544Z-f80be290,chunk_01,p011_sharper,p011,sharper,valid_1043_a_2.nii.gz,Br40f|Br60f,8,Atelectasis,0.569233775138855,0x1.23729c0000000p-1
20260815T180544Z-f80be290,chunk_01,p011_sharper,p011,sharper,valid_1043_a_2.nii.gz,Br40f|Br60f,9,Lung nodule,0.4963661730289459,0x1.fc476a0000000p-2
20260815T180544Z-f80be290,chunk_01,p011_sharper,p011,sharper,valid_1043_a_2.nii.gz,Br40f|Br60f,10,Lung opacity,0.5586146712303162,0x1.1e02be0000000p-1
20260815T180544Z-f80be290,chunk_01,p011_sharper,p011,sharper,valid_1043_a_2.nii.gz,Br40f|Br60f,11,Pulmonary fibrotic sequela,0.5303399562835693,0x1.0f88b80000000p-1
20260815T180544Z-f80be290,chunk_01,p011_sharper,p011,sharper,valid_1043_a_2.nii.gz,Br40f|Br60f,12,Pleural effusion,0.5940236449241638,0x1.3023de0000000p-1
20260815T180544Z-f80be290,chunk_01,p011_sharper,p011,sharper,valid_1043_a_2.nii.gz,Br40f|Br60f,13,Mosaic attenuation pattern,0.5912892818450928,0x1.2ebd780000000p-1
20260815T180544Z-f80be290,chunk_01,p011_sharper,p011,sharper,valid_1043_a_2.nii.gz,Br40f|Br60f,14,Peribronchial thickening,0.5733197927474976,0x1.258a2c0000000p-1
20260815T180544Z-f80be290,chunk_01,p011_sharper,p011,sharper,valid_1043_a_2.nii.gz,Br40f|Br60f,15,Consolidation,0.5925037860870361,0x1.2f5ca80000000p-1
20260815T180544Z-f80be290,chunk_01,p011_sharper,p011,sharper,valid_1043_a_2.nii.gz,Br40f|Br60f,16,Bronchiectasis,0.5153776407241821,0x1.07df940000000p-1
20260815T180544Z-f80be290,chunk_01,p011_sharper,p011,sharper,valid_1043_a_2.nii.gz,Br40f|Br60f,17,Interlobular septal thickening,0.5764732956886292,0x1.2727820000000p-1
20260815T180544Z-f80be290,chunk_01,p012_softer,p012,softer,valid_1055_a_1.nii.gz,Br40f|Br60f,0,Medical material,0.45855575799942017,0x1.d58fa40000000p-2
20260815T180544Z-f80be290,chunk_01,p012_softer,p012,softer,valid_1055_a_1.nii.gz,Br40f|Br60f,1,Arterial wall calcification,0.40170708298683167,0x1.9b591a0000000p-2
20260815T180544Z-f80be290,chunk_01,p012_softer,p012,softer,valid_1055_a_1.nii.gz,Br40f|Br60f,2,Cardiomegaly,0.35193419456481934,0x1.6861700000000p-2
20260815T180544Z-f80be290,chunk_01,p012_softer,p012,softer,valid_1055_a_1.nii.gz,Br40f|Br60f,3,Pericardial effusion,0.4718848466873169,0x1.e335c80000000p-2
20260815T180544Z-f80be290,chunk_01,p012_softer,p012,softer,valid_1055_a_1.nii.gz,Br40f|Br60f,4,Coronary artery wall calcification,0.415435254573822,0x1.a967dc0000000p-2
20260815T180544Z-f80be290,chunk_01,p012_softer,p012,softer,valid_1055_a_1.nii.gz,Br40f|Br60f,5,Hiatal hernia,0.4660419523715973,0x1.dd3a1a0000000p-2
20260815T180544Z-f80be290,chunk_01,p012_softer,p012,softer,valid_1055_a_1.nii.gz,Br40f|Br60f,6,Lymphadenopathy,0.4526548981666565,0x1.cf84c40000000p-2
20260815T180544Z-f80be290,chunk_01,p012_softer,p012,softer,valid_1055_a_1.nii.gz,Br40f|Br60f,7,Emphysema,0.4735356271266937,0x1.e4e6860000000p-2
20260815T180544Z-f80be290,chunk_01,p012_softer,p012,softer,valid_1055_a_1.nii.gz,Br40f|Br60f,8,Atelectasis,0.450533002614975,0x1.cd58860000000p-2
20260815T180544Z-f80be290,chunk_01,p012_softer,p012,softer,valid_1055_a_1.nii.gz,Br40f|Br60f,9,Lung nodule,0.5246610045433044,0x1.0ca05e0000000p-1
20260815T180544Z-f80be290,chunk_01,p012_softer,p012,softer,valid_1055_a_1.nii.gz,Br40f|Br60f,10,Lung opacity,0.4566936790943146,0x1.d3a7820000000p-2
20260815T180544Z-f80be290,chunk_01,p012_softer,p012,softer,valid_1055_a_1.nii.gz,Br40f|Br60f,11,Pulmonary fibrotic sequela,0.5177536606788635,0x1.0917020000000p-1
20260815T180544Z-f80be290,chunk_01,p012_softer,p012,softer,valid_1055_a_1.nii.gz,Br40f|Br60f,12,Pleural effusion,0.34527015686035156,0x1.618e800000000p-2
20260815T180544Z-f80be290,chunk_01,p012_softer,p012,softer,valid_1055_a_1.nii.gz,Br40f|Br60f,13,Mosaic attenuation pattern,0.4320826530456543,0x1.ba73e00000000p-2
20260815T180544Z-f80be290,chunk_01,p012_softer,p012,softer,valid_1055_a_1.nii.gz,Br40f|Br60f,14,Peribronchial thickening,0.5110987424850464,0x1.05aebc0000000p-1
20260815T180544Z-f80be290,chunk_01,p012_softer,p012,softer,valid_1055_a_1.nii.gz,Br40f|Br60f,15,Consolidation,0.4490715563297272,0x1.cbd96a0000000p-2
20260815T180544Z-f80be290,chunk_01,p012_softer,p012,softer,valid_1055_a_1.nii.gz,Br40f|Br60f,16,Bronchiectasis,0.5385963916778564,0x1.13c2e80000000p-1
20260815T180544Z-f80be290,chunk_01,p012_softer,p012,softer,valid_1055_a_1.nii.gz,Br40f|Br60f,17,Interlobular septal thickening,0.4084922969341278,0x1.a24bce0000000p-2
20260815T180544Z-f80be290,chunk_01,p012_sharper,p012,sharper,valid_1055_a_2.nii.gz,Br40f|Br60f,0,Medical material,0.45921942591667175,0x1.d63d9e0000000p-2
20260815T180544Z-f80be290,chunk_01,p012_sharper,p012,sharper,valid_1055_a_2.nii.gz,Br40f|Br60f,1,Arterial wall calcification,0.4060954451560974,0x1.9fd77c0000000p-2
20260815T180544Z-f80be290,chunk_01,p012_sharper,p012,sharper,valid_1055_a_2.nii.gz,Br40f|Br60f,2,Cardiomegaly,0.35560300946235657,0x1.6c23320000000p-2
20260815T180544Z-f80be290,chunk_01,p012_sharper,p012,sharper,valid_1055_a_2.nii.gz,Br40f|Br60f,3,Pericardial effusion,0.47190672159194946,0x1.e33b840000000p-2
20260815T180544Z-f80be290,chunk_01,p012_sharper,p012,sharper,valid_1055_a_2.nii.gz,Br40f|Br60f,4,Coronary artery wall calcification,0.4180716574192047,0x1.ac1afa0000000p-2
20260815T180544Z-f80be290,chunk_01,p012_sharper,p012,sharper,valid_1055_a_2.nii.gz,Br40f|Br60f,5,Hiatal hernia,0.46929359436035156,0x1.e08e800000000p-2
20260815T180544Z-f80be290,chunk_01,p012_sharper,p012,sharper,valid_1055_a_2.nii.gz,Br40f|Br60f,6,Lymphadenopathy,0.45311442017555237,0x1.cffd3a0000000p-2
20260815T180544Z-f80be290,chunk_01,p012_sharper,p012,sharper,valid_1055_a_2.nii.gz,Br40f|Br60f,7,Emphysema,0.4769536852836609,0x1.e8668c0000000p-2
20260815T180544Z-f80be290,chunk_01,p012_sharper,p012,sharper,valid_1055_a_2.nii.gz,Br40f|Br60f,8,Atelectasis,0.4516895115375519,0x1.ce87b20000000p-2
20260815T180544Z-f80be290,chunk_01,p012_sharper,p012,sharper,valid_1055_a_2.nii.gz,Br40f|Br60f,9,Lung nodule,0.5260422825813293,0x1.0d556a0000000p-1
20260815T180544Z-f80be290,chunk_01,p012_sharper,p012,sharper,valid_1055_a_2.nii.gz,Br40f|Br60f,10,Lung opacity,0.4553973078727722,0x1.d253ac0000000p-2
20260815T180544Z-f80be290,chunk_01,p012_sharper,p012,sharper,valid_1055_a_2.nii.gz,Br40f|Br60f,11,Pulmonary fibrotic sequela,0.5188432931900024,0x1.09a5d40000000p-1
20260815T180544Z-f80be290,chunk_01,p012_sharper,p012,sharper,valid_1055_a_2.nii.gz,Br40f|Br60f,12,Pleural effusion,0.3460104465484619,0x1.6250900000000p-2
20260815T180544Z-f80be290,chunk_01,p012_sharper,p012,sharper,valid_1055_a_2.nii.gz,Br40f|Br60f,13,Mosaic attenuation pattern,0.4322332441806793,0x1.ba9b5a0000000p-2
20260815T180544Z-f80be290,chunk_01,p012_sharper,p012,sharper,valid_1055_a_2.nii.gz,Br40f|Br60f,14,Peribronchial thickening,0.510964035987854,0x1.059d140000000p-1
20260815T180544Z-f80be290,chunk_01,p012_sharper,p012,sharper,valid_1055_a_2.nii.gz,Br40f|Br60f,15,Consolidation,0.44464826583862305,0x1.c751e00000000p-2
20260815T180544Z-f80be290,chunk_01,p012_sharper,p012,sharper,valid_1055_a_2.nii.gz,Br40f|Br60f,16,Bronchiectasis,0.5366305112838745,0x1.12c13c0000000p-1
20260815T180544Z-f80be290,chunk_01,p012_sharper,p012,sharper,valid_1055_a_2.nii.gz,Br40f|Br60f,17,Interlobular septal thickening,0.40922287106513977,0x1.a30b520000000p-2
20260815T180544Z-f80be290,chunk_01,p013_softer,p013,softer,valid_1060_a_1.nii.gz,Br40f|Br60f,0,Medical material,0.5963352918624878,0x1.3152dc0000000p-1
20260815T180544Z-f80be290,chunk_01,p013_softer,p013,softer,valid_1060_a_1.nii.gz,Br40f|Br60f,1,Arterial wall calcification,0.5930001735687256,0x1.2f9db80000000p-1
20260815T180544Z-f80be290,chunk_01,p013_softer,p013,softer,valid_1060_a_1.nii.gz,Br40f|Br60f,2,Cardiomegaly,0.6146336793899536,0x1.3ab1440000000p-1
20260815T180544Z-f80be290,chunk_01,p013_softer,p013,softer,valid_1060_a_1.nii.gz,Br40f|Br60f,3,Pericardial effusion,0.6333473920822144,0x1.44461c0000000p-1
20260815T180544Z-f80be290,chunk_01,p013_softer,p013,softer,valid_1060_a_1.nii.gz,Br40f|Br60f,4,Coronary artery wall calcification,0.5964257121086121,0x1.315eb60000000p-1
20260815T180544Z-f80be290,chunk_01,p013_softer,p013,softer,valid_1060_a_1.nii.gz,Br40f|Br60f,5,Hiatal hernia,0.5239607095718384,0x1.0c44940000000p-1
20260815T180544Z-f80be290,chunk_01,p013_softer,p013,softer,valid_1060_a_1.nii.gz,Br40f|Br60f,6,Lymphadenopathy,0.5775201916694641,0x1.27b0ba0000000p-1
20260815T180544Z-f80be290,chunk_01,p013_softer,p013,softer,valid_1060_a_1.nii.gz,Br40f|Br60f,7,Emphysema,0.5368419289588928,0x1.12dcf20000000p-1
20260815T180544Z-f80be290,chunk_01,p013_softer,p013,softer,valid_1060_a_1.nii.gz,Br40f|Br60f,8,Atelectasis,0.5702388286590576,0x1.23f6580000000p-1
20260815T180544Z-f80be290,chunk_01,p013_softer,p013,softer,valid_1060_a_1.nii.gz,Br40f|Br60f,9,Lung nodule,0.4934774339199066,0x1.f952260000000p-2
20260815T180544Z-f80be290,chunk_01,p013_softer,p013,softer,valid_1060_a_1.nii.gz,Br40f|Br60f,10,Lung opacity,0.5531489849090576,0x1.1b36580000000p-1
20260815T180544Z-f80be290,chunk_01,p013_softer,p013,softer,valid_1060_a_1.nii.gz,Br40f|Br60f,11,Pulmonary fibrotic sequela,0.5246832966804504,0x1.0ca34a0000000p-1
20260815T180544Z-f80be290,chunk_01,p013_softer,p013,softer,valid_1060_a_1.nii.gz,Br40f|Br60f,12,Pleural effusion,0.5987061858177185,0x1.32899e0000000p-1
20260815T180544Z-f80be290,chunk_01,p013_softer,p013,softer,valid_1060_a_1.nii.gz,Br40f|Br60f,13,Mosaic attenuation pattern,0.5964400768280029,0x1.3160980000000p-1
20260815T180544Z-f80be290,chunk_01,p013_softer,p013,softer,valid_1060_a_1.nii.gz,Br40f|Br60f,14,Peribronchial thickening,0.5686202645301819,0x1.2322320000000p-1
20260815T180544Z-f80be290,chunk_01,p013_softer,p013,softer,valid_1060_a_1.nii.gz,Br40f|Br60f,15,Consolidation,0.5883734822273254,0x1.2d3f4a0000000p-1
20260815T180544Z-f80be290,chunk_01,p013_softer,p013,softer,valid_1060_a_1.nii.gz,Br40f|Br60f,16,Bronchiectasis,0.5072615742683411,0x1.03b7ca0000000p-1
20260815T180544Z-f80be290,chunk_01,p013_softer,p013,softer,valid_1060_a_1.nii.gz,Br40f|Br60f,17,Interlobular septal thickening,0.5661604404449463,0x1.21dfc80000000p-1
20260815T180544Z-f80be290,chunk_01,p013_sharper,p013,sharper,valid_1060_a_2.nii.gz,Br40f|Br60f,0,Medical material,0.5953950881958008,0x1.30d7a00000000p-1
20260815T180544Z-f80be290,chunk_01,p013_sharper,p013,sharper,valid_1060_a_2.nii.gz,Br40f|Br60f,1,Arterial wall calcification,0.5893725752830505,0x1.2dc23e0000000p-1
20260815T180544Z-f80be290,chunk_01,p013_sharper,p013,sharper,valid_1060_a_2.nii.gz,Br40f|Br60f,2,Cardiomegaly,0.6143752336502075,0x1.3a8f640000000p-1
20260815T180544Z-f80be290,chunk_01,p013_sharper,p013,sharper,valid_1060_a_2.nii.gz,Br40f|Br60f,3,Pericardial effusion,0.6330116987228394,0x1.441a1c0000000p-1
20260815T180544Z-f80be290,chunk_01,p013_sharper,p013,sharper,valid_1060_a_2.nii.gz,Br40f|Br60f,4,Coronary artery wall calcification,0.593416154384613,0x1.2fd43e0000000p-1
20260815T180544Z-f80be290,chunk_01,p013_sharper,p013,sharper,valid_1060_a_2.nii.gz,Br40f|Br60f,5,Hiatal hernia,0.5219104290008545,0x1.0b37d80000000p-1
20260815T180544Z-f80be290,chunk_01,p013_sharper,p013,sharper,valid_1060_a_2.nii.gz,Br40f|Br60f,6,Lymphadenopathy,0.576465368270874,0x1.2726780000000p-1
20260815T180544Z-f80be290,chunk_01,p013_sharper,p013,sharper,valid_1060_a_2.nii.gz,Br40f|Br60f,7,Emphysema,0.5344622731208801,0x1.11a50a0000000p-1
20260815T180544Z-f80be290,chunk_01,p013_sharper,p013,sharper,valid_1060_a_2.nii.gz,Br40f|Br60f,8,Atelectasis,0.5688260793685913,0x1.233d2c0000000p-1
20260815T180544Z-f80be290,chunk_01,p013_sharper,p013,sharper,valid_1060_a_2.nii.gz,Br40f|Br60f,9,Lung nodule,0.4926922619342804,0x1.f884520000000p-2
20260815T180544Z-f80be290,chunk_01,p013_sharper,p013,sharper,valid_1060_a_2.nii.gz,Br40f|Br60f,10,Lung opacity,0.5521805286407471,0x1.1ab7680000000p-1
20260815T180544Z-f80be290,chunk_01,p013_sharper,p013,sharper,valid_1060_a_2.nii.gz,Br40f|Br60f,11,Pulmonary fibrotic sequela,0.5233789086341858,0x1.0bf8520000000p-1
20260815T180544Z-f80be290,chunk_01,p013_sharper,p013,sharper,valid_1060_a_2.nii.gz,Br40f|Br60f,12,Pleural effusion,0.5967977046966553,0x1.318f780000000p-1
20260815T180544Z-f80be290,chunk_01,p013_sharper,p013,sharper,valid_1060_a_2.nii.gz,Br40f|Br60f,13,Mosaic attenuation pattern,0.5966987013816833,0x1.31827e0000000p-1
20260815T180544Z-f80be290,chunk_01,p013_sharper,p013,sharper,valid_1060_a_2.nii.gz,Br40f|Br60f,14,Peribronchial thickening,0.5662981867790222,0x1.21f1d60000000p-1
20260815T180544Z-f80be290,chunk_01,p013_sharper,p013,sharper,valid_1060_a_2.nii.gz,Br40f|Br60f,15,Consolidation,0.5875749588012695,0x1.2cd6a00000000p-1
20260815T180544Z-f80be290,chunk_01,p013_sharper,p013,sharper,valid_1060_a_2.nii.gz,Br40f|Br60f,16,Bronchiectasis,0.5053812265396118,0x1.02c1540000000p-1
20260815T180544Z-f80be290,chunk_01,p013_sharper,p013,sharper,valid_1060_a_2.nii.gz,Br40f|Br60f,17,Interlobular septal thickening,0.5657265782356262,0x1.21a6ea0000000p-1
20260815T180544Z-f80be290,chunk_01,p014_softer,p014,softer,valid_1062_a_1.nii.gz,Br40f|Br60f,0,Medical material,0.5909286737442017,0x1.2e8e340000000p-1
20260815T180544Z-f80be290,chunk_01,p014_softer,p014,softer,valid_1062_a_1.nii.gz,Br40f|Br60f,1,Arterial wall calcification,0.5664786696434021,0x1.22097e0000000p-1
20260815T180544Z-f80be290,chunk_01,p014_softer,p014,softer,valid_1062_a_1.nii.gz,Br40f|Br60f,2,Cardiomegaly,0.5880023241043091,0x1.2d0ea40000000p-1
20260815T180544Z-f80be290,chunk_01,p014_softer,p014,softer,valid_1062_a_1.nii.gz,Br40f|Br60f,3,Pericardial effusion,0.6334396004676819,0x1.4452320000000p-1
20260815T180544Z-f80be290,chunk_01,p014_softer,p014,softer,valid_1062_a_1.nii.gz,Br40f|Br60f,4,Coronary artery wall calcification,0.5727819204330444,0x1.2543ac0000000p-1
20260815T180544Z-f80be290,chunk_01,p014_softer,p014,softer,valid_1062_a_1.nii.gz,Br40f|Br60f,5,Hiatal hernia,0.5121649503707886,0x1.063a7c0000000p-1
20260815T180544Z-f80be290,chunk_01,p014_softer,p014,softer,valid_1062_a_1.nii.gz,Br40f|Br60f,6,Lymphadenopathy,0.5663931965827942,0x1.21fe4a0000000p-1
20260815T180544Z-f80be290,chunk_01,p014_softer,p014,softer,valid_1062_a_1.nii.gz,Br40f|Br60f,7,Emphysema,0.522947371006012,0x1.0bbfc20000000p-1
20260815T180544Z-f80be290,chunk_01,p014_softer,p014,softer,valid_1062_a_1.nii.gz,Br40f|Br60f,8,Atelectasis,0.5589920282363892,0x1.1e34340000000p-1
20260815T180544Z-f80be290,chunk_01,p014_softer,p014,softer,valid_1062_a_1.nii.gz,Br40f|Br60f,9,Lung nodule,0.491816908121109,0x1.f79eda0000000p-2
20260815T180544Z-f80be290,chunk_01,p014_softer,p014,softer,valid_1062_a_1.nii.gz,Br40f|Br60f,10,Lung opacity,0.5526531338691711,0x1.1af55a0000000p-1
20260815T180544Z-f80be290,chunk_01,p014_softer,p014,softer,valid_1062_a_1.nii.gz,Br40f|Br60f,11,Pulmonary fibrotic sequela,0.5175766348838806,0x1.08ffce0000000p-1
20260815T180544Z-f80be290,chunk_01,p014_softer,p014,softer,valid_1062_a_1.nii.gz,Br40f|Br60f,12,Pleural effusion,0.5837627053260803,0x1.2ae2f20000000p-1
20260815T180544Z-f80be290,chunk_01,p014_softer,p014,softer,valid_1062_a_1.nii.gz,Br40f|Br60f,13,Mosaic attenuation pattern,0.5895974636077881,0x1.2ddfb80000000p-1
20260815T180544Z-f80be290,chunk_01,p014_softer,p014,softer,valid_1062_a_1.nii.gz,Br40f|Br60f,14,Peribronchial thickening,0.5662368535995483,0x1.21e9cc0000000p-1
20260815T180544Z-f80be290,chunk_01,p014_softer,p014,softer,valid_1062_a_1.nii.gz,Br40f|Br60f,15,Consolidation,0.5876761078834534,0x1.2ce3e20000000p-1
20260815T180544Z-f80be290,chunk_01,p014_softer,p014,softer,valid_1062_a_1.nii.gz,Br40f|Br60f,16,Bronchiectasis,0.5048983693122864,0x1.02820a0000000p-1
20260815T180544Z-f80be290,chunk_01,p014_softer,p014,softer,valid_1062_a_1.nii.gz,Br40f|Br60f,17,Interlobular septal thickening,0.5648277997970581,0x1.21311c0000000p-1
20260815T180544Z-f80be290,chunk_01,p014_sharper,p014,sharper,valid_1062_a_2.nii.gz,Br40f|Br60f,0,Medical material,0.5933642983436584,0x1.2fcd720000000p-1
20260815T180544Z-f80be290,chunk_01,p014_sharper,p014,sharper,valid_1062_a_2.nii.gz,Br40f|Br60f,1,Arterial wall calcification,0.5722289085388184,0x1.24fb300000000p-1
20260815T180544Z-f80be290,chunk_01,p014_sharper,p014,sharper,valid_1062_a_2.nii.gz,Br40f|Br60f,2,Cardiomegaly,0.592660129070282,0x1.2f71260000000p-1
20260815T180544Z-f80be290,chunk_01,p014_sharper,p014,sharper,valid_1062_a_2.nii.gz,Br40f|Br60f,3,Pericardial effusion,0.6335446834564209,0x1.445ff80000000p-1
20260815T180544Z-f80be290,chunk_01,p014_sharper,p014,sharper,valid_1062_a_2.nii.gz,Br40f|Br60f,4,Coronary artery wall calcification,0.5784376263618469,0x1.2828fa0000000p-1
20260815T180544Z-f80be290,chunk_01,p014_sharper,p014,sharper,valid_1062_a_2.nii.gz,Br40f|Br60f,5,Hiatal hernia,0.5139901041984558,0x1.0729b60000000p-1
20260815T180544Z-f80be290,chunk_01,p014_sharper,p014,sharper,valid_1062_a_2.nii.gz,Br40f|Br60f,6,Lymphadenopathy,0.5693103671073914,0x1.237ca60000000p-1
20260815T180544Z-f80be290,chunk_01,p014_sharper,p014,sharper,valid_1062_a_2.nii.gz,Br40f|Br60f,7,Emphysema,0.5256103873252869,0x1.0d1cce0000000p-1
20260815T180544Z-f80be290,chunk_01,p014_sharper,p014,sharper,valid_1062_a_2.nii.gz,Br40f|Br60f,8,Atelectasis,0.5610528588294983,0x1.1f42520000000p-1
20260815T180544Z-f80be290,chunk_01,p014_sharper,p014,sharper,valid_1062_a_2.nii.gz,Br40f|Br60f,9,Lung nodule,0.4919087290763855,0x1.f7b6ec0000000p-2
20260815T180544Z-f80be290,chunk_01,p014_sharper,p014,sharper,valid_1062_a_2.nii.gz,Br40f|Br60f,10,Lung opacity,0.5553001761436462,0x1.1c504e0000000p-1
20260815T180544Z-f80be290,chunk_01,p014_sharper,p014,sharper,valid_1062_a_2.nii.gz,Br40f|Br60f,11,Pulmonary fibrotic sequela,0.5187797546386719,0x1.099d800000000p-1
20260815T180544Z-f80be290,chunk_01,p014_sharper,p014,sharper,valid_1062_a_2.nii.gz,Br40f|Br60f,12,Pleural effusion,0.5885118842124939,0x1.2d516e0000000p-1
20260815T180544Z-f80be290,chunk_01,p014_sharper,p014,sharper,valid_1062_a_2.nii.gz,Br40f|Br60f,13,Mosaic attenuation pattern,0.5906825065612793,0x1.2e6df00000000p-1
20260815T180544Z-f80be290,chunk_01,p014_sharper,p014,sharper,valid_1062_a_2.nii.gz,Br40f|Br60f,14,Peribronchial thickening,0.5681025981903076,0x1.22de580000000p-1
20260815T180544Z-f80be290,chunk_01,p014_sharper,p014,sharper,valid_1062_a_2.nii.gz,Br40f|Br60f,15,Consolidation,0.5919016003608704,0x1.2f0dba0000000p-1
20260815T180544Z-f80be290,chunk_01,p014_sharper,p014,sharper,valid_1062_a_2.nii.gz,Br40f|Br60f,16,Bronchiectasis,0.5055198073387146,0x1.02d37e0000000p-1
20260815T180544Z-f80be290,chunk_01,p014_sharper,p014,sharper,valid_1062_a_2.nii.gz,Br40f|Br60f,17,Interlobular septal thickening,0.5695416331291199,0x1.239af60000000p-1
20260815T180544Z-f80be290,chunk_01,p015_softer,p015,softer,valid_1065_a_1.nii.gz,Br40f|Br60f,0,Medical material,0.5076352953910828,0x1.03e8c60000000p-1
20260815T180544Z-f80be290,chunk_01,p015_softer,p015,softer,valid_1065_a_1.nii.gz,Br40f|Br60f,1,Arterial wall calcification,0.4810540974140167,0x1.ec99720000000p-2
20260815T180544Z-f80be290,chunk_01,p015_softer,p015,softer,valid_1065_a_1.nii.gz,Br40f|Br60f,2,Cardiomegaly,0.4081328809261322,0x1.a1ed960000000p-2
20260815T180544Z-f80be290,chunk_01,p015_softer,p015,softer,valid_1065_a_1.nii.gz,Br40f|Br60f,3,Pericardial effusion,0.5126463770866394,0x1.0679960000000p-1
20260815T180544Z-f80be290,chunk_01,p015_softer,p015,softer,valid_1065_a_1.nii.gz,Br40f|Br60f,4,Coronary artery wall calcification,0.49978169798851013,0x1.ffc6c60000000p-2
20260815T180544Z-f80be290,chunk_01,p015_softer,p015,softer,valid_1065_a_1.nii.gz,Br40f|Br60f,5,Hiatal hernia,0.495184063911438,0x1.fb11880000000p-2
20260815T180544Z-f80be290,chunk_01,p015_softer,p015,softer,valid_1065_a_1.nii.gz,Br40f|Br60f,6,Lymphadenopathy,0.5049623250961304,0x1.028a6c0000000p-1
20260815T180544Z-f80be290,chunk_01,p015_softer,p015,softer,valid_1065_a_1.nii.gz,Br40f|Br60f,7,Emphysema,0.516674280166626,0x1.0889880000000p-1
20260815T180544Z-f80be290,chunk_01,p015_softer,p015,softer,valid_1065_a_1.nii.gz,Br40f|Br60f,8,Atelectasis,0.5035526752471924,0x1.01d1a80000000p-1
20260815T180544Z-f80be290,chunk_01,p015_softer,p015,softer,valid_1065_a_1.nii.gz,Br40f|Br60f,9,Lung nodule,0.5292993783950806,0x1.0f00540000000p-1
20260815T180544Z-f80be290,chunk_01,p015_softer,p015,softer,valid_1065_a_1.nii.gz,Br40f|Br60f,10,Lung opacity,0.4807210862636566,0x1.ec42260000000p-2
20260815T180544Z-f80be290,chunk_01,p015_softer,p015,softer,valid_1065_a_1.nii.gz,Br40f|Br60f,11,Pulmonary fibrotic sequela,0.5437381863594055,0x1.1664da0000000p-1
20260815T180544Z-f80be290,chunk_01,p015_softer,p015,softer,valid_1065_a_1.nii.gz,Br40f|Br60f,12,Pleural effusion,0.40172356367111206,0x1.9b5d6c0000000p-2
20260815T180544Z-f80be290,chunk_01,p015_softer,p015,softer,valid_1065_a_1.nii.gz,Br40f|Br60f,13,Mosaic attenuation pattern,0.47290337085723877,0x1.e440c80000000p-2
20260815T180544Z-f80be290,chunk_01,p015_softer,p015,softer,valid_1065_a_1.nii.gz,Br40f|Br60f,14,Peribronchial thickening,0.5612484812736511,0x1.1f5bf60000000p-1
20260815T180544Z-f80be290,chunk_01,p015_softer,p015,softer,valid_1065_a_1.nii.gz,Br40f|Br60f,15,Consolidation,0.48741358518600464,0x1.f31c8c0000000p-2
20260815T180544Z-f80be290,chunk_01,p015_softer,p015,softer,valid_1065_a_1.nii.gz,Br40f|Br60f,16,Bronchiectasis,0.5749899744987488,0x1.2665160000000p-1
20260815T180544Z-f80be290,chunk_01,p015_softer,p015,softer,valid_1065_a_1.nii.gz,Br40f|Br60f,17,Interlobular septal thickening,0.4537225663661957,0x1.d09ca60000000p-2
20260815T180544Z-f80be290,chunk_01,p015_sharper,p015,sharper,valid_1065_a_2.nii.gz,Br40f|Br60f,0,Medical material,0.5215720534324646,0x1.0b0b7e0000000p-1
20260815T180544Z-f80be290,chunk_01,p015_sharper,p015,sharper,valid_1065_a_2.nii.gz,Br40f|Br60f,1,Arterial wall calcification,0.5035380721092224,0x1.01cfbe0000000p-1
20260815T180544Z-f80be290,chunk_01,p015_sharper,p015,sharper,valid_1065_a_2.nii.gz,Br40f|Br60f,2,Cardiomegaly,0.4276641607284546,0x1.b5ed980000000p-2
20260815T180544Z-f80be290,chunk_01,p015_sharper,p015,sharper,valid_1065_a_2.nii.gz,Br40f|Br60f,3,Pericardial effusion,0.5304368138313293,0x1.0f956a0000000p-1
20260815T180544Z-f80be290,chunk_01,p015_sharper,p015,sharper,valid_1065_a_2.nii.gz,Br40f|Br60f,4,Coronary artery wall calcification,0.5214390158653259,0x1.0afa0e0000000p-1
20260815T180544Z-f80be290,chunk_01,p015_sharper,p015,sharper,valid_1065_a_2.nii.gz,Br40f|Br60f,5,Hiatal hernia,0.5029529333114624,0x1.01830c0000000p-1
20260815T180544Z-f80be290,chunk_01,p015_sharper,p015,sharper,valid_1065_a_2.nii.gz,Br40f|Br60f,6,Lymphadenopathy,0.5179489254951477,0x1.09309a0000000p-1
20260815T180544Z-f80be290,chunk_01,p015_sharper,p015,sharper,valid_1065_a_2.nii.gz,Br40f|Br60f,7,Emphysema,0.5290908813476562,0x1.0ee5000000000p-1
20260815T180544Z-f80be290,chunk_01,p015_sharper,p015,sharper,valid_1065_a_2.nii.gz,Br40f|Br60f,8,Atelectasis,0.5161308646202087,0x1.08424e0000000p-1
20260815T180544Z-f80be290,chunk_01,p015_sharper,p015,sharper,valid_1065_a_2.nii.gz,Br40f|Br60f,9,Lung nodule,0.5292986035346985,0x1.0f003a0000000p-1
20260815T180544Z-f80be290,chunk_01,p015_sharper,p015,sharper,valid_1065_a_2.nii.gz,Br40f|Br60f,10,Lung opacity,0.49140703678131104,0x1.f733680000000p-2
20260815T180544Z-f80be290,chunk_01,p015_sharper,p015,sharper,valid_1065_a_2.nii.gz,Br40f|Br60f,11,Pulmonary fibrotic sequela,0.5498540997505188,0x1.19867a0000000p-1
20260815T180544Z-f80be290,chunk_01,p015_sharper,p015,sharper,valid_1065_a_2.nii.gz,Br40f|Br60f,12,Pleural effusion,0.42335644364356995,0x1.b1845a0000000p-2
20260815T180544Z-f80be290,chunk_01,p015_sharper,p015,sharper,valid_1065_a_2.nii.gz,Br40f|Br60f,13,Mosaic attenuation pattern,0.4811458885669708,0x1.ecb1820000000p-2
20260815T180544Z-f80be290,chunk_01,p015_sharper,p015,sharper,valid_1065_a_2.nii.gz,Br40f|Br60f,14,Peribronchial thickening,0.5689632892608643,0x1.234f280000000p-1
20260815T180544Z-f80be290,chunk_01,p015_sharper,p015,sharper,valid_1065_a_2.nii.gz,Br40f|Br60f,15,Consolidation,0.5005475878715515,0x1.0047c60000000p-1
20260815T180544Z-f80be290,chunk_01,p015_sharper,p015,sharper,valid_1065_a_2.nii.gz,Br40f|Br60f,16,Bronchiectasis,0.5765647888183594,0x1.2733800000000p-1
20260815T180544Z-f80be290,chunk_01,p015_sharper,p015,sharper,valid_1065_a_2.nii.gz,Br40f|Br60f,17,Interlobular septal thickening,0.4711728096008301,0x1.e27b200000000p-2
20260815T180544Z-f80be290,chunk_01,p016_softer,p016,softer,valid_1069_b_1.nii.gz,Br40f|Br60f,0,Medical material,0.6050416231155396,0x1.35c8040000000p-1
20260815T180544Z-f80be290,chunk_01,p016_softer,p016,softer,valid_1069_b_1.nii.gz,Br40f|Br60f,1,Arterial wall calcification,0.5939804911613464,0x1.301e360000000p-1
20260815T180544Z-f80be290,chunk_01,p016_softer,p016,softer,valid_1069_b_1.nii.gz,Br40f|Br60f,2,Cardiomegaly,0.6099503636360168,0x1.384b6a0000000p-1
20260815T180544Z-f80be290,chunk_01,p016_softer,p016,softer,valid_1069_b_1.nii.gz,Br40f|Br60f,3,Pericardial effusion,0.6354404091835022,0x1.4558720000000p-1
20260815T180544Z-f80be290,chunk_01,p016_softer,p016,softer,valid_1069_b_1.nii.gz,Br40f|Br60f,4,Coronary artery wall calcification,0.6012271046638489,0x1.33d40a0000000p-1
20260815T180544Z-f80be290,chunk_01,p016_softer,p016,softer,valid_1069_b_1.nii.gz,Br40f|Br60f,5,Hiatal hernia,0.5234655737876892,0x1.0c03ae0000000p-1
20260815T180544Z-f80be290,chunk_01,p016_softer,p016,softer,valid_1069_b_1.nii.gz,Br40f|Br60f,6,Lymphadenopathy,0.578514814376831,0x1.2833180000000p-1
20260815T180544Z-f80be290,chunk_01,p016_softer,p016,softer,valid_1069_b_1.nii.gz,Br40f|Br60f,7,Emphysema,0.5367274880409241,0x1.12cdf20000000p-1
20260815T180544Z-f80be290,chunk_01,p016_softer,p016,softer,valid_1069_b_1.nii.gz,Br40f|Br60f,8,Atelectasis,0.5687597393989563,0x1.23347a0000000p-1
20260815T180544Z-f80be290,chunk_01,p016_softer,p016,softer,valid_1069_b_1.nii.gz,Br40f|Br60f,9,Lung nodule,0.49667903780937195,0x1.fc996e0000000p-2
20260815T180544Z-f80be290,chunk_01,p016_softer,p016,softer,valid_1069_b_1.nii.gz,Br40f|Br60f,10,Lung opacity,0.5557988286018372,0x1.1c91aa0000000p-1
20260815T180544Z-f80be290,chunk_01,p016_softer,p016,softer,valid_1069_b_1.nii.gz,Br40f|Br60f,11,Pulmonary fibrotic sequela,0.5284667611122131,0x1.0e93320000000p-1
20260815T180544Z-f80be290,chunk_01,p016_softer,p016,softer,valid_1069_b_1.nii.gz,Br40f|Br60f,12,Pleural effusion,0.6050081849098206,0x1.35c3a20000000p-1
20260815T180544Z-f80be290,chunk_01,p016_softer,p016,softer,valid_1069_b_1.nii.gz,Br40f|Br60f,13,Mosaic attenuation pattern,0.5803893804550171,0x1.2928cc0000000p-1
20260815T180544Z-f80be290,chunk_01,p016_softer,p016,softer,valid_1069_b_1.nii.gz,Br40f|Br60f,14,Peribronchial thickening,0.5673267245292664,0x1.2278a60000000p-1
20260815T180544Z-f80be290,chunk_01,p016_softer,p016,softer,valid_1069_b_1.nii.gz,Br40f|Br60f,15,Consolidation,0.5910677909851074,0x1.2ea0700000000p-1
20260815T180544Z-f80be290,chunk_01,p016_softer,p016,softer,valid_1069_b_1.nii.gz,Br40f|Br60f,16,Bronchiectasis,0.5137566328048706,0x1.070b1c0000000p-1
20260815T180544Z-f80be290,chunk_01,p016_softer,p016,softer,valid_1069_b_1.nii.gz,Br40f|Br60f,17,Interlobular septal thickening,0.5730750560760498,0x1.256a180000000p-1
20260815T180544Z-f80be290,chunk_01,p016_sharper,p016,sharper,valid_1069_b_2.nii.gz,Br40f|Br60f,0,Medical material,0.6036717295646667,0x1.3514760000000p-1
20260815T180544Z-f80be290,chunk_01,p016_sharper,p016,sharper,valid_1069_b_2.nii.gz,Br40f|Br60f,1,Arterial wall calcification,0.593952476978302,0x1.301a8a0000000p-1
20260815T180544Z-f80be290,chunk_01,p016_sharper,p016,sharper,valid_1069_b_2.nii.gz,Br40f|Br60f,2,Cardiomegaly,0.6061771512031555,0x1.365cda0000000p-1
20260815T180544Z-f80be290,chunk_01,p016_sharper,p016,sharper,valid_1069_b_2.nii.gz,Br40f|Br60f,3,Pericardial effusion,0.6334471106529236,0x1.44532e0000000p-1
20260815T180544Z-f80be290,chunk_01,p016_sharper,p016,sharper,valid_1069_b_2.nii.gz,Br40f|Br60f,4,Coronary artery wall calcification,0.6014448404312134,0x1.33f0940000000p-1
20260815T180544Z-f80be290,chunk_01,p016_sharper,p016,sharper,valid_1069_b_2.nii.gz,Br40f|Br60f,5,Hiatal hernia,0.5230505466461182,0x1.0bcd480000000p-1
20260815T180544Z-f80be290,chunk_01,p016_sharper,p016,sharper,valid_1069_b_2.nii.gz,Br40f|Br60f,6,Lymphadenopathy,0.5791937112808228,0x1.288c140000000p-1
20260815T180544Z-f80be290,chunk_01,p016_sharper,p016,sharper,valid_1069_b_2.nii.gz,Br40f|Br60f,7,Emphysema,0.5382922887802124,0x1.139b0c0000000p-1
20260815T180544Z-f80be290,chunk_01,p016_sharper,p016,sharper,valid_1069_b_2.nii.gz,Br40f|Br60f,8,Atelectasis,0.5680811405181885,0x1.22db880000000p-1
20260815T180544Z-f80be290,chunk_01,p016_sharper,p016,sharper,valid_1069_b_2.nii.gz,Br40f|Br60f,9,Lung nodule,0.49725934863090515,0x1.fd318e0000000p-2
20260815T180544Z-f80be290,chunk_01,p016_sharper,p016,sharper,valid_1069_b_2.nii.gz,Br40f|Br60f,10,Lung opacity,0.5572518706321716,0x1.1d501e0000000p-1
20260815T180544Z-f80be290,chunk_01,p016_sharper,p016,sharper,valid_1069_b_2.nii.gz,Br40f|Br60f,11,Pulmonary fibrotic sequela,0.5295506715774536,0x1.0f21440000000p-1
20260815T180544Z-f80be290,chunk_01,p016_sharper,p016,sharper,valid_1069_b_2.nii.gz,Br40f|Br60f,12,Pleural effusion,0.6034488677978516,0x1.34f7400000000p-1
20260815T180544Z-f80be290,chunk_01,p016_sharper,p016,sharper,valid_1069_b_2.nii.gz,Br40f|Br60f,13,Mosaic attenuation pattern,0.5779111385345459,0x1.27e3f80000000p-1
20260815T180544Z-f80be290,chunk_01,p016_sharper,p016,sharper,valid_1069_b_2.nii.gz,Br40f|Br60f,14,Peribronchial thickening,0.5681313872337341,0x1.22e21e0000000p-1
20260815T180544Z-f80be290,chunk_01,p016_sharper,p016,sharper,valid_1069_b_2.nii.gz,Br40f|Br60f,15,Consolidation,0.5937813520431519,0x1.30041c0000000p-1
20260815T180544Z-f80be290,chunk_01,p016_sharper,p016,sharper,valid_1069_b_2.nii.gz,Br40f|Br60f,16,Bronchiectasis,0.5155080556869507,0x1.07f0ac0000000p-1
20260815T180544Z-f80be290,chunk_01,p016_sharper,p016,sharper,valid_1069_b_2.nii.gz,Br40f|Br60f,17,Interlobular septal thickening,0.5733396410942078,0x1.258cc60000000p-1
20260815T180544Z-f80be290,chunk_01,p017_softer,p017,softer,valid_1070_a_1.nii.gz,Br40f|Br60f,0,Medical material,0.5386508107185364,0x1.13ca0a0000000p-1
20260815T180544Z-f80be290,chunk_01,p017_softer,p017,softer,valid_1070_a_1.nii.gz,Br40f|Br60f,1,Arterial wall calcification,0.46362006664276123,0x1.dabf380000000p-2
20260815T180544Z-f80be290,chunk_01,p017_softer,p017,softer,valid_1070_a_1.nii.gz,Br40f|Br60f,2,Cardiomegaly,0.4951060712337494,0x1.fafd160000000p-2
20260815T180544Z-f80be290,chunk_01,p017_softer,p017,softer,valid_1070_a_1.nii.gz,Br40f|Br60f,3,Pericardial effusion,0.5689408779144287,0x1.234c380000000p-1
20260815T180544Z-f80be290,chunk_01,p017_softer,p017,softer,valid_1070_a_1.nii.gz,Br40f|Br60f,4,Coronary artery wall calcification,0.4726487994194031,0x1.e3fe0c0000000p-2
20260815T180544Z-f80be290,chunk_01,p017_softer,p017,softer,valid_1070_a_1.nii.gz,Br40f|Br60f,5,Hiatal hernia,0.4743458032608032,0x1.e5bae80000000p-2
20260815T180544Z-f80be290,chunk_01,p017_softer,p017,softer,valid_1070_a_1.nii.gz,Br40f|Br60f,6,Lymphadenopathy,0.5055011510848999,0x1.02d10c0000000p-1
20260815T180544Z-f80be290,chunk_01,p017_softer,p017,softer,valid_1070_a_1.nii.gz,Br40f|Br60f,7,Emphysema,0.4645967185497284,0x1.dbbf3e0000000p-2
20260815T180544Z-f80be290,chunk_01,p017_softer,p017,softer,valid_1070_a_1.nii.gz,Br40f|Br60f,8,Atelectasis,0.5097839832305908,0x1.0502680000000p-1
20260815T180544Z-f80be290,chunk_01,p017_softer,p017,softer,valid_1070_a_1.nii.gz,Br40f|Br60f,9,Lung nodule,0.4898906350135803,0x1.f5a5e40000000p-2
20260815T180544Z-f80be290,chunk_01,p017_softer,p017,softer,valid_1070_a_1.nii.gz,Br40f|Br60f,10,Lung opacity,0.5130373239517212,0x1.06acd40000000p-1
20260815T180544Z-f80be290,chunk_01,p017_softer,p017,softer,valid_1070_a_1.nii.gz,Br40f|Br60f,11,Pulmonary fibrotic sequela,0.49601373076438904,0x1.fbeb060000000p-2
20260815T180544Z-f80be290,chunk_01,p017_softer,p017,softer,valid_1070_a_1.nii.gz,Br40f|Br60f,12,Pleural effusion,0.4566689133644104,0x1.d3a1040000000p-2
20260815T180544Z-f80be290,chunk_01,p017_softer,p017,softer,valid_1070_a_1.nii.gz,Br40f|Br60f,13,Mosaic attenuation pattern,0.5443287491798401,0x1.16b2420000000p-1
20260815T180544Z-f80be290,chunk_01,p017_softer,p017,softer,valid_1070_a_1.nii.gz,Br40f|Br60f,14,Peribronchial thickening,0.5231361389160156,0x1.0bd8800000000p-1
20260815T180544Z-f80be290,chunk_01,p017_softer,p017,softer,valid_1070_a_1.nii.gz,Br40f|Br60f,15,Consolidation,0.5480709075927734,0x1.189cc00000000p-1
20260815T180544Z-f80be290,chunk_01,p017_softer,p017,softer,valid_1070_a_1.nii.gz,Br40f|Br60f,16,Bronchiectasis,0.491120308637619,0x1.f6e83e0000000p-2
20260815T180544Z-f80be290,chunk_01,p017_softer,p017,softer,valid_1070_a_1.nii.gz,Br40f|Br60f,17,Interlobular septal thickening,0.5045773386955261,0x1.0257f60000000p-1
20260815T180544Z-f80be290,chunk_01,p017_sharper,p017,sharper,valid_1070_a_2.nii.gz,Br40f|Br60f,0,Medical material,0.5440379977226257,0x1.168c260000000p-1
20260815T180544Z-f80be290,chunk_01,p017_sharper,p017,sharper,valid_1070_a_2.nii.gz,Br40f|Br60f,1,Arterial wall calcification,0.4773564040660858,0x1.e8d01e0000000p-2
20260815T180544Z-f80be290,chunk_01,p017_sharper,p017,sharper,valid_1070_a_2.nii.gz,Br40f|Br60f,2,Cardiomegaly,0.5117697715759277,0x1.0606b00000000p-1
20260815T180544Z-f80be290,chunk_01,p017_sharper,p017,sharper,valid_1070_a_2.nii.gz,Br40f|Br60f,3,Pericardial effusion,0.5730538964271545,0x1.2567520000000p-1
20260815T180544Z-f80be290,chunk_01,p017_sharper,p017,sharper,valid_1070_a_2.nii.gz,Br40f|Br60f,4,Coronary artery wall calcification,0.48422929644584656,0x1.efd9ce0000000p-2
20260815T180544Z-f80be290,chunk_01,p017_sharper,p017,sharper,valid_1070_a_2.nii.gz,Br40f|Br60f,5,Hiatal hernia,0.48308372497558594,0x1.eead800000000p-2
20260815T180544Z-f80be290,chunk_01,p017_sharper,p017,sharper,valid_1070_a_2.nii.gz,Br40f|Br60f,6,Lymphadenopathy,0.5111576318740845,0x1.05b6740000000p-1
20260815T180544Z-f80be290,chunk_01,p017_sharper,p017,sharper,valid_1070_a_2.nii.gz,Br40f|Br60f,7,Emphysema,0.4691387414932251,0x1.e065e80000000p-2
20260815T180544Z-f80be290,chunk_01,p017_sharper,p017,sharper,valid_1070_a_2.nii.gz,Br40f|Br60f,8,Atelectasis,0.5155261754989624,0x1.07f30c0000000p-1
20260815T180544Z-f80be290,chunk_01,p017_sharper,p017,sharper,valid_1070_a_2.nii.gz,Br40f|Br60f,9,Lung nodule,0.48890799283981323,0x1.f4a44c0000000p-2
20260815T180544Z-f80be290,chunk_01,p017_sharper,p017,sharper,valid_1070_a_2.nii.gz,Br40f|Br60f,10,Lung opacity,0.5202275514602661,0x1.0a5b440000000p-1
20260815T180544Z-f80be290,chunk_01,p017_sharper,p017,sharper,valid_1070_a_2.nii.gz,Br40f|Br60f,11,Pulmonary fibrotic sequela,0.4971800744533539,0x1.fd1cc60000000p-2
20260815T180544Z-f80be290,chunk_01,p017_sharper,p017,sharper,valid_1070_a_2.nii.gz,Br40f|Br60f,12,Pleural effusion,0.4682883322238922,0x1.df86fa0000000p-2
20260815T180544Z-f80be290,chunk_01,p017_sharper,p017,sharper,valid_1070_a_2.nii.gz,Br40f|Br60f,13,Mosaic attenuation pattern,0.5525394678115845,0x1.1ae6740000000p-1
20260815T180544Z-f80be290,chunk_01,p017_sharper,p017,sharper,valid_1070_a_2.nii.gz,Br40f|Br60f,14,Peribronchial thickening,0.5230003595352173,0x1.0bc6b40000000p-1
20260815T180544Z-f80be290,chunk_01,p017_sharper,p017,sharper,valid_1070_a_2.nii.gz,Br40f|Br60f,15,Consolidation,0.5578675866127014,0x1.1da0d20000000p-1
20260815T180544Z-f80be290,chunk_01,p017_sharper,p017,sharper,valid_1070_a_2.nii.gz,Br40f|Br60f,16,Bronchiectasis,0.4871334731578827,0x1.f2d31e0000000p-2
20260815T180544Z-f80be290,chunk_01,p017_sharper,p017,sharper,valid_1070_a_2.nii.gz,Br40f|Br60f,17,Interlobular septal thickening,0.5174412727355957,0x1.08ee100000000p-1
20260815T180544Z-f80be290,chunk_01,p018_softer,p018,softer,valid_1081_b_1.nii.gz,Br40f|Br60f,0,Medical material,0.4581097960472107,0x1.d51abc0000000p-2
20260815T180544Z-f80be290,chunk_01,p018_softer,p018,softer,valid_1081_b_1.nii.gz,Br40f|Br60f,1,Arterial wall calcification,0.3770231306552887,0x1.82125a0000000p-2
20260815T180544Z-f80be290,chunk_01,p018_softer,p018,softer,valid_1081_b_1.nii.gz,Br40f|Br60f,2,Cardiomegaly,0.3606516420841217,0x1.714eaa0000000p-2
20260815T180544Z-f80be290,chunk_01,p018_softer,p018,softer,valid_1081_b_1.nii.gz,Br40f|Br60f,3,Pericardial effusion,0.47631314396858215,0x1.e7bea20000000p-2
20260815T180544Z-f80be290,chunk_01,p018_softer,p018,softer,valid_1081_b_1.nii.gz,Br40f|Br60f,4,Coronary artery wall calcification,0.38707825541496277,0x1.8c5e3e0000000p-2
20260815T180544Z-f80be290,chunk_01,p018_softer,p018,softer,valid_1081_b_1.nii.gz,Br40f|Br60f,5,Hiatal hernia,0.44416216015815735,0x1.c6d2720000000p-2
20260815T180544Z-f80be290,chunk_01,p018_softer,p018,softer,valid_1081_b_1.nii.gz,Br40f|Br60f,6,Lymphadenopathy,0.44164761900901794,0x1.c43f460000000p-2
20260815T180544Z-f80be290,chunk_01,p018_softer,p018,softer,valid_1081_b_1.nii.gz,Br40f|Br60f,7,Emphysema,0.4592546224594116,0x1.d646d80000000p-2
20260815T180544Z-f80be290,chunk_01,p018_softer,p018,softer,valid_1081_b_1.nii.gz,Br40f|Br60f,8,Atelectasis,0.4437309801578522,0x1.c6616a0000000p-2
20260815T180544Z-f80be290,chunk_01,p018_softer,p018,softer,valid_1081_b_1.nii.gz,Br40f|Br60f,9,Lung nodule,0.5134969353675842,0x1.06e9120000000p-1
20260815T180544Z-f80be290,chunk_01,p018_softer,p018,softer,valid_1081_b_1.nii.gz,Br40f|Br60f,10,Lung opacity,0.45293283462524414,0x1.cfcda00000000p-2
20260815T180544Z-f80be290,chunk_01,p018_softer,p018,softer,valid_1081_b_1.nii.gz,Br40f|Br60f,11,Pulmonary fibrotic sequela,0.5051515698432922,0x1.02a33a0000000p-1
20260815T180544Z-f80be290,chunk_01,p018_softer,p018,softer,valid_1081_b_1.nii.gz,Br40f|Br60f,12,Pleural effusion,0.3545064330101013,0x1.6b03bc0000000p-2
20260815T180544Z-f80be290,chunk_01,p018_softer,p018,softer,valid_1081_b_1.nii.gz,Br40f|Br60f,13,Mosaic attenuation pattern,0.4290477931499481,0x1.b7584e0000000p-2
20260815T180544Z-f80be290,chunk_01,p018_softer,p018,softer,valid_1081_b_1.nii.gz,Br40f|Br60f,14,Peribronchial thickening,0.5076003670692444,0x1.03e4320000000p-1
20260815T180544Z-f80be290,chunk_01,p018_softer,p018,softer,valid_1081_b_1.nii.gz,Br40f|Br60f,15,Consolidation,0.4456329941749573,0x1.c854040000000p-2
20260815T180544Z-f80be290,chunk_01,p018_softer,p018,softer,valid_1081_b_1.nii.gz,Br40f|Br60f,16,Bronchiectasis,0.5149595737457275,0x1.07a8c80000000p-1
20260815T180544Z-f80be290,chunk_01,p018_softer,p018,softer,valid_1081_b_1.nii.gz,Br40f|Br60f,17,Interlobular septal thickening,0.4104684293270111,0x1.a451d60000000p-2
20260815T180544Z-f80be290,chunk_01,p018_sharper,p018,sharper,valid_1081_b_2.nii.gz,Br40f|Br60f,0,Medical material,0.4583483934402466,0x1.d559480000000p-2
20260815T180544Z-f80be290,chunk_01,p018_sharper,p018,sharper,valid_1081_b_2.nii.gz,Br40f|Br60f,1,Arterial wall calcification,0.380887508392334,0x1.8607600000000p-2
20260815T180544Z-f80be290,chunk_01,p018_sharper,p018,sharper,valid_1081_b_2.nii.gz,Br40f|Br60f,2,Cardiomegaly,0.35921773314476013,0x1.6fd6c60000000p-2
20260815T180544Z-f80be290,chunk_01,p018_sharper,p018,sharper,valid_1081_b_2.nii.gz,Br40f|Br60f,3,Pericardial effusion,0.4737893342971802,0x1.e529080000000p-2
20260815T180544Z-f80be290,chunk_01,p018_sharper,p018,sharper,valid_1081_b_2.nii.gz,Br40f|Br60f,4,Coronary artery wall calcification,0.3906368613243103,0x1.90031c0000000p-2
20260815T180544Z-f80be290,chunk_01,p018_sharper,p018,sharper,valid_1081_b_2.nii.gz,Br40f|Br60f,5,Hiatal hernia,0.44866299629211426,0x1.cb6e500000000p-2
20260815T180544Z-f80be290,chunk_01,p018_sharper,p018,sharper,valid_1081_b_2.nii.gz,Br40f|Br60f,6,Lymphadenopathy,0.4427993893623352,0x1.c56d340000000p-2
20260815T180544Z-f80be290,chunk_01,p018_sharper,p018,sharper,valid_1081_b_2.nii.gz,Br40f|Br60f,7,Emphysema,0.46315041184425354,0x1.da441a0000000p-2
20260815T180544Z-f80be290,chunk_01,p018_sharper,p018,sharper,valid_1081_b_2.nii.gz,Br40f|Br60f,8,Atelectasis,0.44408342242240906,0x1.c6bdce0000000p-2
20260815T180544Z-f80be290,chunk_01,p018_sharper,p018,sharper,valid_1081_b_2.nii.gz,Br40f|Br60f,9,Lung nodule,0.5166358351707458,0x1.08847e0000000p-1
20260815T180544Z-f80be290,chunk_01,p018_sharper,p018,sharper,valid_1081_b_2.nii.gz,Br40f|Br60f,10,Lung opacity,0.45087650418281555,0x1.cdb2920000000p-2
20260815T180544Z-f80be290,chunk_01,p018_sharper,p018,sharper,valid_1081_b_2.nii.gz,Br40f|Br60f,11,Pulmonary fibrotic sequela,0.5085335373878479,0x1.045e820000000p-1
20260815T180544Z-f80be290,chunk_01,p018_sharper,p018,sharper,valid_1081_b_2.nii.gz,Br40f|Br60f,12,Pleural effusion,0.35000112652778625,0x1.6666b20000000p-2
20260815T180544Z-f80be290,chunk_01,p018_sharper,p018,sharper,valid_1081_b_2.nii.gz,Br40f|Br60f,13,Mosaic attenuation pattern,0.4290592074394226,0x1.b75b4c0000000p-2
20260815T180544Z-f80be290,chunk_01,p018_sharper,p018,sharper,valid_1081_b_2.nii.gz,Br40f|Br60f,14,Peribronchial thickening,0.5084065794944763,0x1.044dde0000000p-1
20260815T180544Z-f80be290,chunk_01,p018_sharper,p018,sharper,valid_1081_b_2.nii.gz,Br40f|Br60f,15,Consolidation,0.44140851497650146,0x1.c400980000000p-2
20260815T180544Z-f80be290,chunk_01,p018_sharper,p018,sharper,valid_1081_b_2.nii.gz,Br40f|Br60f,16,Bronchiectasis,0.5176150798797607,0x1.0904d80000000p-1
20260815T180544Z-f80be290,chunk_01,p018_sharper,p018,sharper,valid_1081_b_2.nii.gz,Br40f|Br60f,17,Interlobular septal thickening,0.4078424572944641,0x1.a1a1740000000p-2
20260815T180544Z-f80be290,chunk_01,p019_softer,p019,softer,valid_1082_a_1.nii.gz,Br40f|Br60f,0,Medical material,0.602263867855072,0x1.345bee0000000p-1
20260815T180544Z-f80be290,chunk_01,p019_softer,p019,softer,valid_1082_a_1.nii.gz,Br40f|Br60f,1,Arterial wall calcification,0.5909886956214905,0x1.2e96120000000p-1
20260815T180544Z-f80be290,chunk_01,p019_softer,p019,softer,valid_1082_a_1.nii.gz,Br40f|Br60f,2,Cardiomegaly,0.6128167510032654,0x1.39c31e0000000p-1
20260815T180544Z-f80be290,chunk_01,p019_softer,p019,softer,valid_1082_a_1.nii.gz,Br40f|Br60f,3,Pericardial effusion,0.6355620622634888,0x1.4568640000000p-1
20260815T180544Z-f80be290,chunk_01,p019_softer,p019,softer,valid_1082_a_1.nii.gz,Br40f|Br60f,4,Coronary artery wall calcification,0.5983206033706665,0x1.3257140000000p-1
20260815T180544Z-f80be290,chunk_01,p019_softer,p019,softer,valid_1082_a_1.nii.gz,Br40f|Br60f,5,Hiatal hernia,0.5214784145355225,0x1.0aff380000000p-1
20260815T180544Z-f80be290,chunk_01,p019_softer,p019,softer,valid_1082_a_1.nii.gz,Br40f|Br60f,6,Lymphadenopathy,0.5755816698074341,0x1.26b2a40000000p-1
20260815T180544Z-f80be290,chunk_01,p019_softer,p019,softer,valid_1082_a_1.nii.gz,Br40f|Br60f,7,Emphysema,0.5339763760566711,0x1.11655a0000000p-1
20260815T180544Z-f80be290,chunk_01,p019_softer,p019,softer,valid_1082_a_1.nii.gz,Br40f|Br60f,8,Atelectasis,0.5696909427642822,0x1.23ae880000000p-1
20260815T180544Z-f80be290,chunk_01,p019_softer,p019,softer,valid_1082_a_1.nii.gz,Br40f|Br60f,9,Lung nodule,0.49544018507003784,0x1.fb54ac0000000p-2
20260815T180544Z-f80be290,chunk_01,p019_softer,p019,softer,valid_1082_a_1.nii.gz,Br40f|Br60f,10,Lung opacity,0.5528071522712708,0x1.1b098a0000000p-1
20260815T180544Z-f80be290,chunk_01,p019_softer,p019,softer,valid_1082_a_1.nii.gz,Br40f|Br60f,11,Pulmonary fibrotic sequela,0.5276677012443542,0x1.0e2a760000000p-1
20260815T180544Z-f80be290,chunk_01,p019_softer,p019,softer,valid_1082_a_1.nii.gz,Br40f|Br60f,12,Pleural effusion,0.6071540117263794,0x1.36dce40000000p-1
20260815T180544Z-f80be290,chunk_01,p019_softer,p019,softer,valid_1082_a_1.nii.gz,Br40f|Br60f,13,Mosaic attenuation pattern,0.582656979560852,0x1.2a52040000000p-1
20260815T180544Z-f80be290,chunk_01,p019_softer,p019,softer,valid_1082_a_1.nii.gz,Br40f|Br60f,14,Peribronchial thickening,0.5666179060935974,0x1.221bbe0000000p-1
20260815T180544Z-f80be290,chunk_01,p019_softer,p019,softer,valid_1082_a_1.nii.gz,Br40f|Br60f,15,Consolidation,0.5845646262168884,0x1.2b4c0e0000000p-1
20260815T180544Z-f80be290,chunk_01,p019_softer,p019,softer,valid_1082_a_1.nii.gz,Br40f|Br60f,16,Bronchiectasis,0.5081414580345154,0x1.042b1e0000000p-1
20260815T180544Z-f80be290,chunk_01,p019_softer,p019,softer,valid_1082_a_1.nii.gz,Br40f|Br60f,17,Interlobular septal thickening,0.5736277103424072,0x1.25b2880000000p-1
20260815T180544Z-f80be290,chunk_01,p019_sharper,p019,sharper,valid_1082_a_2.nii.gz,Br40f|Br60f,0,Medical material,0.6023034453392029,0x1.34611e0000000p-1
20260815T180544Z-f80be290,chunk_01,p019_sharper,p019,sharper,valid_1082_a_2.nii.gz,Br40f|Br60f,1,Arterial wall calcification,0.5925188660621643,0x1.2f5ea20000000p-1
20260815T180544Z-f80be290,chunk_01,p019_sharper,p019,sharper,valid_1082_a_2.nii.gz,Br40f|Br60f,2,Cardiomegaly,0.6150060296058655,0x1.3ae2120000000p-1
20260815T180544Z-f80be290,chunk_01,p019_sharper,p019,sharper,valid_1082_a_2.nii.gz,Br40f|Br60f,3,Pericardial effusion,0.6346149444580078,0x1.44ec400000000p-1
20260815T180544Z-f80be290,chunk_01,p019_sharper,p019,sharper,valid_1082_a_2.nii.gz,Br40f|Br60f,4,Coronary artery wall calcification,0.5994998812675476,0x1.32f1a60000000p-1
20260815T180544Z-f80be290,chunk_01,p019_sharper,p019,sharper,valid_1082_a_2.nii.gz,Br40f|Br60f,5,Hiatal hernia,0.5223860740661621,0x1.0b76300000000p-1
20260815T180544Z-f80be290,chunk_01,p019_sharper,p019,sharper,valid_1082_a_2.nii.gz,Br40f|Br60f,6,Lymphadenopathy,0.5765836238861084,0x1.2735f80000000p-1
20260815T180544Z-f80be290,chunk_01,p019_sharper,p019,sharper,valid_1082_a_2.nii.gz,Br40f|Br60f,7,Emphysema,0.534432053565979,0x1.11a1140000000p-1
20260815T180544Z-f80be290,chunk_01,p019_sharper,p019,sharper,valid_1082_a_2.nii.gz,Br40f|Br60f,8,Atelectasis,0.5698699951171875,0x1.23c6000000000p-1
20260815T180544Z-f80be290,chunk_01,p019_sharper,p019,sharper,valid_1082_a_2.nii.gz,Br40f|Br60f,9,Lung nodule,0.4952055811882019,0x1.fb172c0000000p-2
20260815T180544Z-f80be290,chunk_01,p019_sharper,p019,sharper,valid_1082_a_2.nii.gz,Br40f|Br60f,10,Lung opacity,0.5537449717521667,0x1.1b84760000000p-1
20260815T180544Z-f80be290,chunk_01,p019_sharper,p019,sharper,valid_1082_a_2.nii.gz,Br40f|Br60f,11,Pulmonary fibrotic sequela,0.5279566645622253,0x1.0e50560000000p-1
20260815T180544Z-f80be290,chunk_01,p019_sharper,p019,sharper,valid_1082_a_2.nii.gz,Br40f|Br60f,12,Pleural effusion,0.6081846356391907,0x1.3763fa0000000p-1
20260815T180544Z-f80be290,chunk_01,p019_sharper,p019,sharper,valid_1082_a_2.nii.gz,Br40f|Br60f,13,Mosaic attenuation pattern,0.5840572118759155,0x1.2b098c0000000p-1
20260815T180544Z-f80be290,chunk_01,p019_sharper,p019,sharper,valid_1082_a_2.nii.gz,Br40f|Br60f,14,Peribronchial thickening,0.5674473643302917,0x1.2288760000000p-1
20260815T180544Z-f80be290,chunk_01,p019_sharper,p019,sharper,valid_1082_a_2.nii.gz,Br40f|Br60f,15,Consolidation,0.5853360891342163,0x1.2bb12c0000000p-1
20260815T180544Z-f80be290,chunk_01,p019_sharper,p019,sharper,valid_1082_a_2.nii.gz,Br40f|Br60f,16,Bronchiectasis,0.5077528357505798,0x1.03f82e0000000p-1
20260815T180544Z-f80be290,chunk_01,p019_sharper,p019,sharper,valid_1082_a_2.nii.gz,Br40f|Br60f,17,Interlobular septal thickening,0.5746649503707886,0x1.263a7c0000000p-1
20260815T180544Z-f80be290,chunk_01,p020_softer,p020,softer,valid_1088_a_1.nii.gz,Br40f|Br60f,0,Medical material,0.5804080963134766,0x1.292b400000000p-1
20260815T180544Z-f80be290,chunk_01,p020_softer,p020,softer,valid_1088_a_1.nii.gz,Br40f|Br60f,1,Arterial wall calcification,0.5566645860671997,0x1.1d03240000000p-1
20260815T180544Z-f80be290,chunk_01,p020_softer,p020,softer,valid_1088_a_1.nii.gz,Br40f|Br60f,2,Cardiomegaly,0.5359120965003967,0x1.1263120000000p-1
20260815T180544Z-f80be290,chunk_01,p020_softer,p020,softer,valid_1088_a_1.nii.gz,Br40f|Br60f,3,Pericardial effusion,0.6070436239242554,0x1.36ce6c0000000p-1
20260815T180544Z-f80be290,chunk_01,p020_softer,p020,softer,valid_1088_a_1.nii.gz,Br40f|Br60f,4,Coronary artery wall calcification,0.5665135979652405,0x1.220e120000000p-1
20260815T180544Z-f80be290,chunk_01,p020_softer,p020,softer,valid_1088_a_1.nii.gz,Br40f|Br60f,5,Hiatal hernia,0.5167720913887024,0x1.08965a0000000p-1
20260815T180544Z-f80be290,chunk_01,p020_softer,p020,softer,valid_1088_a_1.nii.gz,Br40f|Br60f,6,Lymphadenopathy,0.5581443905830383,0x1.1dc51a0000000p-1
20260815T180544Z-f80be290,chunk_01,p020_softer,p020,softer,valid_1088_a_1.nii.gz,Br40f|Br60f,7,Emphysema,0.5379671454429626,0x1.13706e0000000p-1
20260815T180544Z-f80be290,chunk_01,p020_softer,p020,softer,valid_1088_a_1.nii.gz,Br40f|Br60f,8,Atelectasis,0.553179919719696,0x1.1b3a660000000p-1
20260815T180544Z-f80be290,chunk_01,p020_softer,p020,softer,valid_1088_a_1.nii.gz,Br40f|Br60f,9,Lung nodule,0.5075974464416504,0x1.03e3d00000000p-1
20260815T180544Z-f80be290,chunk_01,p020_softer,p020,softer,valid_1088_a_1.nii.gz,Br40f|Br60f,10,Lung opacity,0.5463862419128418,0x1.17bff00000000p-1
20260815T180544Z-f80be290,chunk_01,p020_softer,p020,softer,valid_1088_a_1.nii.gz,Br40f|Br60f,11,Pulmonary fibrotic sequela,0.5354958772659302,0x1.122c840000000p-1
20260815T180544Z-f80be290,chunk_01,p020_softer,p020,softer,valid_1088_a_1.nii.gz,Br40f|Br60f,12,Pleural effusion,0.5433310270309448,0x1.162f7c0000000p-1
20260815T180544Z-f80be290,chunk_01,p020_softer,p020,softer,valid_1088_a_1.nii.gz,Br40f|Br60f,13,Mosaic attenuation pattern,0.5532245635986328,0x1.1b40400000000p-1
20260815T180544Z-f80be290,chunk_01,p020_softer,p020,softer,valid_1088_a_1.nii.gz,Br40f|Br60f,14,Peribronchial thickening,0.5876758694648743,0x1.2ce3da0000000p-1
20260815T180544Z-f80be290,chunk_01,p020_softer,p020,softer,valid_1088_a_1.nii.gz,Br40f|Br60f,15,Consolidation,0.5819135904312134,0x1.29f0940000000p-1
20260815T180544Z-f80be290,chunk_01,p020_softer,p020,softer,valid_1088_a_1.nii.gz,Br40f|Br60f,16,Bronchiectasis,0.5299708247184753,0x1.0f58560000000p-1
20260815T180544Z-f80be290,chunk_01,p020_softer,p020,softer,valid_1088_a_1.nii.gz,Br40f|Br60f,17,Interlobular septal thickening,0.5476834177970886,0x1.1869f60000000p-1
20260815T180544Z-f80be290,chunk_01,p020_sharper,p020,sharper,valid_1088_a_2.nii.gz,Br40f|Br60f,0,Medical material,0.5831852555274963,0x1.2a97420000000p-1
20260815T180544Z-f80be290,chunk_01,p020_sharper,p020,sharper,valid_1088_a_2.nii.gz,Br40f|Br60f,1,Arterial wall calcification,0.560570478439331,0x1.1f03180000000p-1
20260815T180544Z-f80be290,chunk_01,p020_sharper,p020,sharper,valid_1088_a_2.nii.gz,Br40f|Br60f,2,Cardiomegaly,0.5430698394775391,0x1.160d400000000p-1
20260815T180544Z-f80be290,chunk_01,p020_sharper,p020,sharper,valid_1088_a_2.nii.gz,Br40f|Br60f,3,Pericardial effusion,0.6094467639923096,0x1.3809680000000p-1
20260815T180544Z-f80be290,chunk_01,p020_sharper,p020,sharper,valid_1088_a_2.nii.gz,Br40f|Br60f,4,Coronary artery wall calcification,0.5701556205749512,0x1.23eb700000000p-1
20260815T180544Z-f80be290,chunk_01,p020_sharper,p020,sharper,valid_1088_a_2.nii.gz,Br40f|Br60f,5,Hiatal hernia,0.5180848240852356,0x1.09426a0000000p-1
20260815T180544Z-f80be290,chunk_01,p020_sharper,p020,sharper,valid_1088_a_2.nii.gz,Br40f|Br60f,6,Lymphadenopathy,0.5604106187820435,0x1.1eee240000000p-1
20260815T180544Z-f80be290,chunk_01,p020_sharper,p020,sharper,valid_1088_a_2.nii.gz,Br40f|Br60f,7,Emphysema,0.5385463237762451,0x1.13bc580000000p-1
20260815T180544Z-f80be290,chunk_01,p020_sharper,p020,sharper,valid_1088_a_2.nii.gz,Br40f|Br60f,8,Atelectasis,0.5547772645950317,0x1.1c0bc40000000p-1
20260815T180544Z-f80be290,chunk_01,p020_sharper,p020,sharper,valid_1088_a_2.nii.gz,Br40f|Br60f,9,Lung nodule,0.5065244436264038,0x1.03572c0000000p-1
20260815T180544Z-f80be290,chunk_01,p020_sharper,p020,sharper,valid_1088_a_2.nii.gz,Br40f|Br60f,10,Lung opacity,0.5488891005516052,0x1.1907fe0000000p-1
20260815T180544Z-f80be290,chunk_01,p020_sharper,p020,sharper,valid_1088_a_2.nii.gz,Br40f|Br60f,11,Pulmonary fibrotic sequela,0.5349435210227966,0x1.11e41e0000000p-1
20260815T180544Z-f80be290,chunk_01,p020_sharper,p020,sharper,valid_1088_a_2.nii.gz,Br40f|Br60f,12,Pleural effusion,0.5521436333656311,0x1.1ab2920000000p-1
20260815T180544Z-f80be290,chunk_01,p020_sharper,p020,sharper,valid_1088_a_2.nii.gz,Br40f|Br60f,13,Mosaic attenuation pattern,0.5522785186767578,0x1.1ac4400000000p-1
20260815T180544Z-f80be290,chunk_01,p020_sharper,p020,sharper,valid_1088_a_2.nii.gz,Br40f|Br60f,14,Peribronchial thickening,0.5877036452293396,0x1.2ce77e0000000p-1
20260815T180544Z-f80be290,chunk_01,p020_sharper,p020,sharper,valid_1088_a_2.nii.gz,Br40f|Br60f,15,Consolidation,0.5844533443450928,0x1.2b3d780000000p-1
20260815T180544Z-f80be290,chunk_01,p020_sharper,p020,sharper,valid_1088_a_2.nii.gz,Br40f|Br60f,16,Bronchiectasis,0.5307313799858093,0x1.0fbc060000000p-1
20260815T180544Z-f80be290,chunk_01,p020_sharper,p020,sharper,valid_1088_a_2.nii.gz,Br40f|Br60f,17,Interlobular septal thickening,0.552459716796875,0x1.1adc000000000p-1
20260815T180544Z-f80be290,chunk_01,p021_softer,p021,softer,valid_1091_a_1.nii.gz,Br40f|Br60f,0,Medical material,0.474251389503479,0x1.e5a2280000000p-2
20260815T180544Z-f80be290,chunk_01,p021_softer,p021,softer,valid_1091_a_1.nii.gz,Br40f|Br60f,1,Arterial wall calcification,0.4050736725330353,0x1.9ecba20000000p-2
20260815T180544Z-f80be290,chunk_01,p021_softer,p021,softer,valid_1091_a_1.nii.gz,Br40f|Br60f,2,Cardiomegaly,0.3549693822860718,0x1.6b7d180000000p-2
20260815T180544Z-f80be290,chunk_01,p021_softer,p021,softer,valid_1091_a_1.nii.gz,Br40f|Br60f,3,Pericardial effusion,0.47206833958625793,0x1.e365e20000000p-2
20260815T180544Z-f80be290,chunk_01,p021_softer,p021,softer,valid_1091_a_1.nii.gz,Br40f|Br60f,4,Coronary artery wall calcification,0.42311879992485046,0x1.b1460e0000000p-2
20260815T180544Z-f80be290,chunk_01,p021_softer,p021,softer,valid_1091_a_1.nii.gz,Br40f|Br60f,5,Hiatal hernia,0.45502737164497375,0x1.d1f2b20000000p-2
20260815T180544Z-f80be290,chunk_01,p021_softer,p021,softer,valid_1091_a_1.nii.gz,Br40f|Br60f,6,Lymphadenopathy,0.4525454044342041,0x1.cf68100000000p-2
20260815T180544Z-f80be290,chunk_01,p021_softer,p021,softer,valid_1091_a_1.nii.gz,Br40f|Br60f,7,Emphysema,0.480400413274765,0x1.ebee160000000p-2
20260815T180544Z-f80be290,chunk_01,p021_softer,p021,softer,valid_1091_a_1.nii.gz,Br40f|Br60f,8,Atelectasis,0.4506221413612366,0x1.cd6fe40000000p-2
20260815T180544Z-f80be290,chunk_01,p021_softer,p021,softer,valid_1091_a_1.nii.gz,Br40f|Br60f,9,Lung nodule,0.5231978893280029,0x1.0be0980000000p-1
20260815T180544Z-f80be290,chunk_01,p021_softer,p021,softer,valid_1091_a_1.nii.gz,Br40f|Br60f,10,Lung opacity,0.4646459221839905,0x1.dbcc240000000p-2
20260815T180544Z-f80be290,chunk_01,p021_softer,p021,softer,valid_1091_a_1.nii.gz,Br40f|Br60f,11,Pulmonary fibrotic sequela,0.5242855548858643,0x1.0c6f280000000p-1
20260815T180544Z-f80be290,chunk_01,p021_softer,p021,softer,valid_1091_a_1.nii.gz,Br40f|Br60f,12,Pleural effusion,0.35915684700012207,0x1.6fc6d00000000p-2
20260815T180544Z-f80be290,chunk_01,p021_softer,p021,softer,valid_1091_a_1.nii.gz,Br40f|Br60f,13,Mosaic attenuation pattern,0.4244750440120697,0x1.b2a9960000000p-2
20260815T180544Z-f80be290,chunk_01,p021_softer,p021,softer,valid_1091_a_1.nii.gz,Br40f|Br60f,14,Peribronchial thickening,0.5225600004196167,0x1.0b8cfc0000000p-1
20260815T180544Z-f80be290,chunk_01,p021_softer,p021,softer,valid_1091_a_1.nii.gz,Br40f|Br60f,15,Consolidation,0.45842573046684265,0x1.d56d8e0000000p-2
20260815T180544Z-f80be290,chunk_01,p021_softer,p021,softer,valid_1091_a_1.nii.gz,Br40f|Br60f,16,Bronchiectasis,0.5415682792663574,0x1.1548700000000p-1
20260815T180544Z-f80be290,chunk_01,p021_softer,p021,softer,valid_1091_a_1.nii.gz,Br40f|Br60f,17,Interlobular septal thickening,0.4173368811607361,0x1.ab5a5c0000000p-2
20260815T180544Z-f80be290,chunk_01,p021_sharper,p021,sharper,valid_1091_a_2.nii.gz,Br40f|Br60f,0,Medical material,0.46891456842422485,0x1.e02b240000000p-2
20260815T180544Z-f80be290,chunk_01,p021_sharper,p021,sharper,valid_1091_a_2.nii.gz,Br40f|Br60f,1,Arterial wall calcification,0.4051494598388672,0x1.9edf800000000p-2
20260815T180544Z-f80be290,chunk_01,p021_sharper,p021,sharper,valid_1091_a_2.nii.gz,Br40f|Br60f,2,Cardiomegaly,0.3552611470222473,0x1.6bc9940000000p-2
20260815T180544Z-f80be290,chunk_01,p021_sharper,p021,sharper,valid_1091_a_2.nii.gz,Br40f|Br60f,3,Pericardial effusion,0.4678820073604584,0x1.df1c760000000p-2
20260815T180544Z-f80be290,chunk_01,p021_sharper,p021,sharper,valid_1091_a_2.nii.gz,Br40f|Br60f,4,Coronary artery wall calcification,0.41922396421432495,0x1.ad490c0000000p-2
20260815T180544Z-f80be290,chunk_01,p021_sharper,p021,sharper,valid_1091_a_2.nii.gz,Br40f|Br60f,5,Hiatal hernia,0.46114441752433777,0x1.d8363e0000000p-2
20260815T180544Z-f80be290,chunk_01,p021_sharper,p021,sharper,valid_1091_a_2.nii.gz,Br40f|Br60f,6,Lymphadenopathy,0.4494270086288452,0x1.cc36980000000p-2
20260815T180544Z-f80be290,chunk_01,p021_sharper,p021,sharper,valid_1091_a_2.nii.gz,Br40f|Br60f,7,Emphysema,0.47920894622802734,0x1.eab5c00000000p-2
20260815T180544Z-f80be290,chunk_01,p021_sharper,p021,sharper,valid_1091_a_2.nii.gz,Br40f|Br60f,8,Atelectasis,0.44857466220855713,0x1.cb57280000000p-2
20260815T180544Z-f80be290,chunk_01,p021_sharper,p021,sharper,valid_1091_a_2.nii.gz,Br40f|Br60f,9,Lung nodule,0.5246710181236267,0x1.0ca1ae0000000p-1
20260815T180544Z-f80be290,chunk_01,p021_sharper,p021,sharper,valid_1091_a_2.nii.gz,Br40f|Br60f,10,Lung opacity,0.4573904275894165,0x1.d45e280000000p-2
20260815T180544Z-f80be290,chunk_01,p021_sharper,p021,sharper,valid_1091_a_2.nii.gz,Br40f|Br60f,11,Pulmonary fibrotic sequela,0.5223447680473328,0x1.0b70c60000000p-1
20260815T180544Z-f80be290,chunk_01,p021_sharper,p021,sharper,valid_1091_a_2.nii.gz,Br40f|Br60f,12,Pleural effusion,0.35191968083381653,0x1.685da20000000p-2
20260815T180544Z-f80be290,chunk_01,p021_sharper,p021,sharper,valid_1091_a_2.nii.gz,Br40f|Br60f,13,Mosaic attenuation pattern,0.4255041182041168,0x1.b3b75a0000000p-2
20260815T180544Z-f80be290,chunk_01,p021_sharper,p021,sharper,valid_1091_a_2.nii.gz,Br40f|Br60f,14,Peribronchial thickening,0.5174088478088379,0x1.08e9d00000000p-1
20260815T180544Z-f80be290,chunk_01,p021_sharper,p021,sharper,valid_1091_a_2.nii.gz,Br40f|Br60f,15,Consolidation,0.44638320803642273,0x1.c918ae0000000p-2
20260815T180544Z-f80be290,chunk_01,p021_sharper,p021,sharper,valid_1091_a_2.nii.gz,Br40f|Br60f,16,Bronchiectasis,0.5359195470809937,0x1.12640c0000000p-1
20260815T180544Z-f80be290,chunk_01,p021_sharper,p021,sharper,valid_1091_a_2.nii.gz,Br40f|Br60f,17,Interlobular septal thickening,0.4108714163303375,0x1.a4bb7a0000000p-2
20260815T180544Z-f80be290,chunk_01,p022_softer,p022,softer,valid_1094_a_1.nii.gz,Br40f|Br60f,0,Medical material,0.5957210063934326,0x1.3102580000000p-1
20260815T180544Z-f80be290,chunk_01,p022_softer,p022,softer,valid_1094_a_1.nii.gz,Br40f|Br60f,1,Arterial wall calcification,0.5933793187141418,0x1.2fcf6a0000000p-1
20260815T180544Z-f80be290,chunk_01,p022_softer,p022,softer,valid_1094_a_1.nii.gz,Br40f|Br60f,2,Cardiomegaly,0.6171352863311768,0x1.3bf9280000000p-1
20260815T180544Z-f80be290,chunk_01,p022_softer,p022,softer,valid_1094_a_1.nii.gz,Br40f|Br60f,3,Pericardial effusion,0.6332659721374512,0x1.443b700000000p-1
20260815T180544Z-f80be290,chunk_01,p022_softer,p022,softer,valid_1094_a_1.nii.gz,Br40f|Br60f,4,Coronary artery wall calcification,0.6018990278244019,0x1.342c1c0000000p-1
20260815T180544Z-f80be290,chunk_01,p022_softer,p022,softer,valid_1094_a_1.nii.gz,Br40f|Br60f,5,Hiatal hernia,0.5242712497711182,0x1.0c6d480000000p-1
20260815T180544Z-f80be290,chunk_01,p022_softer,p022,softer,valid_1094_a_1.nii.gz,Br40f|Br60f,6,Lymphadenopathy,0.5783283710479736,0x1.281aa80000000p-1
20260815T180544Z-f80be290,chunk_01,p022_softer,p022,softer,valid_1094_a_1.nii.gz,Br40f|Br60f,7,Emphysema,0.5337702035903931,0x1.114a540000000p-1
20260815T180544Z-f80be290,chunk_01,p022_softer,p022,softer,valid_1094_a_1.nii.gz,Br40f|Br60f,8,Atelectasis,0.5657817721366882,0x1.21ae260000000p-1
20260815T180544Z-f80be290,chunk_01,p022_softer,p022,softer,valid_1094_a_1.nii.gz,Br40f|Br60f,9,Lung nodule,0.4936000108718872,0x1.f972480000000p-2
20260815T180544Z-f80be290,chunk_01,p022_softer,p022,softer,valid_1094_a_1.nii.gz,Br40f|Br60f,10,Lung opacity,0.5549689531326294,0x1.1c24e40000000p-1
20260815T180544Z-f80be290,chunk_01,p022_softer,p022,softer,valid_1094_a_1.nii.gz,Br40f|Br60f,11,Pulmonary fibrotic sequela,0.5242899656295776,0x1.0c6fbc0000000p-1
20260815T180544Z-f80be290,chunk_01,p022_softer,p022,softer,valid_1094_a_1.nii.gz,Br40f|Br60f,12,Pleural effusion,0.5926637053489685,0x1.2f719e0000000p-1
20260815T180544Z-f80be290,chunk_01,p022_softer,p022,softer,valid_1094_a_1.nii.gz,Br40f|Br60f,13,Mosaic attenuation pattern,0.5924686193466187,0x1.2f580c0000000p-1
20260815T180544Z-f80be290,chunk_01,p022_softer,p022,softer,valid_1094_a_1.nii.gz,Br40f|Br60f,14,Peribronchial thickening,0.5658701658248901,0x1.21b9bc0000000p-1
20260815T180544Z-f80be290,chunk_01,p022_softer,p022,softer,valid_1094_a_1.nii.gz,Br40f|Br60f,15,Consolidation,0.5879705548286438,0x1.2d0a7a0000000p-1
20260815T180544Z-f80be290,chunk_01,p022_softer,p022,softer,valid_1094_a_1.nii.gz,Br40f|Br60f,16,Bronchiectasis,0.5080437660217285,0x1.041e500000000p-1
20260815T180544Z-f80be290,chunk_01,p022_softer,p022,softer,valid_1094_a_1.nii.gz,Br40f|Br60f,17,Interlobular septal thickening,0.5728467106819153,0x1.254c2a0000000p-1
20260815T180544Z-f80be290,chunk_01,p022_sharper,p022,sharper,valid_1094_a_2.nii.gz,Br40f|Br60f,0,Medical material,0.5961045026779175,0x1.31349c0000000p-1
20260815T180544Z-f80be290,chunk_01,p022_sharper,p022,sharper,valid_1094_a_2.nii.gz,Br40f|Br60f,1,Arterial wall calcification,0.5950493216514587,0x1.30aa4e0000000p-1
20260815T180544Z-f80be290,chunk_01,p022_sharper,p022,sharper,valid_1094_a_2.nii.gz,Br40f|Br60f,2,Cardiomegaly,0.6188199520111084,0x1.3cd5f80000000p-1
20260815T180544Z-f80be290,chunk_01,p022_sharper,p022,sharper,valid_1094_a_2.nii.gz,Br40f|Br60f,3,Pericardial effusion,0.6320947408676147,0x1.43a1ec0000000p-1
20260815T180544Z-f80be290,chunk_01,p022_sharper,p022,sharper,valid_1094_a_2.nii.gz,Br40f|Br60f,4,Coronary artery wall calcification,0.6029213666915894,0x1.34b21c0000000p-1
20260815T180544Z-f80be290,chunk_01,p022_sharper,p022,sharper,valid_1094_a_2.nii.gz,Br40f|Br60f,5,Hiatal hernia,0.525093138217926,0x1.0cd9020000000p-1
20260815T180544Z-f80be290,chunk_01,p022_sharper,p022,sharper,valid_1094_a_2.nii.gz,Br40f|Br60f,6,Lymphadenopathy,0.5780630111694336,0x1.27f7e00000000p-1
20260815T180544Z-f80be290,chunk_01,p022_sharper,p022,sharper,valid_1094_a_2.nii.gz,Br40f|Br60f,7,Emphysema,0.5342220067977905,0x1.11858c0000000p-1
20260815T180544Z-f80be290,chunk_01,p022_sharper,p022,sharper,valid_1094_a_2.nii.gz,Br40f|Br60f,8,Atelectasis,0.5664915442466736,0x1.220b2e0000000p-1
20260815T180544Z-f80be290,chunk_01,p022_sharper,p022,sharper,valid_1094_a_2.nii.gz,Br40f|Br60f,9,Lung nodule,0.49459126591682434,0x1.fa76220000000p-2
20260815T180544Z-f80be290,chunk_01,p022_sharper,p022,sharper,valid_1094_a_2.nii.gz,Br40f|Br60f,10,Lung opacity,0.5543683171272278,0x1.1bd62a0000000p-1
20260815T180544Z-f80be290,chunk_01,p022_sharper,p022,sharper,valid_1094_a_2.nii.gz,Br40f|Br60f,11,Pulmonary fibrotic sequela,0.5255203247070312,0x1.0d11000000000p-1
20260815T180544Z-f80be290,chunk_01,p022_sharper,p022,sharper,valid_1094_a_2.nii.gz,Br40f|Br60f,12,Pleural effusion,0.5939579010009766,0x1.301b400000000p-1
20260815T180544Z-f80be290,chunk_01,p022_sharper,p022,sharper,valid_1094_a_2.nii.gz,Br40f|Br60f,13,Mosaic attenuation pattern,0.5924694538116455,0x1.2f58280000000p-1
20260815T180544Z-f80be290,chunk_01,p022_sharper,p022,sharper,valid_1094_a_2.nii.gz,Br40f|Br60f,14,Peribronchial thickening,0.5664538145065308,0x1.22063c0000000p-1
20260815T180544Z-f80be290,chunk_01,p022_sharper,p022,sharper,valid_1094_a_2.nii.gz,Br40f|Br60f,15,Consolidation,0.586174488067627,0x1.2c1f100000000p-1
20260815T180544Z-f80be290,chunk_01,p022_sharper,p022,sharper,valid_1094_a_2.nii.gz,Br40f|Br60f,16,Bronchiectasis,0.5079345703125,0x1.0410000000000p-1
20260815T180544Z-f80be290,chunk_01,p022_sharper,p022,sharper,valid_1094_a_2.nii.gz,Br40f|Br60f,17,Interlobular septal thickening,0.5731258988380432,0x1.2570c20000000p-1
20260815T180544Z-f80be290,chunk_01,p023_softer,p023,softer,valid_1097_b_1.nii.gz,Br40f|Br60f,0,Medical material,0.5851498246192932,0x1.2b98c20000000p-1
20260815T180544Z-f80be290,chunk_01,p023_softer,p023,softer,valid_1097_b_1.nii.gz,Br40f|Br60f,1,Arterial wall calcification,0.5740659236907959,0x1.25ebf80000000p-1
20260815T180544Z-f80be290,chunk_01,p023_softer,p023,softer,valid_1097_b_1.nii.gz,Br40f|Br60f,2,Cardiomegaly,0.5136856436729431,0x1.0701ce0000000p-1
20260815T180544Z-f80be290,chunk_01,p023_softer,p023,softer,valid_1097_b_1.nii.gz,Br40f|Br60f,3,Pericardial effusion,0.5930137038230896,0x1.2f9f7e0000000p-1
20260815T180544Z-f80be290,chunk_01,p023_softer,p023,softer,valid_1097_b_1.nii.gz,Br40f|Br60f,4,Coronary artery wall calcification,0.5882423520088196,0x1.2d2e1a0000000p-1
20260815T180544Z-f80be290,chunk_01,p023_softer,p023,softer,valid_1097_b_1.nii.gz,Br40f|Br60f,5,Hiatal hernia,0.5170647501945496,0x1.08bcb60000000p-1
20260815T180544Z-f80be290,chunk_01,p023_softer,p023,softer,valid_1097_b_1.nii.gz,Br40f|Br60f,6,Lymphadenopathy,0.5552773475646973,0x1.1c4d500000000p-1
20260815T180544Z-f80be290,chunk_01,p023_softer,p023,softer,valid_1097_b_1.nii.gz,Br40f|Br60f,7,Emphysema,0.5512968897819519,0x1.1a43960000000p-1
20260815T180544Z-f80be290,chunk_01,p023_softer,p023,softer,valid_1097_b_1.nii.gz,Br40f|Br60f,8,Atelectasis,0.5384309887886047,0x1.13ad3a0000000p-1
20260815T180544Z-f80be290,chunk_01,p023_softer,p023,softer,valid_1097_b_1.nii.gz,Br40f|Br60f,9,Lung nodule,0.5240976214408875,0x1.0c56860000000p-1
20260815T180544Z-f80be290,chunk_01,p023_softer,p023,softer,valid_1097_b_1.nii.gz,Br40f|Br60f,10,Lung opacity,0.5252310037612915,0x1.0ceb140000000p-1
20260815T180544Z-f80be290,chunk_01,p023_softer,p023,softer,valid_1097_b_1.nii.gz,Br40f|Br60f,11,Pulmonary fibrotic sequela,0.5537154674530029,0x1.1b80980000000p-1
20260815T180544Z-f80be290,chunk_01,p023_softer,p023,softer,valid_1097_b_1.nii.gz,Br40f|Br60f,12,Pleural effusion,0.5087542533874512,0x1.047b700000000p-1
20260815T180544Z-f80be290,chunk_01,p023_softer,p023,softer,valid_1097_b_1.nii.gz,Br40f|Br60f,13,Mosaic attenuation pattern,0.5167348384857178,0x1.0891780000000p-1
20260815T180544Z-f80be290,chunk_01,p023_softer,p023,softer,valid_1097_b_1.nii.gz,Br40f|Br60f,14,Peribronchial thickening,0.5733538866043091,0x1.258ea40000000p-1
20260815T180544Z-f80be290,chunk_01,p023_softer,p023,softer,valid_1097_b_1.nii.gz,Br40f|Br60f,15,Consolidation,0.5391994714736938,0x1.1411f40000000p-1
20260815T180544Z-f80be290,chunk_01,p023_softer,p023,softer,valid_1097_b_1.nii.gz,Br40f|Br60f,16,Bronchiectasis,0.5541035532951355,0x1.1bb3760000000p-1
20260815T180544Z-f80be290,chunk_01,p023_softer,p023,softer,valid_1097_b_1.nii.gz,Br40f|Br60f,17,Interlobular septal thickening,0.50456702709198,0x1.02569c0000000p-1
20260815T180544Z-f80be290,chunk_01,p023_sharper,p023,sharper,valid_1097_b_2.nii.gz,Br40f|Br60f,0,Medical material,0.5818416476249695,0x1.29e7260000000p-1
20260815T180544Z-f80be290,chunk_01,p023_sharper,p023,sharper,valid_1097_b_2.nii.gz,Br40f|Br60f,1,Arterial wall calcification,0.5654368996620178,0x1.2180f20000000p-1
20260815T180544Z-f80be290,chunk_01,p023_sharper,p023,sharper,valid_1097_b_2.nii.gz,Br40f|Br60f,2,Cardiomegaly,0.5048207640647888,0x1.0277de0000000p-1
20260815T180544Z-f80be290,chunk_01,p023_sharper,p023,sharper,valid_1097_b_2.nii.gz,Br40f|Br60f,3,Pericardial effusion,0.586763322353363,0x1.2c6c3e0000000p-1
20260815T180544Z-f80be290,chunk_01,p023_sharper,p023,sharper,valid_1097_b_2.nii.gz,Br40f|Br60f,4,Coronary artery wall calcification,0.5805824398994446,0x1.29421a0000000p-1
20260815T180544Z-f80be290,chunk_01,p023_sharper,p023,sharper,valid_1097_b_2.nii.gz,Br40f|Br60f,5,Hiatal hernia,0.5123206973075867,0x1.064ee60000000p-1
20260815T180544Z-f80be290,chunk_01,p023_sharper,p023,sharper,valid_1097_b_2.nii.gz,Br40f|Br60f,6,Lymphadenopathy,0.5486013293266296,0x1.18e2460000000p-1
20260815T180544Z-f80be290,chunk_01,p023_sharper,p023,sharper,valid_1097_b_2.nii.gz,Br40f|Br60f,7,Emphysema,0.5474532246589661,0x1.184bca0000000p-1
20260815T180544Z-f80be290,chunk_01,p023_sharper,p023,sharper,valid_1097_b_2.nii.gz,Br40f|Br60f,8,Atelectasis,0.5309965014457703,0x1.0fdec60000000p-1
20260815T180544Z-f80be290,chunk_01,p023_sharper,p023,sharper,valid_1097_b_2.nii.gz,Br40f|Br60f,9,Lung nodule,0.5251138806343079,0x1.0cdbba0000000p-1
20260815T180544Z-f80be290,chunk_01,p023_sharper,p023,sharper,valid_1097_b_2.nii.gz,Br40f|Br60f,10,Lung opacity,0.5213300585746765,0x1.0aebc60000000p-1
20260815T180544Z-f80be290,chunk_01,p023_sharper,p023,sharper,valid_1097_b_2.nii.gz,Br40f|Br60f,11,Pulmonary fibrotic sequela,0.5531902313232422,0x1.1b3bc00000000p-1
20260815T180544Z-f80be290,chunk_01,p023_sharper,p023,sharper,valid_1097_b_2.nii.gz,Br40f|Br60f,12,Pleural effusion,0.49627912044525146,0x1.fc30980000000p-2
20260815T180544Z-f80be290,chunk_01,p023_sharper,p023,sharper,valid_1097_b_2.nii.gz,Br40f|Br60f,13,Mosaic attenuation pattern,0.5072768330574036,0x1.03b9ca0000000p-1
20260815T180544Z-f80be290,chunk_01,p023_sharper,p023,sharper,valid_1097_b_2.nii.gz,Br40f|Br60f,14,Peribronchial thickening,0.5721688866615295,0x1.24f3520000000p-1
20260815T180544Z-f80be290,chunk_01,p023_sharper,p023,sharper,valid_1097_b_2.nii.gz,Br40f|Br60f,15,Consolidation,0.531315267086029,0x1.10088e0000000p-1
20260815T180544Z-f80be290,chunk_01,p023_sharper,p023,sharper,valid_1097_b_2.nii.gz,Br40f|Br60f,16,Bronchiectasis,0.557772159576416,0x1.1d94500000000p-1
20260815T180544Z-f80be290,chunk_01,p023_sharper,p023,sharper,valid_1097_b_2.nii.gz,Br40f|Br60f,17,Interlobular septal thickening,0.4990462362766266,0x1.ff05fa0000000p-2
20260815T180544Z-f80be290,chunk_01,p024_softer,p024,softer,valid_1100_a_1.nii.gz,Br40f|Br60f,0,Medical material,0.45178964734077454,0x1.cea1f20000000p-2
20260815T180544Z-f80be290,chunk_01,p024_softer,p024,softer,valid_1100_a_1.nii.gz,Br40f|Br60f,1,Arterial wall calcification,0.38559314608573914,0x1.8ad8ee0000000p-2
20260815T180544Z-f80be290,chunk_01,p024_softer,p024,softer,valid_1100_a_1.nii.gz,Br40f|Br60f,2,Cardiomegaly,0.3558328151702881,0x1.6c5f700000000p-2
20260815T180544Z-f80be290,chunk_01,p024_softer,p024,softer,valid_1100_a_1.nii.gz,Br40f|Br60f,3,Pericardial effusion,0.45999687910079956,0x1.d7096c0000000p-2
20260815T180544Z-f80be290,chunk_01,p024_softer,p024,softer,valid_1100_a_1.nii.gz,Br40f|Br60f,4,Coronary artery wall calcification,0.3930055797100067,0x1.92700e0000000p-2
20260815T180544Z-f80be290,chunk_01,p024_softer,p024,softer,valid_1100_a_1.nii.gz,Br40f|Br60f,5,Hiatal hernia,0.45353907346725464,0x1.d06c8c0000000p-2
20260815T180544Z-f80be290,chunk_01,p024_softer,p024,softer,valid_1100_a_1.nii.gz,Br40f|Br60f,6,Lymphadenopathy,0.43875518441200256,0x1.c1490a0000000p-2
20260815T180544Z-f80be290,chunk_01,p024_softer,p024,softer,valid_1100_a_1.nii.gz,Br40f|Br60f,7,Emphysema,0.46085888147354126,0x1.d7eb640000000p-2
20260815T180544Z-f80be290,chunk_01,p024_softer,p024,softer,valid_1100_a_1.nii.gz,Br40f|Br60f,8,Atelectasis,0.43895411491394043,0x1.c17d300000000p-2
20260815T180544Z-f80be290,chunk_01,p024_softer,p024,softer,valid_1100_a_1.nii.gz,Br40f|Br60f,9,Lung nodule,0.5117566585540771,0x1.0604f80000000p-1
20260815T180544Z-f80be290,chunk_01,p024_softer,p024,softer,valid_1100_a_1.nii.gz,Br40f|Br60f,10,Lung opacity,0.45649635791778564,0x1.d373c80000000p-2
20260815T180544Z-f80be290,chunk_01,p024_softer,p024,softer,valid_1100_a_1.nii.gz,Br40f|Br60f,11,Pulmonary fibrotic sequela,0.506145179271698,0x1.0325760000000p-1
20260815T180544Z-f80be290,chunk_01,p024_softer,p024,softer,valid_1100_a_1.nii.gz,Br40f|Br60f,12,Pleural effusion,0.35455888509750366,0x1.6b117c0000000p-2
20260815T180544Z-f80be290,chunk_01,p024_softer,p024,softer,valid_1100_a_1.nii.gz,Br40f|Br60f,13,Mosaic attenuation pattern,0.42585134506225586,0x1.b412600000000p-2
20260815T180544Z-f80be290,chunk_01,p024_softer,p024,softer,valid_1100_a_1.nii.gz,Br40f|Br60f,14,Peribronchial thickening,0.4922047555446625,0x1.f804860000000p-2
20260815T180544Z-f80be290,chunk_01,p024_softer,p024,softer,valid_1100_a_1.nii.gz,Br40f|Br60f,15,Consolidation,0.4487453103065491,0x1.cb83e40000000p-2
20260815T180544Z-f80be290,chunk_01,p024_softer,p024,softer,valid_1100_a_1.nii.gz,Br40f|Br60f,16,Bronchiectasis,0.5129410624504089,0x1.06a0360000000p-1
20260815T180544Z-f80be290,chunk_01,p024_softer,p024,softer,valid_1100_a_1.nii.gz,Br40f|Br60f,17,Interlobular septal thickening,0.41262173652648926,0x1.a686500000000p-2
20260815T180544Z-f80be290,chunk_01,p024_sharper,p024,sharper,valid_1100_a_2.nii.gz,Br40f|Br60f,0,Medical material,0.4537394046783447,0x1.d0a1100000000p-2
20260815T180544Z-f80be290,chunk_01,p024_sharper,p024,sharper,valid_1100_a_2.nii.gz,Br40f|Br60f,1,Arterial wall calcification,0.38751575350761414,0x1.8cd0ee0000000p-2
20260815T180544Z-f80be290,chunk_01,p024_sharper,p024,sharper,valid_1100_a_2.nii.gz,Br40f|Br60f,2,Cardiomegaly,0.3538546860218048,0x1.6a58e20000000p-2
20260815T180544Z-f80be290,chunk_01,p024_sharper,p024,sharper,valid_1100_a_2.nii.gz,Br40f|Br60f,3,Pericardial effusion,0.4592246115207672,0x1.d63efa0000000p-2
20260815T180544Z-f80be290,chunk_01,p024_sharper,p024,sharper,valid_1100_a_2.nii.gz,Br40f|Br60f,4,Coronary artery wall calcification,0.395026832818985,0x1.9481ea0000000p-2
20260815T180544Z-f80be290,chunk_01,p024_sharper,p024,sharper,valid_1100_a_2.nii.gz,Br40f|Br60f,5,Hiatal hernia,0.455685019493103,0x1.d29f180000000p-2
20260815T180544Z-f80be290,chunk_01,p024_sharper,p024,sharper,valid_1100_a_2.nii.gz,Br40f|Br60f,6,Lymphadenopathy,0.4390433430671692,0x1.c194940000000p-2
20260815T180544Z-f80be290,chunk_01,p024_sharper,p024,sharper,valid_1100_a_2.nii.gz,Br40f|Br60f,7,Emphysema,0.4628101885318756,0x1.d9eaea0000000p-2
20260815T180544Z-f80be290,chunk_01,p024_sharper,p024,sharper,valid_1100_a_2.nii.gz,Br40f|Br60f,8,Atelectasis,0.4386754333972931,0x1.c134220000000p-2
20260815T180544Z-f80be290,chunk_01,p024_sharper,p024,sharper,valid_1100_a_2.nii.gz,Br40f|Br60f,9,Lung nodule,0.5143029093742371,0x1.0752b60000000p-1
20260815T180544Z-f80be290,chunk_01,p024_sharper,p024,sharper,valid_1100_a_2.nii.gz,Br40f|Br60f,10,Lung opacity,0.45486700534820557,0x1.d1c8a80000000p-2
20260815T180544Z-f80be290,chunk_01,p024_sharper,p024,sharper,valid_1100_a_2.nii.gz,Br40f|Br60f,11,Pulmonary fibrotic sequela,0.5088024139404297,0x1.0481c00000000p-1
20260815T180544Z-f80be290,chunk_01,p024_sharper,p024,sharper,valid_1100_a_2.nii.gz,Br40f|Br60f,12,Pleural effusion,0.3508550822734833,0x1.67468e0000000p-2
20260815T180544Z-f80be290,chunk_01,p024_sharper,p024,sharper,valid_1100_a_2.nii.gz,Br40f|Br60f,13,Mosaic attenuation pattern,0.42372769117355347,0x1.b1e5ac0000000p-2
20260815T180544Z-f80be290,chunk_01,p024_sharper,p024,sharper,valid_1100_a_2.nii.gz,Br40f|Br60f,14,Peribronchial thickening,0.4942283034324646,0x1.fa16fc0000000p-2
20260815T180544Z-f80be290,chunk_01,p024_sharper,p024,sharper,valid_1100_a_2.nii.gz,Br40f|Br60f,15,Consolidation,0.4451799690723419,0x1.c7dd420000000p-2
20260815T180544Z-f80be290,chunk_01,p024_sharper,p024,sharper,valid_1100_a_2.nii.gz,Br40f|Br60f,16,Bronchiectasis,0.5164473056793213,0x1.086bc80000000p-1
20260815T180544Z-f80be290,chunk_01,p024_sharper,p024,sharper,valid_1100_a_2.nii.gz,Br40f|Br60f,17,Interlobular septal thickening,0.40963953733444214,0x1.a3788c0000000p-2
20260815T180544Z-f80be290,chunk_01,p025_softer,p025,softer,valid_1119_a_1.nii.gz,Br40f|Br60f,0,Medical material,0.4460102915763855,0x1.c8b6ec0000000p-2
20260815T180544Z-f80be290,chunk_01,p025_softer,p025,softer,valid_1119_a_1.nii.gz,Br40f|Br60f,1,Arterial wall calcification,0.371428906917572,0x1.7c57dc0000000p-2
20260815T180544Z-f80be290,chunk_01,p025_softer,p025,softer,valid_1119_a_1.nii.gz,Br40f|Br60f,2,Cardiomegaly,0.35245877504348755,0x1.68eaf40000000p-2
20260815T180544Z-f80be290,chunk_01,p025_softer,p025,softer,valid_1119_a_1.nii.gz,Br40f|Br60f,3,Pericardial effusion,0.4556255042552948,0x1.d28f7e0000000p-2
20260815T180544Z-f80be290,chunk_01,p025_softer,p025,softer,valid_1119_a_1.nii.gz,Br40f|Br60f,4,Coronary artery wall calcification,0.37683066725730896,0x1.81dfe60000000p-2
20260815T180544Z-f80be290,chunk_01,p025_softer,p025,softer,valid_1119_a_1.nii.gz,Br40f|Br60f,5,Hiatal hernia,0.44466179609298706,0x1.c7556c0000000p-2
20260815T180544Z-f80be290,chunk_01,p025_softer,p025,softer,valid_1119_a_1.nii.gz,Br40f|Br60f,6,Lymphadenopathy,0.42959481477737427,0x1.b7e7b40000000p-2
20260815T180544Z-f80be290,chunk_01,p025_softer,p025,softer,valid_1119_a_1.nii.gz,Br40f|Br60f,7,Emphysema,0.4458962082862854,0x1.c899040000000p-2
20260815T180544Z-f80be290,chunk_01,p025_softer,p025,softer,valid_1119_a_1.nii.gz,Br40f|Br60f,8,Atelectasis,0.4358920454978943,0x1.be5a7c0000000p-2
20260815T180544Z-f80be290,chunk_01,p025_softer,p025,softer,valid_1119_a_1.nii.gz,Br40f|Br60f,9,Lung nodule,0.5062272548675537,0x1.0330380000000p-1
20260815T180544Z-f80be290,chunk_01,p025_softer,p025,softer,valid_1119_a_1.nii.gz,Br40f|Br60f,10,Lung opacity,0.4556034803390503,0x1.d289b80000000p-2
20260815T180544Z-f80be290,chunk_01,p025_softer,p025,softer,valid_1119_a_1.nii.gz,Br40f|Br60f,11,Pulmonary fibrotic sequela,0.5003350973129272,0x1.002bec0000000p-1
20260815T180544Z-f80be290,chunk_01,p025_softer,p025,softer,valid_1119_a_1.nii.gz,Br40f|Br60f,12,Pleural effusion,0.3509082496166229,0x1.67547e0000000p-2
20260815T180544Z-f80be290,chunk_01,p025_softer,p025,softer,valid_1119_a_1.nii.gz,Br40f|Br60f,13,Mosaic attenuation pattern,0.4293775260448456,0x1.b7aebe0000000p-2
20260815T180544Z-f80be290,chunk_01,p025_softer,p025,softer,valid_1119_a_1.nii.gz,Br40f|Br60f,14,Peribronchial thickening,0.48958566784858704,0x1.f555f20000000p-2
20260815T180544Z-f80be290,chunk_01,p025_softer,p025,softer,valid_1119_a_1.nii.gz,Br40f|Br60f,15,Consolidation,0.449327677488327,0x1.cc1c8e0000000p-2
20260815T180544Z-f80be290,chunk_01,p025_softer,p025,softer,valid_1119_a_1.nii.gz,Br40f|Br60f,16,Bronchiectasis,0.5014587640762329,0x1.00bf340000000p-1
20260815T180544Z-f80be290,chunk_01,p025_softer,p025,softer,valid_1119_a_1.nii.gz,Br40f|Br60f,17,Interlobular septal thickening,0.4110760986804962,0x1.a4f1220000000p-2
20260815T180544Z-f80be290,chunk_01,p025_sharper,p025,sharper,valid_1119_a_2.nii.gz,Br40f|Br60f,0,Medical material,0.44630905985832214,0x1.c9053e0000000p-2
20260815T180544Z-f80be290,chunk_01,p025_sharper,p025,sharper,valid_1119_a_2.nii.gz,Br40f|Br60f,1,Arterial wall calcification,0.3720504641532898,0x1.7cfacc0000000p-2
20260815T180544Z-f80be290,chunk_01,p025_sharper,p025,sharper,valid_1119_a_2.nii.gz,Br40f|Br60f,2,Cardiomegaly,0.35162338614463806,0x1.680ff60000000p-2
20260815T180544Z-f80be290,chunk_01,p025_sharper,p025,sharper,valid_1119_a_2.nii.gz,Br40f|Br60f,3,Pericardial effusion,0.45583581924438477,0x1.d2c6a00000000p-2
20260815T180544Z-f80be290,chunk_01,p025_sharper,p025,sharper,valid_1119_a_2.nii.gz,Br40f|Br60f,4,Coronary artery wall calcification,0.37707647681236267,0x1.8220560000000p-2
20260815T180544Z-f80be290,chunk_01,p025_sharper,p025,sharper,valid_1119_a_2.nii.gz,Br40f|Br60f,5,Hiatal hernia,0.4458962082862854,0x1.c899040000000p-2
20260815T180544Z-f80be290,chunk_01,p025_sharper,p025,sharper,valid_1119_a_2.nii.gz,Br40f|Br60f,6,Lymphadenopathy,0.4298034608364105,0x1.b81e660000000p-2
20260815T180544Z-f80be290,chunk_01,p025_sharper,p025,sharper,valid_1119_a_2.nii.gz,Br40f|Br60f,7,Emphysema,0.4461364448070526,0x1.c8d7fe0000000p-2
20260815T180544Z-f80be290,chunk_01,p025_sharper,p025,sharper,valid_1119_a_2.nii.gz,Br40f|Br60f,8,Atelectasis,0.4363124668598175,0x1.bec8b20000000p-2
20260815T180544Z-f80be290,chunk_01,p025_sharper,p025,sharper,valid_1119_a_2.nii.gz,Br40f|Br60f,9,Lung nodule,0.5069922208786011,0x1.03947c0000000p-1
20260815T180544Z-f80be290,chunk_01,p025_sharper,p025,sharper,valid_1119_a_2.nii.gz,Br40f|Br60f,10,Lung opacity,0.455439954996109,0x1.d25eda0000000p-2
20260815T180544Z-f80be290,chunk_01,p025_sharper,p025,sharper,valid_1119_a_2.nii.gz,Br40f|Br60f,11,Pulmonary fibrotic sequela,0.5002883672714233,0x1.0025cc0000000p-1
20260815T180544Z-f80be290,chunk_01,p025_sharper,p025,sharper,valid_1119_a_2.nii.gz,Br40f|Br60f,12,Pleural effusion,0.34968408942222595,0x1.6613960000000p-2
20260815T180544Z-f80be290,chunk_01,p025_sharper,p025,sharper,valid_1119_a_2.nii.gz,Br40f|Br60f,13,Mosaic attenuation pattern,0.42957767844200134,0x1.b7e3360000000p-2
20260815T180544Z-f80be290,chunk_01,p025_sharper,p025,sharper,valid_1119_a_2.nii.gz,Br40f|Br60f,14,Peribronchial thickening,0.48922738432884216,0x1.f4f8060000000p-2
20260815T180544Z-f80be290,chunk_01,p025_sharper,p025,sharper,valid_1119_a_2.nii.gz,Br40f|Br60f,15,Consolidation,0.449110209941864,0x1.cbe38c0000000p-2
20260815T180544Z-f80be290,chunk_01,p025_sharper,p025,sharper,valid_1119_a_2.nii.gz,Br40f|Br60f,16,Bronchiectasis,0.5017567873001099,0x1.00e6440000000p-1
20260815T180544Z-f80be290,chunk_01,p025_sharper,p025,sharper,valid_1119_a_2.nii.gz,Br40f|Br60f,17,Interlobular septal thickening,0.4100669324398041,0x1.a3e8960000000p-2
20260815T180544Z-f80be290,chunk_01,p001_softer_spotcheck,p001,softer,valid_1004_a_1.nii.gz,Br40f|Br60f,0,Medical material,0.5627798438072205,0x1.2024ae0000000p-1
20260815T180544Z-f80be290,chunk_01,p001_softer_spotcheck,p001,softer,valid_1004_a_1.nii.gz,Br40f|Br60f,1,Arterial wall calcification,0.5413386225700378,0x1.152a560000000p-1
20260815T180544Z-f80be290,chunk_01,p001_softer_spotcheck,p001,softer,valid_1004_a_1.nii.gz,Br40f|Br60f,2,Cardiomegaly,0.48805537819862366,0x1.f3c4ca0000000p-2
20260815T180544Z-f80be290,chunk_01,p001_softer_spotcheck,p001,softer,valid_1004_a_1.nii.gz,Br40f|Br60f,3,Pericardial effusion,0.5681429505348206,0x1.22e3a20000000p-1
20260815T180544Z-f80be290,chunk_01,p001_softer_spotcheck,p001,softer,valid_1004_a_1.nii.gz,Br40f|Br60f,4,Coronary artery wall calcification,0.5618727207183838,0x1.1fadc80000000p-1
20260815T180544Z-f80be290,chunk_01,p001_softer_spotcheck,p001,softer,valid_1004_a_1.nii.gz,Br40f|Br60f,5,Hiatal hernia,0.5130965709686279,0x1.06b4980000000p-1
20260815T180544Z-f80be290,chunk_01,p001_softer_spotcheck,p001,softer,valid_1004_a_1.nii.gz,Br40f|Br60f,6,Lymphadenopathy,0.5424378514289856,0x1.15ba6a0000000p-1
20260815T180544Z-f80be290,chunk_01,p001_softer_spotcheck,p001,softer,valid_1004_a_1.nii.gz,Br40f|Br60f,7,Emphysema,0.5249944925308228,0x1.0ccc140000000p-1
20260815T180544Z-f80be290,chunk_01,p001_softer_spotcheck,p001,softer,valid_1004_a_1.nii.gz,Br40f|Br60f,8,Atelectasis,0.5304794907569885,0x1.0f9b020000000p-1
20260815T180544Z-f80be290,chunk_01,p001_softer_spotcheck,p001,softer,valid_1004_a_1.nii.gz,Br40f|Br60f,9,Lung nodule,0.5271278619766235,0x1.0de3b40000000p-1
20260815T180544Z-f80be290,chunk_01,p001_softer_spotcheck,p001,softer,valid_1004_a_1.nii.gz,Br40f|Br60f,10,Lung opacity,0.5074312090873718,0x1.03ce060000000p-1
20260815T180544Z-f80be290,chunk_01,p001_softer_spotcheck,p001,softer,valid_1004_a_1.nii.gz,Br40f|Br60f,11,Pulmonary fibrotic sequela,0.5477117300033569,0x1.186dac0000000p-1
20260815T180544Z-f80be290,chunk_01,p001_softer_spotcheck,p001,softer,valid_1004_a_1.nii.gz,Br40f|Br60f,12,Pleural effusion,0.46744874119758606,0x1.deaae20000000p-2
20260815T180544Z-f80be290,chunk_01,p001_softer_spotcheck,p001,softer,valid_1004_a_1.nii.gz,Br40f|Br60f,13,Mosaic attenuation pattern,0.5296174883842468,0x1.0f2a060000000p-1
20260815T180544Z-f80be290,chunk_01,p001_softer_spotcheck,p001,softer,valid_1004_a_1.nii.gz,Br40f|Br60f,14,Peribronchial thickening,0.5907067060470581,0x1.2e711c0000000p-1
20260815T180544Z-f80be290,chunk_01,p001_softer_spotcheck,p001,softer,valid_1004_a_1.nii.gz,Br40f|Br60f,15,Consolidation,0.526577353477478,0x1.0d9b8c0000000p-1
20260815T180544Z-f80be290,chunk_01,p001_softer_spotcheck,p001,softer,valid_1004_a_1.nii.gz,Br40f|Br60f,16,Bronchiectasis,0.5546408891677856,0x1.1bf9e40000000p-1
20260815T180544Z-f80be290,chunk_01,p001_softer_spotcheck,p001,softer,valid_1004_a_1.nii.gz,Br40f|Br60f,17,Interlobular septal thickening,0.49660924077033997,0x1.fc87220000000p-2
20260815T180544Z-f80be290,chunk_01,p001_sharper_spotcheck,p001,sharper,valid_1004_a_2.nii.gz,Br40f|Br60f,0,Medical material,0.5593186616897583,0x1.1e5f040000000p-1
20260815T180544Z-f80be290,chunk_01,p001_sharper_spotcheck,p001,sharper,valid_1004_a_2.nii.gz,Br40f|Br60f,1,Arterial wall calcification,0.5399004817008972,0x1.146dd60000000p-1
20260815T180544Z-f80be290,chunk_01,p001_sharper_spotcheck,p001,sharper,valid_1004_a_2.nii.gz,Br40f|Br60f,2,Cardiomegaly,0.4865250289440155,0x1.f2339e0000000p-2
20260815T180544Z-f80be290,chunk_01,p001_sharper_spotcheck,p001,sharper,valid_1004_a_2.nii.gz,Br40f|Br60f,3,Pericardial effusion,0.5621302723884583,0x1.1fcf8a0000000p-1
20260815T180544Z-f80be290,chunk_01,p001_sharper_spotcheck,p001,sharper,valid_1004_a_2.nii.gz,Br40f|Br60f,4,Coronary artery wall calcification,0.5595849752426147,0x1.1e81ec0000000p-1
20260815T180544Z-f80be290,chunk_01,p001_sharper_spotcheck,p001,sharper,valid_1004_a_2.nii.gz,Br40f|Br60f,5,Hiatal hernia,0.512567937374115,0x1.066f4e0000000p-1
20260815T180544Z-f80be290,chunk_01,p001_sharper_spotcheck,p001,sharper,valid_1004_a_2.nii.gz,Br40f|Br60f,6,Lymphadenopathy,0.5385419130325317,0x1.13bbc40000000p-1
20260815T180544Z-f80be290,chunk_01,p001_sharper_spotcheck,p001,sharper,valid_1004_a_2.nii.gz,Br40f|Br60f,7,Emphysema,0.5256870985031128,0x1.0d26dc0000000p-1
20260815T180544Z-f80be290,chunk_01,p001_sharper_spotcheck,p001,sharper,valid_1004_a_2.nii.gz,Br40f|Br60f,8,Atelectasis,0.528029203414917,0x1.0e59d80000000p-1
20260815T180544Z-f80be290,chunk_01,p001_sharper_spotcheck,p001,sharper,valid_1004_a_2.nii.gz,Br40f|Br60f,9,Lung nodule,0.5280095934867859,0x1.0e57460000000p-1
20260815T180544Z-f80be290,chunk_01,p001_sharper_spotcheck,p001,sharper,valid_1004_a_2.nii.gz,Br40f|Br60f,10,Lung opacity,0.5040073394775391,0x1.020d400000000p-1
20260815T180544Z-f80be290,chunk_01,p001_sharper_spotcheck,p001,sharper,valid_1004_a_2.nii.gz,Br40f|Br60f,11,Pulmonary fibrotic sequela,0.5487132668495178,0x1.18f0f20000000p-1
20260815T180544Z-f80be290,chunk_01,p001_sharper_spotcheck,p001,sharper,valid_1004_a_2.nii.gz,Br40f|Br60f,12,Pleural effusion,0.4604460597038269,0x1.d77f2c0000000p-2
20260815T180544Z-f80be290,chunk_01,p001_sharper_spotcheck,p001,sharper,valid_1004_a_2.nii.gz,Br40f|Br60f,13,Mosaic attenuation pattern,0.5291841626167297,0x1.0ef13a0000000p-1
20260815T180544Z-f80be290,chunk_01,p001_sharper_spotcheck,p001,sharper,valid_1004_a_2.nii.gz,Br40f|Br60f,14,Peribronchial thickening,0.5896790027618408,0x1.2dea680000000p-1
20260815T180544Z-f80be290,chunk_01,p001_sharper_spotcheck,p001,sharper,valid_1004_a_2.nii.gz,Br40f|Br60f,15,Consolidation,0.5204232335090637,0x1.0a74ea0000000p-1
20260815T180544Z-f80be290,chunk_01,p001_sharper_spotcheck,p001,sharper,valid_1004_a_2.nii.gz,Br40f|Br60f,16,Bronchiectasis,0.5552260279655457,0x1.1c46960000000p-1
20260815T180544Z-f80be290,chunk_01,p001_sharper_spotcheck,p001,sharper,valid_1004_a_2.nii.gz,Br40f|Br60f,17,Interlobular septal thickening,0.4935859739780426,0x1.f96e9a0000000p-2
